dataset,split,id,text,hard_label,soft_label_0,soft_label_1,annotator,annotator_label,num_annotations
ArMIS,train,1,النسويه يعني نصير رجل قولتك وبعدين اذا الوحده تبا تسرح وتمرح لازم تكون رجال,0,1.0,0.0,Ann1,0,3
ArMIS,train,1,النسويه يعني نصير رجل قولتك وبعدين اذا الوحده تبا تسرح وتمرح لازم تكون رجال,0,1.0,0.0,Ann2,0,3
ArMIS,train,1,النسويه يعني نصير رجل قولتك وبعدين اذا الوحده تبا تسرح وتمرح لازم تكون رجال,0,1.0,0.0,Ann3,0,3
ArMIS,train,2,هراء النسويات عمان والمتستر بتضخيم حالات العنف صدفة سلسلة حلقة بدأتها المنظمات الغربية اليسارية ... تقرير قناة الألمانية تدعم تخلف نسويات عمان ... عمان حاليا أصبحت هدف للمنظمات الغربية اليسارية,1,0.33,0.67,Ann1,1,3
ArMIS,train,2,هراء النسويات عمان والمتستر بتضخيم حالات العنف صدفة سلسلة حلقة بدأتها المنظمات الغربية اليسارية ... تقرير قناة الألمانية تدعم تخلف نسويات عمان ... عمان حاليا أصبحت هدف للمنظمات الغربية اليسارية,1,0.33,0.67,Ann2,0,3
ArMIS,train,2,هراء النسويات عمان والمتستر بتضخيم حالات العنف صدفة سلسلة حلقة بدأتها المنظمات الغربية اليسارية ... تقرير قناة الألمانية تدعم تخلف نسويات عمان ... عمان حاليا أصبحت هدف للمنظمات الغربية اليسارية,1,0.33,0.67,Ann3,1,3
ArMIS,train,3,بسبب انتشار الفكر النسوي القد ودعوة النسويات الانحلال والتبرج والسفور والعهر والرذيله والفواحش والتمرد والخروج والعمل المختلط ومزاحمة الشباب الطرقات والأزقة والمقاهي والمولات والأماكن العامة وهن عاريات سافرات منحلات جريئات يبدين زينتهن لكل ودب,1,0.0,1.0,Ann1,1,3
ArMIS,train,3,بسبب انتشار الفكر النسوي القد ودعوة النسويات الانحلال والتبرج والسفور والعهر والرذيله والفواحش والتمرد والخروج والعمل المختلط ومزاحمة الشباب الطرقات والأزقة والمقاهي والمولات والأماكن العامة وهن عاريات سافرات منحلات جريئات يبدين زينتهن لكل ودب,1,0.0,1.0,Ann2,1,3
ArMIS,train,3,بسبب انتشار الفكر النسوي القد ودعوة النسويات الانحلال والتبرج والسفور والعهر والرذيله والفواحش والتمرد والخروج والعمل المختلط ومزاحمة الشباب الطرقات والأزقة والمقاهي والمولات والأماكن العامة وهن عاريات سافرات منحلات جريئات يبدين زينتهن لكل ودب,1,0.0,1.0,Ann3,1,3
ArMIS,train,4,وقال تعالى الن الل احا الل تأملي هذة الأيه,0,1.0,0.0,Ann1,0,3
ArMIS,train,4,وقال تعالى الن الل احا الل تأملي هذة الأيه,0,1.0,0.0,Ann2,0,3
ArMIS,train,4,وقال تعالى الن الل احا الل تأملي هذة الأيه,0,1.0,0.0,Ann3,0,3
ArMIS,train,5,يعني السعوديات صايعات يتنقلو واحد للثاني,0,0.67,0.33,Ann1,0,3
ArMIS,train,5,يعني السعوديات صايعات يتنقلو واحد للثاني,0,0.67,0.33,Ann2,0,3
ArMIS,train,5,يعني السعوديات صايعات يتنقلو واحد للثاني,0,0.67,0.33,Ann3,1,3
ArMIS,train,6,ميقبلون سافرات بصورة عامة جامعات كربلاء لازم حجاب ولبس محتشم أبــد انصحج تداومين بكربلاء نجف,0,0.67,0.33,Ann1,0,3
ArMIS,train,6,ميقبلون سافرات بصورة عامة جامعات كربلاء لازم حجاب ولبس محتشم أبــد انصحج تداومين بكربلاء نجف,0,0.67,0.33,Ann2,0,3
ArMIS,train,6,ميقبلون سافرات بصورة عامة جامعات كربلاء لازم حجاب ولبس محتشم أبــد انصحج تداومين بكربلاء نجف,0,0.67,0.33,Ann3,1,3
ArMIS,train,7,ابلش بصياح الفسويات,1,0.33,0.67,Ann1,1,3
ArMIS,train,7,ابلش بصياح الفسويات,1,0.33,0.67,Ann2,0,3
ArMIS,train,7,ابلش بصياح الفسويات,1,0.33,0.67,Ann3,1,3
ArMIS,train,8,اجلد الفسويات والمتدثرات والمشهبات الرصاصيات امهات ركب سود حطبات جهنم ولاتبالي,1,0.0,1.0,Ann1,1,3
ArMIS,train,8,اجلد الفسويات والمتدثرات والمشهبات الرصاصيات امهات ركب سود حطبات جهنم ولاتبالي,1,0.0,1.0,Ann2,1,3
ArMIS,train,8,اجلد الفسويات والمتدثرات والمشهبات الرصاصيات امهات ركب سود حطبات جهنم ولاتبالي,1,0.0,1.0,Ann3,1,3
ArMIS,train,9,يوجد شخص خالط النساء فما بالك بعشرات النساء هاتفك حتما ستقع وستقع زنا الزنا اهون ادمان جنس مزي يجر الحياة يحطمك يلغيك يجعلك الهامش يدمر علاقتك الزوجية,1,0.0,1.0,Ann1,1,3
ArMIS,train,9,يوجد شخص خالط النساء فما بالك بعشرات النساء هاتفك حتما ستقع وستقع زنا الزنا اهون ادمان جنس مزي يجر الحياة يحطمك يلغيك يجعلك الهامش يدمر علاقتك الزوجية,1,0.0,1.0,Ann2,1,3
ArMIS,train,9,يوجد شخص خالط النساء فما بالك بعشرات النساء هاتفك حتما ستقع وستقع زنا الزنا اهون ادمان جنس مزي يجر الحياة يحطمك يلغيك يجعلك الهامش يدمر علاقتك الزوجية,1,0.0,1.0,Ann3,1,3
ArMIS,train,10,كلامعا وين الغلط ليش وقحات الفيمنيزيم انفلتوا هيك المرأه عمرها مارح تتساوى الرجل وعمرها مارح تنحط بنفس الكفه الرجل الله خلق المرأه لأشي معين والرجل لإشي معين والتنين بكملوا استغناء جنس معين فاهمه ليش مقرفات هيك شوفوا الريبلايز وهتعرفوا وقاحتهم,1,0.0,1.0,Ann1,1,3
ArMIS,train,10,كلامعا وين الغلط ليش وقحات الفيمنيزيم انفلتوا هيك المرأه عمرها مارح تتساوى الرجل وعمرها مارح تنحط بنفس الكفه الرجل الله خلق المرأه لأشي معين والرجل لإشي معين والتنين بكملوا استغناء جنس معين فاهمه ليش مقرفات هيك شوفوا الريبلايز وهتعرفوا وقاحتهم,1,0.0,1.0,Ann2,1,3
ArMIS,train,10,كلامعا وين الغلط ليش وقحات الفيمنيزيم انفلتوا هيك المرأه عمرها مارح تتساوى الرجل وعمرها مارح تنحط بنفس الكفه الرجل الله خلق المرأه لأشي معين والرجل لإشي معين والتنين بكملوا استغناء جنس معين فاهمه ليش مقرفات هيك شوفوا الريبلايز وهتعرفوا وقاحتهم,1,0.0,1.0,Ann3,1,3
ArMIS,train,11,الزواج التقليدي سبب عزوف اغلب الرجال النساء معا الحين صعب الواحد ياخذ براي امه لأن الأم معايير زواجها سمعة الزوج الزوجة الطيبة الناس اساسه تقرر الشي بنظر اغلبنا يدل انه الشخص المقدم الزواج تناسبني اخلاقياته معتقداته,0,1.0,0.0,Ann1,0,3
ArMIS,train,11,الزواج التقليدي سبب عزوف اغلب الرجال النساء معا الحين صعب الواحد ياخذ براي امه لأن الأم معايير زواجها سمعة الزوج الزوجة الطيبة الناس اساسه تقرر الشي بنظر اغلبنا يدل انه الشخص المقدم الزواج تناسبني اخلاقياته معتقداته,0,1.0,0.0,Ann2,0,3
ArMIS,train,11,الزواج التقليدي سبب عزوف اغلب الرجال النساء معا الحين صعب الواحد ياخذ براي امه لأن الأم معايير زواجها سمعة الزوج الزوجة الطيبة الناس اساسه تقرر الشي بنظر اغلبنا يدل انه الشخص المقدم الزواج تناسبني اخلاقياته معتقداته,0,1.0,0.0,Ann3,0,3
ArMIS,train,12,تعددت الأسباب لايحقلك تبررين ابدا ... الحمدلله عافانا ابتلاهم والله يجبر قلب زوجها ... النساء وخصوصا الزمن يستحقون كلمة امي ... والبعض يبيلهم حرق,1,0.0,1.0,Ann1,1,3
ArMIS,train,12,تعددت الأسباب لايحقلك تبررين ابدا ... الحمدلله عافانا ابتلاهم والله يجبر قلب زوجها ... النساء وخصوصا الزمن يستحقون كلمة امي ... والبعض يبيلهم حرق,1,0.0,1.0,Ann2,1,3
ArMIS,train,12,تعددت الأسباب لايحقلك تبررين ابدا ... الحمدلله عافانا ابتلاهم والله يجبر قلب زوجها ... النساء وخصوصا الزمن يستحقون كلمة امي ... والبعض يبيلهم حرق,1,0.0,1.0,Ann3,1,3
ArMIS,train,13,طلعو فاجرات الحلوات,1,0.33,0.67,Ann1,0,3
ArMIS,train,13,طلعو فاجرات الحلوات,1,0.33,0.67,Ann2,1,3
ArMIS,train,13,طلعو فاجرات الحلوات,1,0.33,0.67,Ann3,1,3
ArMIS,train,14,فعلا ليه معصبين نسويات انتو عندكم أسمى مهنه بالحياة المراه شغلتها انها تتكاثر,1,0.33,0.67,Ann1,1,3
ArMIS,train,14,فعلا ليه معصبين نسويات انتو عندكم أسمى مهنه بالحياة المراه شغلتها انها تتكاثر,1,0.33,0.67,Ann2,0,3
ArMIS,train,14,فعلا ليه معصبين نسويات انتو عندكم أسمى مهنه بالحياة المراه شغلتها انها تتكاثر,1,0.33,0.67,Ann3,1,3
ArMIS,train,15,النساء صاروا واليات حاكمات سفيرات ساتر تثقف دينك الملكة بلقيس ههه جهلة اخر زمن,0,1.0,0.0,Ann1,0,3
ArMIS,train,15,النساء صاروا واليات حاكمات سفيرات ساتر تثقف دينك الملكة بلقيس ههه جهلة اخر زمن,0,1.0,0.0,Ann2,0,3
ArMIS,train,15,النساء صاروا واليات حاكمات سفيرات ساتر تثقف دينك الملكة بلقيس ههه جهلة اخر زمن,0,1.0,0.0,Ann3,0,3
ArMIS,train,16,لاحظت الذكورين بدؤوا ياخذون منحنى متشدد وتكفيري يارجل واحد المغردين المشهورين بذكوريته خلى السعوديات فاسقات الملتزمة يقول انها فاسقة ماتظهر فسقها أغلب الذكوريين يشوفون احصائيات اجنبية المرأة ويقيسون باقي نساء العالم وهذا خطأ فادح,0,0.67,0.33,Ann1,0,3
ArMIS,train,16,لاحظت الذكورين بدؤوا ياخذون منحنى متشدد وتكفيري يارجل واحد المغردين المشهورين بذكوريته خلى السعوديات فاسقات الملتزمة يقول انها فاسقة ماتظهر فسقها أغلب الذكوريين يشوفون احصائيات اجنبية المرأة ويقيسون باقي نساء العالم وهذا خطأ فادح,0,0.67,0.33,Ann2,0,3
ArMIS,train,16,لاحظت الذكورين بدؤوا ياخذون منحنى متشدد وتكفيري يارجل واحد المغردين المشهورين بذكوريته خلى السعوديات فاسقات الملتزمة يقول انها فاسقة ماتظهر فسقها أغلب الذكوريين يشوفون احصائيات اجنبية المرأة ويقيسون باقي نساء العالم وهذا خطأ فادح,0,0.67,0.33,Ann3,1,3
ArMIS,train,17,فكره اللبنانيات اكثر نساء متسلطات أزواجهم ومتطلباتهم كثيره جدا ومسويات الزلم مكفخه تقبل تتزوج الا بيت وحدها أمه وياه تقبل يغرك الكلام المثالي المعسول,1,0.33,0.67,Ann1,1,3
ArMIS,train,17,فكره اللبنانيات اكثر نساء متسلطات أزواجهم ومتطلباتهم كثيره جدا ومسويات الزلم مكفخه تقبل تتزوج الا بيت وحدها أمه وياه تقبل يغرك الكلام المثالي المعسول,1,0.33,0.67,Ann2,0,3
ArMIS,train,17,فكره اللبنانيات اكثر نساء متسلطات أزواجهم ومتطلباتهم كثيره جدا ومسويات الزلم مكفخه تقبل تتزوج الا بيت وحدها أمه وياه تقبل يغرك الكلام المثالي المعسول,1,0.33,0.67,Ann3,1,3
ArMIS,train,18,النساء والله تسوى رجال مشكلة الحرمه انها مهمشه زمن طويل الان تغير الوضع وصارت قياديه فكر ومال ومشوره,0,1.0,0.0,Ann1,0,3
ArMIS,train,18,النساء والله تسوى رجال مشكلة الحرمه انها مهمشه زمن طويل الان تغير الوضع وصارت قياديه فكر ومال ومشوره,0,1.0,0.0,Ann2,0,3
ArMIS,train,18,النساء والله تسوى رجال مشكلة الحرمه انها مهمشه زمن طويل الان تغير الوضع وصارت قياديه فكر ومال ومشوره,0,1.0,0.0,Ann3,0,3
ArMIS,train,19,ناقصات عقل الدين عشان شهادة المحكمة الدورة اغلب اهل نار بسبب عدد اناث الارض اكثر اهل الجنة الجنة تحت ارجلنا احنا سبب ادخال اهالينا الجنة سواء امهات اطفال الموت تسوي شريف المصايب كلها جاية منكم الجنة محكورة عليكم فوق انك ناقص دين كمان,0,1.0,0.0,Ann1,0,3
ArMIS,train,19,ناقصات عقل الدين عشان شهادة المحكمة الدورة اغلب اهل نار بسبب عدد اناث الارض اكثر اهل الجنة الجنة تحت ارجلنا احنا سبب ادخال اهالينا الجنة سواء امهات اطفال الموت تسوي شريف المصايب كلها جاية منكم الجنة محكورة عليكم فوق انك ناقص دين كمان,0,1.0,0.0,Ann2,0,3
ArMIS,train,19,ناقصات عقل الدين عشان شهادة المحكمة الدورة اغلب اهل نار بسبب عدد اناث الارض اكثر اهل الجنة الجنة تحت ارجلنا احنا سبب ادخال اهالينا الجنة سواء امهات اطفال الموت تسوي شريف المصايب كلها جاية منكم الجنة محكورة عليكم فوق انك ناقص دين كمان,0,1.0,0.0,Ann3,0,3
ArMIS,train,20,اعشق المرأة المتحررة واهوى ترويض جموحها,0,1.0,0.0,Ann1,0,3
ArMIS,train,20,اعشق المرأة المتحررة واهوى ترويض جموحها,0,1.0,0.0,Ann2,0,3
ArMIS,train,20,اعشق المرأة المتحررة واهوى ترويض جموحها,0,1.0,0.0,Ann3,0,3
ArMIS,train,21,النسويه طائفه وحركه الحاديه اصلها الليبراليه اقرئي التاريخ,1,0.33,0.67,Ann1,1,3
ArMIS,train,21,النسويه طائفه وحركه الحاديه اصلها الليبراليه اقرئي التاريخ,1,0.33,0.67,Ann2,0,3
ArMIS,train,21,النسويه طائفه وحركه الحاديه اصلها الليبراليه اقرئي التاريخ,1,0.33,0.67,Ann3,1,3
ArMIS,train,22,والله هالحريم ناقصات عقل ودين مايعرفون الرجل اذا امتهن الطبخ سيعزف الزواج مشكله لازم نحلها ونحط هالشيء مناهجنا ضروري واللي تخالفنا متدثره خسيسه حقيره واضحه وصريحه صحيح يالحربي,1,0.0,1.0,Ann1,1,3
ArMIS,train,22,والله هالحريم ناقصات عقل ودين مايعرفون الرجل اذا امتهن الطبخ سيعزف الزواج مشكله لازم نحلها ونحط هالشيء مناهجنا ضروري واللي تخالفنا متدثره خسيسه حقيره واضحه وصريحه صحيح يالحربي,1,0.0,1.0,Ann2,1,3
ArMIS,train,22,والله هالحريم ناقصات عقل ودين مايعرفون الرجل اذا امتهن الطبخ سيعزف الزواج مشكله لازم نحلها ونحط هالشيء مناهجنا ضروري واللي تخالفنا متدثره خسيسه حقيره واضحه وصريحه صحيح يالحربي,1,0.0,1.0,Ann3,1,3
ArMIS,train,23,والله المشكله الاغبياء الشباب يسوون وبعدين المريضات النسويات يجون ويقولون العيال والعيال يلعن وجه اللي علمهم العيال منهم الا البلاء ياحبيبتي انت وهي ترى الرجال كنت عايشه بامن وامان شغلو عقلكم تكفون العيال خرا ذول,1,0.0,1.0,Ann1,1,3
ArMIS,train,23,والله المشكله الاغبياء الشباب يسوون وبعدين المريضات النسويات يجون ويقولون العيال والعيال يلعن وجه اللي علمهم العيال منهم الا البلاء ياحبيبتي انت وهي ترى الرجال كنت عايشه بامن وامان شغلو عقلكم تكفون العيال خرا ذول,1,0.0,1.0,Ann2,1,3
ArMIS,train,23,والله المشكله الاغبياء الشباب يسوون وبعدين المريضات النسويات يجون ويقولون العيال والعيال يلعن وجه اللي علمهم العيال منهم الا البلاء ياحبيبتي انت وهي ترى الرجال كنت عايشه بامن وامان شغلو عقلكم تكفون العيال خرا ذول,1,0.0,1.0,Ann3,1,3
ArMIS,train,24,لكل مرأة تجعلي حياتك رهن صاحباتك زميلاتك اخواتك قريباتك حسابات نسوية الله امرك بتغطية جسدك ووجهك بالنص القرآني سورة النور التحجج باختلاف المذاهب يجيز ابطال قرآني صريح يأمرك بتغطية وجهك,0,1.0,0.0,Ann1,0,3
ArMIS,train,24,لكل مرأة تجعلي حياتك رهن صاحباتك زميلاتك اخواتك قريباتك حسابات نسوية الله امرك بتغطية جسدك ووجهك بالنص القرآني سورة النور التحجج باختلاف المذاهب يجيز ابطال قرآني صريح يأمرك بتغطية وجهك,0,1.0,0.0,Ann2,0,3
ArMIS,train,24,لكل مرأة تجعلي حياتك رهن صاحباتك زميلاتك اخواتك قريباتك حسابات نسوية الله امرك بتغطية جسدك ووجهك بالنص القرآني سورة النور التحجج باختلاف المذاهب يجيز ابطال قرآني صريح يأمرك بتغطية وجهك,0,1.0,0.0,Ann3,0,3
ArMIS,train,25,المغاربه اللى بيتكلموا بنات مصر ههه عجبت يازمن طيب اللى بيتريق بنات مصر يروح يلم لحمه وعرضه شوارع أوروبا ومصر والخليج ومش عايز اقول اكتر كدا وماحدش حكالى شوفتهم بعينى,1,0.33,0.67,Ann1,1,3
ArMIS,train,25,المغاربه اللى بيتكلموا بنات مصر ههه عجبت يازمن طيب اللى بيتريق بنات مصر يروح يلم لحمه وعرضه شوارع أوروبا ومصر والخليج ومش عايز اقول اكتر كدا وماحدش حكالى شوفتهم بعينى,1,0.33,0.67,Ann2,0,3
ArMIS,train,25,المغاربه اللى بيتكلموا بنات مصر ههه عجبت يازمن طيب اللى بيتريق بنات مصر يروح يلم لحمه وعرضه شوارع أوروبا ومصر والخليج ومش عايز اقول اكتر كدا وماحدش حكالى شوفتهم بعينى,1,0.33,0.67,Ann3,1,3
ArMIS,train,26,النكد صفه النساء فقط صمت وتقطيب وجه ومع يحرق قلب الرجل,0,0.67,0.33,Ann1,1,3
ArMIS,train,26,النكد صفه النساء فقط صمت وتقطيب وجه ومع يحرق قلب الرجل,0,0.67,0.33,Ann2,0,3
ArMIS,train,26,النكد صفه النساء فقط صمت وتقطيب وجه ومع يحرق قلب الرجل,0,0.67,0.33,Ann3,0,3
ArMIS,train,27,اله الا الله شدخل النسويه الحين مين قال اني نسويه,0,1.0,0.0,Ann1,0,3
ArMIS,train,27,اله الا الله شدخل النسويه الحين مين قال اني نسويه,0,1.0,0.0,Ann2,0,3
ArMIS,train,27,اله الا الله شدخل النسويه الحين مين قال اني نسويه,0,1.0,0.0,Ann3,0,3
ArMIS,train,28,ويقولو ليه تصيرون نسويات,0,1.0,0.0,Ann1,0,3
ArMIS,train,28,ويقولو ليه تصيرون نسويات,0,1.0,0.0,Ann2,0,3
ArMIS,train,28,ويقولو ليه تصيرون نسويات,0,1.0,0.0,Ann3,0,3
ArMIS,train,29,كانت مبسوطةلكن نكدوا عليها الله ينكد عليهم يدمر النساء النساء,1,0.33,0.67,Ann1,1,3
ArMIS,train,29,كانت مبسوطةلكن نكدوا عليها الله ينكد عليهم يدمر النساء النساء,1,0.33,0.67,Ann2,1,3
ArMIS,train,29,كانت مبسوطةلكن نكدوا عليها الله ينكد عليهم يدمر النساء النساء,1,0.33,0.67,Ann3,0,3
ArMIS,train,30,العلاقة المرأة والرجل تكاملية تنافسية,0,1.0,0.0,Ann1,0,3
ArMIS,train,30,العلاقة المرأة والرجل تكاملية تنافسية,0,1.0,0.0,Ann2,0,3
ArMIS,train,30,العلاقة المرأة والرجل تكاملية تنافسية,0,1.0,0.0,Ann3,0,3
ArMIS,train,31,ولإن الأنثى الأنوثة الغير حديثة-مفاهيم بسيادة النظام الأبوي وبالاختلاف الفطري الذكر والأنثى-في قاموس النسويات تمييز جنسي وجب محاربته-تم رفض الاعتراف كونه إحدى الأسلحة الم شهرة النسوية فهم النقد النسوية بالفعل وبشهادة أهلها حرب الفطرة,0,0.67,0.33,Ann1,1,3
ArMIS,train,31,ولإن الأنثى الأنوثة الغير حديثة-مفاهيم بسيادة النظام الأبوي وبالاختلاف الفطري الذكر والأنثى-في قاموس النسويات تمييز جنسي وجب محاربته-تم رفض الاعتراف كونه إحدى الأسلحة الم شهرة النسوية فهم النقد النسوية بالفعل وبشهادة أهلها حرب الفطرة,0,0.67,0.33,Ann2,0,3
ArMIS,train,31,ولإن الأنثى الأنوثة الغير حديثة-مفاهيم بسيادة النظام الأبوي وبالاختلاف الفطري الذكر والأنثى-في قاموس النسويات تمييز جنسي وجب محاربته-تم رفض الاعتراف كونه إحدى الأسلحة الم شهرة النسوية فهم النقد النسوية بالفعل وبشهادة أهلها حرب الفطرة,0,0.67,0.33,Ann3,0,3
ArMIS,train,32,يشمل القبض فاسدات وسائل التواصل مروجات العهر والدعارة,1,0.0,1.0,Ann1,1,3
ArMIS,train,32,يشمل القبض فاسدات وسائل التواصل مروجات العهر والدعارة,1,0.0,1.0,Ann2,1,3
ArMIS,train,32,يشمل القبض فاسدات وسائل التواصل مروجات العهر والدعارة,1,0.0,1.0,Ann3,1,3
ArMIS,train,33,ملاكي ملاكي محتاجه حمد وثناء ممكن تطلعي اسي وتعملي كدا ومين عندو درايه انو ربنا ماعاوز يشاقي عبد عبادو وراك لانو الخلقيك ويعلم تكونين سبحان الله ناقصات عقل ودين حقيقه,1,0.0,1.0,Ann1,1,3
ArMIS,train,33,ملاكي ملاكي محتاجه حمد وثناء ممكن تطلعي اسي وتعملي كدا ومين عندو درايه انو ربنا ماعاوز يشاقي عبد عبادو وراك لانو الخلقيك ويعلم تكونين سبحان الله ناقصات عقل ودين حقيقه,1,0.0,1.0,Ann2,1,3
ArMIS,train,33,ملاكي ملاكي محتاجه حمد وثناء ممكن تطلعي اسي وتعملي كدا ومين عندو درايه انو ربنا ماعاوز يشاقي عبد عبادو وراك لانو الخلقيك ويعلم تكونين سبحان الله ناقصات عقل ودين حقيقه,1,0.0,1.0,Ann3,1,3
ArMIS,train,34,تراني كنت نسويه الانستقرام اغرب شيء كنت اناقش بحساب امي امي ساكته متحمله,0,1.0,0.0,Ann1,0,3
ArMIS,train,34,تراني كنت نسويه الانستقرام اغرب شيء كنت اناقش بحساب امي امي ساكته متحمله,0,1.0,0.0,Ann2,0,3
ArMIS,train,34,تراني كنت نسويه الانستقرام اغرب شيء كنت اناقش بحساب امي امي ساكته متحمله,0,1.0,0.0,Ann3,0,3
ArMIS,train,35,عبيد الفلبن اغلبهن نسويات كلهن قذرات,1,0.0,1.0,Ann1,1,3
ArMIS,train,35,عبيد الفلبن اغلبهن نسويات كلهن قذرات,1,0.0,1.0,Ann2,1,3
ArMIS,train,35,عبيد الفلبن اغلبهن نسويات كلهن قذرات,1,0.0,1.0,Ann3,1,3
ArMIS,train,36,المرأة أوروبا تتعرض للعنف والاغتصاب بشكل كبير ولكنهم يحاولون التستر علي الموضوع وطمس الحقيقة ينطلقون لمهاجمة الإسلام ويتهمونه بالارهاب وبالعنف المرأة وبأن الحجاب نوع أنواع العنف ضدها,0,1.0,0.0,Ann1,0,3
ArMIS,train,36,المرأة أوروبا تتعرض للعنف والاغتصاب بشكل كبير ولكنهم يحاولون التستر علي الموضوع وطمس الحقيقة ينطلقون لمهاجمة الإسلام ويتهمونه بالارهاب وبالعنف المرأة وبأن الحجاب نوع أنواع العنف ضدها,0,1.0,0.0,Ann2,0,3
ArMIS,train,36,المرأة أوروبا تتعرض للعنف والاغتصاب بشكل كبير ولكنهم يحاولون التستر علي الموضوع وطمس الحقيقة ينطلقون لمهاجمة الإسلام ويتهمونه بالارهاب وبالعنف المرأة وبأن الحجاب نوع أنواع العنف ضدها,0,1.0,0.0,Ann3,0,3
ArMIS,train,37,المرأة وليس النسويات,0,1.0,0.0,Ann1,0,3
ArMIS,train,37,المرأة وليس النسويات,0,1.0,0.0,Ann2,0,3
ArMIS,train,37,المرأة وليس النسويات,0,1.0,0.0,Ann3,0,3
ArMIS,train,38,الله ياخذ عقليه متخلفه مثلك وشرواك طيب انت احذف البرامج اللي تظهر النساء اقولك بلاش تاخذ جوال اصلا,0,1.0,0.0,Ann1,0,3
ArMIS,train,38,الله ياخذ عقليه متخلفه مثلك وشرواك طيب انت احذف البرامج اللي تظهر النساء اقولك بلاش تاخذ جوال اصلا,0,1.0,0.0,Ann2,0,3
ArMIS,train,38,الله ياخذ عقليه متخلفه مثلك وشرواك طيب انت احذف البرامج اللي تظهر النساء اقولك بلاش تاخذ جوال اصلا,0,1.0,0.0,Ann3,0,3
ArMIS,train,39,القضية علاقة بالشافعي ... كانت إمامة المراة جائزة لكانت عائشة اول إمامة الإسلام الأقل بمثيلاتها النساء يحدث زمن رسول الله بعده شروط الإمامة الذكورة ... فمادخل الشافعي والحنبلي وعبو العايدي الموضوع,0,1.0,0.0,Ann1,0,3
ArMIS,train,39,القضية علاقة بالشافعي ... كانت إمامة المراة جائزة لكانت عائشة اول إمامة الإسلام الأقل بمثيلاتها النساء يحدث زمن رسول الله بعده شروط الإمامة الذكورة ... فمادخل الشافعي والحنبلي وعبو العايدي الموضوع,0,1.0,0.0,Ann2,0,3
ArMIS,train,39,القضية علاقة بالشافعي ... كانت إمامة المراة جائزة لكانت عائشة اول إمامة الإسلام الأقل بمثيلاتها النساء يحدث زمن رسول الله بعده شروط الإمامة الذكورة ... فمادخل الشافعي والحنبلي وعبو العايدي الموضوع,0,1.0,0.0,Ann3,0,3
ArMIS,train,40,ىىىرموط كيفي عاجبني قال فاجرات قال,0,1.0,0.0,Ann1,0,3
ArMIS,train,40,ىىىرموط كيفي عاجبني قال فاجرات قال,0,1.0,0.0,Ann2,0,3
ArMIS,train,40,ىىىرموط كيفي عاجبني قال فاجرات قال,0,1.0,0.0,Ann3,0,3
ArMIS,train,41,ناقصات عقل لأن مهمتها عاطفيه شغال عقلها زين تحكمها عاطفتها بخصوص الدين ناقصات دين لأن الرجل مكلف دينيا اكثر والصلاه مثال لأن تتعب الحمل والحيض ولها الاجر ناقصات دين وليسوا ناقصات ثواب واجرر تتحاسب اللي تكلفت الشيخ الشعراوي,0,1.0,0.0,Ann1,0,3
ArMIS,train,41,ناقصات عقل لأن مهمتها عاطفيه شغال عقلها زين تحكمها عاطفتها بخصوص الدين ناقصات دين لأن الرجل مكلف دينيا اكثر والصلاه مثال لأن تتعب الحمل والحيض ولها الاجر ناقصات دين وليسوا ناقصات ثواب واجرر تتحاسب اللي تكلفت الشيخ الشعراوي,0,1.0,0.0,Ann2,0,3
ArMIS,train,41,ناقصات عقل لأن مهمتها عاطفيه شغال عقلها زين تحكمها عاطفتها بخصوص الدين ناقصات دين لأن الرجل مكلف دينيا اكثر والصلاه مثال لأن تتعب الحمل والحيض ولها الاجر ناقصات دين وليسوا ناقصات ثواب واجرر تتحاسب اللي تكلفت الشيخ الشعراوي,0,1.0,0.0,Ann3,0,3
ArMIS,train,42,عشر ملايين للي يتزوج وحدة ثانية تحس نفسك عايش بمزاد وكل هالسوالف واذا نحكي كلمة هاا نسويات دمرونا اوع,0,0.67,0.33,Ann1,0,3
ArMIS,train,42,عشر ملايين للي يتزوج وحدة ثانية تحس نفسك عايش بمزاد وكل هالسوالف واذا نحكي كلمة هاا نسويات دمرونا اوع,0,0.67,0.33,Ann2,0,3
ArMIS,train,42,عشر ملايين للي يتزوج وحدة ثانية تحس نفسك عايش بمزاد وكل هالسوالف واذا نحكي كلمة هاا نسويات دمرونا اوع,0,0.67,0.33,Ann3,1,3
ArMIS,train,43,حصحص تنمرت اللي يستاهل التنمر بنات رخيصات ينزلون صورهم اكيد بتحيهم انتقادات كثيره تنمر,1,0.0,1.0,Ann1,1,3
ArMIS,train,43,حصحص تنمرت اللي يستاهل التنمر بنات رخيصات ينزلون صورهم اكيد بتحيهم انتقادات كثيره تنمر,1,0.0,1.0,Ann2,1,3
ArMIS,train,43,حصحص تنمرت اللي يستاهل التنمر بنات رخيصات ينزلون صورهم اكيد بتحيهم انتقادات كثيره تنمر,1,0.0,1.0,Ann3,1,3
ArMIS,train,44,خلاص يلعن ابو النسويات زودو امها والله ويقعدو يعممو وبعدين بعقلك بينيك بسه قحيب,1,0.0,1.0,Ann1,1,3
ArMIS,train,44,خلاص يلعن ابو النسويات زودو امها والله ويقعدو يعممو وبعدين بعقلك بينيك بسه قحيب,1,0.0,1.0,Ann2,1,3
ArMIS,train,44,خلاص يلعن ابو النسويات زودو امها والله ويقعدو يعممو وبعدين بعقلك بينيك بسه قحيب,1,0.0,1.0,Ann3,1,3
ArMIS,train,45,زيها كثير مسوين متمردات يبغالها فقط ديب ثروت ووضعها بيتعدل لاكن محد يتنازل للاسف,1,0.33,0.67,Ann1,1,3
ArMIS,train,45,زيها كثير مسوين متمردات يبغالها فقط ديب ثروت ووضعها بيتعدل لاكن محد يتنازل للاسف,1,0.33,0.67,Ann2,0,3
ArMIS,train,45,زيها كثير مسوين متمردات يبغالها فقط ديب ثروت ووضعها بيتعدل لاكن محد يتنازل للاسف,1,0.33,0.67,Ann3,1,3
ArMIS,train,46,المهم طلعنا الرحلة قلنا نبي مطعم جوعانين جان تزفنا وقالت انتوا صايعات تبون تروحون المطعم عشان الشباب يغازلونكم قلنا خلاص درايف ثرو ماننزل جان تقول ايه عشان تجمعون علي الشباب حوالين الباص كانت مريييضة ومعقدة الله يعين عيالها عليها,0,0.67,0.33,Ann1,1,3
ArMIS,train,46,المهم طلعنا الرحلة قلنا نبي مطعم جوعانين جان تزفنا وقالت انتوا صايعات تبون تروحون المطعم عشان الشباب يغازلونكم قلنا خلاص درايف ثرو ماننزل جان تقول ايه عشان تجمعون علي الشباب حوالين الباص كانت مريييضة ومعقدة الله يعين عيالها عليها,0,0.67,0.33,Ann2,0,3
ArMIS,train,46,المهم طلعنا الرحلة قلنا نبي مطعم جوعانين جان تزفنا وقالت انتوا صايعات تبون تروحون المطعم عشان الشباب يغازلونكم قلنا خلاص درايف ثرو ماننزل جان تقول ايه عشان تجمعون علي الشباب حوالين الباص كانت مريييضة ومعقدة الله يعين عيالها عليها,0,0.67,0.33,Ann3,0,3
ArMIS,train,47,ايريدون وطن ضفاف نهر دجلة ساقطات فاسدات,1,0.0,1.0,Ann1,1,3
ArMIS,train,47,ايريدون وطن ضفاف نهر دجلة ساقطات فاسدات,1,0.0,1.0,Ann2,1,3
ArMIS,train,47,ايريدون وطن ضفاف نهر دجلة ساقطات فاسدات,1,0.0,1.0,Ann3,1,3
ArMIS,train,48,واغلب المعرفات سعوديه خارج الوطن الشريف النسويات اخلاق دين قذرات خربو بيوت وفرقو ازواج,1,0.0,1.0,Ann1,1,3
ArMIS,train,48,واغلب المعرفات سعوديه خارج الوطن الشريف النسويات اخلاق دين قذرات خربو بيوت وفرقو ازواج,1,0.0,1.0,Ann2,1,3
ArMIS,train,48,واغلب المعرفات سعوديه خارج الوطن الشريف النسويات اخلاق دين قذرات خربو بيوت وفرقو ازواج,1,0.0,1.0,Ann3,1,3
ArMIS,train,49,وربي رخيصات قرف مقرفين,1,0.0,1.0,Ann1,1,3
ArMIS,train,49,وربي رخيصات قرف مقرفين,1,0.0,1.0,Ann2,1,3
ArMIS,train,49,وربي رخيصات قرف مقرفين,1,0.0,1.0,Ann3,1,3
ArMIS,train,50,فيك تعطي رايك برسمة بمسلسل سطفل العنف المرأة بشيء يعطى الرأي,0,1.0,0.0,Ann1,0,3
ArMIS,train,50,فيك تعطي رايك برسمة بمسلسل سطفل العنف المرأة بشيء يعطى الرأي,0,1.0,0.0,Ann2,0,3
ArMIS,train,50,فيك تعطي رايك برسمة بمسلسل سطفل العنف المرأة بشيء يعطى الرأي,0,1.0,0.0,Ann3,0,3
ArMIS,train,51,الححش ال7مار كانت امها تقول البنات اللي يكشفوا وجوههم فاسدات ايش تتوقعي بنتها تطلع,0,0.67,0.33,Ann1,1,3
ArMIS,train,51,الححش ال7مار كانت امها تقول البنات اللي يكشفوا وجوههم فاسدات ايش تتوقعي بنتها تطلع,0,0.67,0.33,Ann2,0,3
ArMIS,train,51,الححش ال7مار كانت امها تقول البنات اللي يكشفوا وجوههم فاسدات ايش تتوقعي بنتها تطلع,0,0.67,0.33,Ann3,0,3
ArMIS,train,52,تريدون النساء رخيصات عاريات فلتكن امهاتكم واخواتكم ولتكونو انتم ذكورا رجال مثلكم كمثل الخراف نريدهم عزيزات مستورات ستر الله امهاتنا واخواتنا الدنيا والأخرة انتم تجعلون نسائكم سلعه وعرضة للعادى والبادى فرجال يكون لنسائنا,1,0.0,1.0,Ann1,1,3
ArMIS,train,52,تريدون النساء رخيصات عاريات فلتكن امهاتكم واخواتكم ولتكونو انتم ذكورا رجال مثلكم كمثل الخراف نريدهم عزيزات مستورات ستر الله امهاتنا واخواتنا الدنيا والأخرة انتم تجعلون نسائكم سلعه وعرضة للعادى والبادى فرجال يكون لنسائنا,1,0.0,1.0,Ann2,1,3
ArMIS,train,52,تريدون النساء رخيصات عاريات فلتكن امهاتكم واخواتكم ولتكونو انتم ذكورا رجال مثلكم كمثل الخراف نريدهم عزيزات مستورات ستر الله امهاتنا واخواتنا الدنيا والأخرة انتم تجعلون نسائكم سلعه وعرضة للعادى والبادى فرجال يكون لنسائنا,1,0.0,1.0,Ann3,1,3
ArMIS,train,53,مشكله اللي مايعرف يسولف ويبي يفتح سالفه سالفه يقاله فاهم يقولك البنت لبنانيه وتقول تجنيس وبعدين اسطوانة بناتنا ملائكة وبنات الدول الثانيه فاسقات انتهت موضتها وصارت سخيفه,0,1.0,0.0,Ann1,0,3
ArMIS,train,53,مشكله اللي مايعرف يسولف ويبي يفتح سالفه سالفه يقاله فاهم يقولك البنت لبنانيه وتقول تجنيس وبعدين اسطوانة بناتنا ملائكة وبنات الدول الثانيه فاسقات انتهت موضتها وصارت سخيفه,0,1.0,0.0,Ann2,0,3
ArMIS,train,53,مشكله اللي مايعرف يسولف ويبي يفتح سالفه سالفه يقاله فاهم يقولك البنت لبنانيه وتقول تجنيس وبعدين اسطوانة بناتنا ملائكة وبنات الدول الثانيه فاسقات انتهت موضتها وصارت سخيفه,0,1.0,0.0,Ann3,0,3
ArMIS,train,54,الفسويات فيهم غباء,1,0.0,1.0,Ann1,1,3
ArMIS,train,54,الفسويات فيهم غباء,1,0.0,1.0,Ann2,1,3
ArMIS,train,54,الفسويات فيهم غباء,1,0.0,1.0,Ann3,1,3
ArMIS,train,55,ههه ههه علي بالحرام رسميا ناقصات عقل ودين رسميا ههه,1,0.0,1.0,Ann1,1,3
ArMIS,train,55,ههه ههه علي بالحرام رسميا ناقصات عقل ودين رسميا ههه,1,0.0,1.0,Ann2,1,3
ArMIS,train,55,ههه ههه علي بالحرام رسميا ناقصات عقل ودين رسميا ههه,1,0.0,1.0,Ann3,1,3
ArMIS,train,56,حرق . بداية الفصل القادم أيتها اللعنة نوعك المفضل النساء السؤال يبدأ الجلد,1,0.0,1.0,Ann1,1,3
ArMIS,train,56,حرق . بداية الفصل القادم أيتها اللعنة نوعك المفضل النساء السؤال يبدأ الجلد,1,0.0,1.0,Ann2,1,3
ArMIS,train,56,حرق . بداية الفصل القادم أيتها اللعنة نوعك المفضل النساء السؤال يبدأ الجلد,1,0.0,1.0,Ann3,1,3
ArMIS,train,57,الاسلام أعطى المرأة حقها الكثيرون لايريدون سماع مثل الكلام يريدون يعاب الاسلام ويدموه وان ينفر الناس بدعأت باطلة _شقائق 21/10 2020,0,0.67,0.33,Ann1,0,3
ArMIS,train,57,الاسلام أعطى المرأة حقها الكثيرون لايريدون سماع مثل الكلام يريدون يعاب الاسلام ويدموه وان ينفر الناس بدعأت باطلة _شقائق 21/10 2020,0,0.67,0.33,Ann2,0,3
ArMIS,train,57,الاسلام أعطى المرأة حقها الكثيرون لايريدون سماع مثل الكلام يريدون يعاب الاسلام ويدموه وان ينفر الناس بدعأت باطلة _شقائق 21/10 2020,0,0.67,0.33,Ann3,1,3
ArMIS,train,58,نسوان ستات بنات مدامات هوانم اوانس عوانس ارامل محجبات سافرات متزوجات مطلقات وانت اولهن,0,0.67,0.33,Ann1,0,3
ArMIS,train,58,نسوان ستات بنات مدامات هوانم اوانس عوانس ارامل محجبات سافرات متزوجات مطلقات وانت اولهن,0,0.67,0.33,Ann2,0,3
ArMIS,train,58,نسوان ستات بنات مدامات هوانم اوانس عوانس ارامل محجبات سافرات متزوجات مطلقات وانت اولهن,0,0.67,0.33,Ann3,1,3
ArMIS,train,59,ناقصات عقل يعني بتتعامل بالعاطفه يعني معاك طفل بيبكي هتستحمله بكل حياته كراجل ممكن يزهق دقيقه نقطة دين اكيد يعني زوجتك اختك بيكون عندها ظروف تمنعها انها تصوم أوقات معينه عارف ايه الظروف تبقي انت فعلا انسان مريض,0,1.0,0.0,Ann1,0,3
ArMIS,train,59,ناقصات عقل يعني بتتعامل بالعاطفه يعني معاك طفل بيبكي هتستحمله بكل حياته كراجل ممكن يزهق دقيقه نقطة دين اكيد يعني زوجتك اختك بيكون عندها ظروف تمنعها انها تصوم أوقات معينه عارف ايه الظروف تبقي انت فعلا انسان مريض,0,1.0,0.0,Ann2,0,3
ArMIS,train,59,ناقصات عقل يعني بتتعامل بالعاطفه يعني معاك طفل بيبكي هتستحمله بكل حياته كراجل ممكن يزهق دقيقه نقطة دين اكيد يعني زوجتك اختك بيكون عندها ظروف تمنعها انها تصوم أوقات معينه عارف ايه الظروف تبقي انت فعلا انسان مريض,0,1.0,0.0,Ann3,0,3
ArMIS,train,60,هاي النقطة الدين الإسلامي حفظ حقوق المرأة قبل قرون طلعة الفيمينست انا بحترم اشياء بيعملوها الفيمينست كمان انت لازم تحترم الاشياء الي انا معها,0,1.0,0.0,Ann1,0,3
ArMIS,train,60,هاي النقطة الدين الإسلامي حفظ حقوق المرأة قبل قرون طلعة الفيمينست انا بحترم اشياء بيعملوها الفيمينست كمان انت لازم تحترم الاشياء الي انا معها,0,1.0,0.0,Ann2,0,3
ArMIS,train,60,هاي النقطة الدين الإسلامي حفظ حقوق المرأة قبل قرون طلعة الفيمينست انا بحترم اشياء بيعملوها الفيمينست كمان انت لازم تحترم الاشياء الي انا معها,0,1.0,0.0,Ann3,0,3
ArMIS,train,61,ومافيك تنكرين الفروق الرجل والمرأة وعلى الانسان الواعي العاقل يكون مدرك لهذا الأمر مكان وزمان وطبع يبت المعلومه فهو لأمرين جهل وتصديقين لكلام وتطبيل النسويه الفاضي وإما تكبر وإعراض,0,0.67,0.33,Ann1,1,3
ArMIS,train,61,ومافيك تنكرين الفروق الرجل والمرأة وعلى الانسان الواعي العاقل يكون مدرك لهذا الأمر مكان وزمان وطبع يبت المعلومه فهو لأمرين جهل وتصديقين لكلام وتطبيل النسويه الفاضي وإما تكبر وإعراض,0,0.67,0.33,Ann2,0,3
ArMIS,train,61,ومافيك تنكرين الفروق الرجل والمرأة وعلى الانسان الواعي العاقل يكون مدرك لهذا الأمر مكان وزمان وطبع يبت المعلومه فهو لأمرين جهل وتصديقين لكلام وتطبيل النسويه الفاضي وإما تكبر وإعراض,0,0.67,0.33,Ann3,0,3
ArMIS,train,62,العنف الاجتماعي تزايد ارتفاع الجرائم النساء 153 جريمة خلال آخر أشهر مقابل 116 جريمة أول أشهر عام 2020 ينتهي العنف المرأة,0,1.0,0.0,Ann1,0,3
ArMIS,train,62,العنف الاجتماعي تزايد ارتفاع الجرائم النساء 153 جريمة خلال آخر أشهر مقابل 116 جريمة أول أشهر عام 2020 ينتهي العنف المرأة,0,1.0,0.0,Ann2,0,3
ArMIS,train,62,العنف الاجتماعي تزايد ارتفاع الجرائم النساء 153 جريمة خلال آخر أشهر مقابل 116 جريمة أول أشهر عام 2020 ينتهي العنف المرأة,0,1.0,0.0,Ann3,0,3
ArMIS,train,63,فين شيوخ العار يتحدثون العنف المرأة شجبتوا ونددتوا ولولوتوا علي الكلب الاجرب إساء لرسول الامة اين انتم واين ذهبت حناجركم انتم رجال حقا انتم مسلمون حقا انتم تحت لواء لااله الا الله محمد رسول الله حقا بعتوا دينكم بعرض,0,1.0,0.0,Ann1,0,3
ArMIS,train,63,فين شيوخ العار يتحدثون العنف المرأة شجبتوا ونددتوا ولولوتوا علي الكلب الاجرب إساء لرسول الامة اين انتم واين ذهبت حناجركم انتم رجال حقا انتم مسلمون حقا انتم تحت لواء لااله الا الله محمد رسول الله حقا بعتوا دينكم بعرض,0,1.0,0.0,Ann2,0,3
ArMIS,train,63,فين شيوخ العار يتحدثون العنف المرأة شجبتوا ونددتوا ولولوتوا علي الكلب الاجرب إساء لرسول الامة اين انتم واين ذهبت حناجركم انتم رجال حقا انتم مسلمون حقا انتم تحت لواء لااله الا الله محمد رسول الله حقا بعتوا دينكم بعرض,0,1.0,0.0,Ann3,0,3
ArMIS,train,64,النساء ناقصات عقل ودين يدل النساء اقل دين وعقل الرجال يدل النساء ناقصات عقل الشهادة فقط لان شهادة الرجل بشهادة أمرأتين وناقصات الدين لأنها تصلي وتصوم ايام الشهر إستخدامك الحديث للإساءة للمرأة يدل نقص دينك وعقلك وثقافتك وتشويه للإسلام,0,1.0,0.0,Ann1,0,3
ArMIS,train,64,النساء ناقصات عقل ودين يدل النساء اقل دين وعقل الرجال يدل النساء ناقصات عقل الشهادة فقط لان شهادة الرجل بشهادة أمرأتين وناقصات الدين لأنها تصلي وتصوم ايام الشهر إستخدامك الحديث للإساءة للمرأة يدل نقص دينك وعقلك وثقافتك وتشويه للإسلام,0,1.0,0.0,Ann2,0,3
ArMIS,train,64,النساء ناقصات عقل ودين يدل النساء اقل دين وعقل الرجال يدل النساء ناقصات عقل الشهادة فقط لان شهادة الرجل بشهادة أمرأتين وناقصات الدين لأنها تصلي وتصوم ايام الشهر إستخدامك الحديث للإساءة للمرأة يدل نقص دينك وعقلك وثقافتك وتشويه للإسلام,0,1.0,0.0,Ann3,0,3
ArMIS,train,65,انا بوسط جمعة الا بيقنعوني انو النساء ماخذين حقوقهم لدرجة انهم ينعطوا وجه وصاروا متمردات وانا بتضارب واحتمال امي تذبحن اليوم,0,0.67,0.33,Ann1,1,3
ArMIS,train,65,انا بوسط جمعة الا بيقنعوني انو النساء ماخذين حقوقهم لدرجة انهم ينعطوا وجه وصاروا متمردات وانا بتضارب واحتمال امي تذبحن اليوم,0,0.67,0.33,Ann2,0,3
ArMIS,train,65,انا بوسط جمعة الا بيقنعوني انو النساء ماخذين حقوقهم لدرجة انهم ينعطوا وجه وصاروا متمردات وانا بتضارب واحتمال امي تذبحن اليوم,0,0.67,0.33,Ann3,0,3
ArMIS,train,66,سواء سائق تقود الحالتين تعرض نفسها للخطر تخلى الأب والأخ والزوج والولد مسؤولية اهله ولم يقوموا بواجبهم مثل ماكان السابق كان السبب لجوء النساء لبديل فكان اولا سائق للأسرة ليموزين قادت السيارة وهكذا انا احمل المرأة وحدها ارجوا انكم فهمتم,0,0.67,0.33,Ann1,1,3
ArMIS,train,66,سواء سائق تقود الحالتين تعرض نفسها للخطر تخلى الأب والأخ والزوج والولد مسؤولية اهله ولم يقوموا بواجبهم مثل ماكان السابق كان السبب لجوء النساء لبديل فكان اولا سائق للأسرة ليموزين قادت السيارة وهكذا انا احمل المرأة وحدها ارجوا انكم فهمتم,0,0.67,0.33,Ann2,0,3
ArMIS,train,66,سواء سائق تقود الحالتين تعرض نفسها للخطر تخلى الأب والأخ والزوج والولد مسؤولية اهله ولم يقوموا بواجبهم مثل ماكان السابق كان السبب لجوء النساء لبديل فكان اولا سائق للأسرة ليموزين قادت السيارة وهكذا انا احمل المرأة وحدها ارجوا انكم فهمتم,0,0.67,0.33,Ann3,0,3
ArMIS,train,67,فعلا ناقصات عقل دين وحاليا صاروا فوقها ناقصات جمال ونظافه اكثر اهل النار وحطب جهنم,1,0.0,1.0,Ann1,1,3
ArMIS,train,67,فعلا ناقصات عقل دين وحاليا صاروا فوقها ناقصات جمال ونظافه اكثر اهل النار وحطب جهنم,1,0.0,1.0,Ann2,1,3
ArMIS,train,67,فعلا ناقصات عقل دين وحاليا صاروا فوقها ناقصات جمال ونظافه اكثر اهل النار وحطب جهنم,1,0.0,1.0,Ann3,1,3
ArMIS,train,68,ناقصات عقل دين,1,0.0,1.0,Ann1,1,3
ArMIS,train,68,ناقصات عقل دين,1,0.0,1.0,Ann2,1,3
ArMIS,train,68,ناقصات عقل دين,1,0.0,1.0,Ann3,1,3
ArMIS,train,69,اخر الصف كلهم البنات كلهم جلستهم الطاولات الخامسة والسادسة وبعدين قالت الرجال قاومون النساء الرجال صناع المستقبل قدوة الجيل والبنات فاسقات متربيات بنات الجيل المفروض يحبسوهم البيوت كثر ماهم متفرعنين وانا الله يطول عمري كنت,1,0.33,0.67,Ann1,0,3
ArMIS,train,69,اخر الصف كلهم البنات كلهم جلستهم الطاولات الخامسة والسادسة وبعدين قالت الرجال قاومون النساء الرجال صناع المستقبل قدوة الجيل والبنات فاسقات متربيات بنات الجيل المفروض يحبسوهم البيوت كثر ماهم متفرعنين وانا الله يطول عمري كنت,1,0.33,0.67,Ann2,1,3
ArMIS,train,69,اخر الصف كلهم البنات كلهم جلستهم الطاولات الخامسة والسادسة وبعدين قالت الرجال قاومون النساء الرجال صناع المستقبل قدوة الجيل والبنات فاسقات متربيات بنات الجيل المفروض يحبسوهم البيوت كثر ماهم متفرعنين وانا الله يطول عمري كنت,1,0.33,0.67,Ann3,1,3
ArMIS,train,70,بالضبط أستاذة البعض استغل يوم المرأة اليمنية لتمجيد تاريخ قديم للمرأة متجاهلين الحالة المأساوية لحياة المرأة اليمنية اليوم والتي نفت أنها القاع شيء دونه هدفنا النفاق والتزيف كشف الحقيقة والحقيقة الم فقط يتسنى التغيير,0,1.0,0.0,Ann1,0,3
ArMIS,train,70,بالضبط أستاذة البعض استغل يوم المرأة اليمنية لتمجيد تاريخ قديم للمرأة متجاهلين الحالة المأساوية لحياة المرأة اليمنية اليوم والتي نفت أنها القاع شيء دونه هدفنا النفاق والتزيف كشف الحقيقة والحقيقة الم فقط يتسنى التغيير,0,1.0,0.0,Ann2,0,3
ArMIS,train,70,بالضبط أستاذة البعض استغل يوم المرأة اليمنية لتمجيد تاريخ قديم للمرأة متجاهلين الحالة المأساوية لحياة المرأة اليمنية اليوم والتي نفت أنها القاع شيء دونه هدفنا النفاق والتزيف كشف الحقيقة والحقيقة الم فقط يتسنى التغيير,0,1.0,0.0,Ann3,0,3
ArMIS,train,71,ربي تهنئوا سافرات سجينات والله متأخرات,0,1.0,0.0,Ann1,0,3
ArMIS,train,71,ربي تهنئوا سافرات سجينات والله متأخرات,0,1.0,0.0,Ann2,0,3
ArMIS,train,71,ربي تهنئوا سافرات سجينات والله متأخرات,0,1.0,0.0,Ann3,0,3
ArMIS,train,72,أكيد حقوق المرأة عاملين شغل جامد,0,0.67,0.33,Ann1,0,3
ArMIS,train,72,أكيد حقوق المرأة عاملين شغل جامد,0,0.67,0.33,Ann2,0,3
ArMIS,train,72,أكيد حقوق المرأة عاملين شغل جامد,0,0.67,0.33,Ann3,1,3
ArMIS,train,73,كان أحد الشيوخ مرة راكب الطائرة فعرفت إحدى النساء المتبرجات بحضوره فجاءته سائلة متنقصة حيح النبي قال النساء إنهن ناقصات عقل ودين فقال مؤدبا الحديث الحديث لعائشة وحفصة وأمثال عقل,1,0.0,1.0,Ann1,1,3
ArMIS,train,73,كان أحد الشيوخ مرة راكب الطائرة فعرفت إحدى النساء المتبرجات بحضوره فجاءته سائلة متنقصة حيح النبي قال النساء إنهن ناقصات عقل ودين فقال مؤدبا الحديث الحديث لعائشة وحفصة وأمثال عقل,1,0.0,1.0,Ann2,1,3
ArMIS,train,73,كان أحد الشيوخ مرة راكب الطائرة فعرفت إحدى النساء المتبرجات بحضوره فجاءته سائلة متنقصة حيح النبي قال النساء إنهن ناقصات عقل ودين فقال مؤدبا الحديث الحديث لعائشة وحفصة وأمثال عقل,1,0.0,1.0,Ann3,1,3
ArMIS,train,74,اشكالهم مقرفه اما بنسبه لموضوع التحرش مصر شوارع مصر معظمها خاليا الشرطه ثانيا معظم بنات مصر افعالهم تلفت الانظار الشباب ولكل يلوم الشباب لماذا يتبعو الحشمه ثالث لبد تطبيق قانون حكم اعدام لمن يتحرش البنات,1,0.33,0.67,Ann1,1,3
ArMIS,train,74,اشكالهم مقرفه اما بنسبه لموضوع التحرش مصر شوارع مصر معظمها خاليا الشرطه ثانيا معظم بنات مصر افعالهم تلفت الانظار الشباب ولكل يلوم الشباب لماذا يتبعو الحشمه ثالث لبد تطبيق قانون حكم اعدام لمن يتحرش البنات,1,0.33,0.67,Ann2,1,3
ArMIS,train,74,اشكالهم مقرفه اما بنسبه لموضوع التحرش مصر شوارع مصر معظمها خاليا الشرطه ثانيا معظم بنات مصر افعالهم تلفت الانظار الشباب ولكل يلوم الشباب لماذا يتبعو الحشمه ثالث لبد تطبيق قانون حكم اعدام لمن يتحرش البنات,1,0.33,0.67,Ann3,0,3
ArMIS,train,75,احنا نطالب بحقوق النساء لان القانون ياخذ حقهم لحد الان الي قتلو زوجاتهم اخواتهم تحاسبو انعدمو عايشين حياة طبيعية مطالبنا تحقيق العدالة مثلما اعتقلو الام يعتقلون الي قتل زوجته اخته يعدموهم ليش المرأة بالعراق دمها رخيص,0,1.0,0.0,Ann1,0,3
ArMIS,train,75,احنا نطالب بحقوق النساء لان القانون ياخذ حقهم لحد الان الي قتلو زوجاتهم اخواتهم تحاسبو انعدمو عايشين حياة طبيعية مطالبنا تحقيق العدالة مثلما اعتقلو الام يعتقلون الي قتل زوجته اخته يعدموهم ليش المرأة بالعراق دمها رخيص,0,1.0,0.0,Ann2,0,3
ArMIS,train,75,احنا نطالب بحقوق النساء لان القانون ياخذ حقهم لحد الان الي قتلو زوجاتهم اخواتهم تحاسبو انعدمو عايشين حياة طبيعية مطالبنا تحقيق العدالة مثلما اعتقلو الام يعتقلون الي قتل زوجته اخته يعدموهم ليش المرأة بالعراق دمها رخيص,0,1.0,0.0,Ann3,0,3
ArMIS,train,76,يقنع الفلسطينيون الفتيات بالزواج منهن يأخذوهن القرية يسمح لليهود بدخول قرية عربية تبكي الكثير النساء ويريدن العودة المنزل والزوج يسمح يأخذ الأطفال يضرب أمر محزن جدا,0,1.0,0.0,Ann1,0,3
ArMIS,train,76,يقنع الفلسطينيون الفتيات بالزواج منهن يأخذوهن القرية يسمح لليهود بدخول قرية عربية تبكي الكثير النساء ويريدن العودة المنزل والزوج يسمح يأخذ الأطفال يضرب أمر محزن جدا,0,1.0,0.0,Ann2,0,3
ArMIS,train,76,يقنع الفلسطينيون الفتيات بالزواج منهن يأخذوهن القرية يسمح لليهود بدخول قرية عربية تبكي الكثير النساء ويريدن العودة المنزل والزوج يسمح يأخذ الأطفال يضرب أمر محزن جدا,0,1.0,0.0,Ann3,0,3
ArMIS,train,77,يلا حضروا نفسكم متبرجات نروح كلنا سوه,0,0.67,0.33,Ann1,0,3
ArMIS,train,77,يلا حضروا نفسكم متبرجات نروح كلنا سوه,0,0.67,0.33,Ann2,0,3
ArMIS,train,77,يلا حضروا نفسكم متبرجات نروح كلنا سوه,0,0.67,0.33,Ann3,1,3
ArMIS,train,78,همه رادوا يشرعون قانون العنف الاسري وحماية المرأة انكلبت الدنيا بالمظاهرات اساس راح تطلع عين المرأة وتصير للرجل استاذ الاسف الجهل انتشر شعب انطي لطم وقرايات,0,0.67,0.33,Ann1,0,3
ArMIS,train,78,همه رادوا يشرعون قانون العنف الاسري وحماية المرأة انكلبت الدنيا بالمظاهرات اساس راح تطلع عين المرأة وتصير للرجل استاذ الاسف الجهل انتشر شعب انطي لطم وقرايات,0,0.67,0.33,Ann2,1,3
ArMIS,train,78,همه رادوا يشرعون قانون العنف الاسري وحماية المرأة انكلبت الدنيا بالمظاهرات اساس راح تطلع عين المرأة وتصير للرجل استاذ الاسف الجهل انتشر شعب انطي لطم وقرايات,0,0.67,0.33,Ann3,0,3
ArMIS,train,79,حدد يوم المرأة العالمية نزل بكتاب بسنه جاء بعادات القبيله نسمية يوم المراءه المنحرفه الكتاب والسنة والعرف القبلي المتحرره,1,0.33,0.67,Ann1,1,3
ArMIS,train,79,حدد يوم المرأة العالمية نزل بكتاب بسنه جاء بعادات القبيله نسمية يوم المراءه المنحرفه الكتاب والسنة والعرف القبلي المتحرره,1,0.33,0.67,Ann2,0,3
ArMIS,train,79,حدد يوم المرأة العالمية نزل بكتاب بسنه جاء بعادات القبيله نسمية يوم المراءه المنحرفه الكتاب والسنة والعرف القبلي المتحرره,1,0.33,0.67,Ann3,1,3
ArMIS,train,80,مااكتشفت اغلبهن يامطلقات وحاقدين المجتمع صايعات ويبغون الافلات لاتتعبين معهم ولامع الذكور الزلايب اللي يدعمونهم ويبغوا فساد المجتمع يصلون بسهوله للمغفلات وممارسة الرذيلة كفانا الله شرهم وشر فكرهم المنحل,1,0.0,1.0,Ann1,1,3
ArMIS,train,80,مااكتشفت اغلبهن يامطلقات وحاقدين المجتمع صايعات ويبغون الافلات لاتتعبين معهم ولامع الذكور الزلايب اللي يدعمونهم ويبغوا فساد المجتمع يصلون بسهوله للمغفلات وممارسة الرذيلة كفانا الله شرهم وشر فكرهم المنحل,1,0.0,1.0,Ann2,1,3
ArMIS,train,80,مااكتشفت اغلبهن يامطلقات وحاقدين المجتمع صايعات ويبغون الافلات لاتتعبين معهم ولامع الذكور الزلايب اللي يدعمونهم ويبغوا فساد المجتمع يصلون بسهوله للمغفلات وممارسة الرذيلة كفانا الله شرهم وشر فكرهم المنحل,1,0.0,1.0,Ann3,1,3
ArMIS,train,81,حرية الرأي بيوقف اعتبار النساء آلة للتكاثر تبرير العنف المرأة,0,1.0,0.0,Ann1,0,3
ArMIS,train,81,حرية الرأي بيوقف اعتبار النساء آلة للتكاثر تبرير العنف المرأة,0,1.0,0.0,Ann2,0,3
ArMIS,train,81,حرية الرأي بيوقف اعتبار النساء آلة للتكاثر تبرير العنف المرأة,0,1.0,0.0,Ann3,0,3
ArMIS,train,82,النسويات مزعجينا بنت الرجال واخت الرجال تفتخر بابوها واخوها وزوجها وتعتز وبحرصهم وغيرتهم عليها وخدمتهم اغلب المطالبات باسقاط الولاية شوية خمة ونسويات مفلوتات همهم هدم البيوت والاسرة والمجتمع,1,0.33,0.67,Ann1,1,3
ArMIS,train,82,النسويات مزعجينا بنت الرجال واخت الرجال تفتخر بابوها واخوها وزوجها وتعتز وبحرصهم وغيرتهم عليها وخدمتهم اغلب المطالبات باسقاط الولاية شوية خمة ونسويات مفلوتات همهم هدم البيوت والاسرة والمجتمع,1,0.33,0.67,Ann2,0,3
ArMIS,train,82,النسويات مزعجينا بنت الرجال واخت الرجال تفتخر بابوها واخوها وزوجها وتعتز وبحرصهم وغيرتهم عليها وخدمتهم اغلب المطالبات باسقاط الولاية شوية خمة ونسويات مفلوتات همهم هدم البيوت والاسرة والمجتمع,1,0.33,0.67,Ann3,1,3
ArMIS,train,83,واضح شفنا الانحلال النسويات كثرو الله يصلح الحال,1,0.0,1.0,Ann1,1,3
ArMIS,train,83,واضح شفنا الانحلال النسويات كثرو الله يصلح الحال,1,0.0,1.0,Ann2,1,3
ArMIS,train,83,واضح شفنا الانحلال النسويات كثرو الله يصلح الحال,1,0.0,1.0,Ann3,1,3
ArMIS,train,84,اللي الولاده ادري عنه ومعروف الطفلين اللي يدها عدوا مرحله الولاده رحمه عندكم نساء قذرات,1,0.0,1.0,Ann1,1,3
ArMIS,train,84,اللي الولاده ادري عنه ومعروف الطفلين اللي يدها عدوا مرحله الولاده رحمه عندكم نساء قذرات,1,0.0,1.0,Ann2,1,3
ArMIS,train,84,اللي الولاده ادري عنه ومعروف الطفلين اللي يدها عدوا مرحله الولاده رحمه عندكم نساء قذرات,1,0.0,1.0,Ann3,1,3
ArMIS,train,85,وهل كانوا نساء زمان يتراقصن بكامل زينتهن متبرجات بمفاتنهن وهل كانوا نساء زمان يلبسون بناطيل وبلايز قصيره وهل كانوا نساء زمان كانوا ينفخن براطمهم وتعبيها روج بكل الألوان وهل كانوا نساء زمان تسرح شعرها بكل الصبغات وتسريحات المخله بالآداب,1,0.33,0.67,Ann1,1,3
ArMIS,train,85,وهل كانوا نساء زمان يتراقصن بكامل زينتهن متبرجات بمفاتنهن وهل كانوا نساء زمان يلبسون بناطيل وبلايز قصيره وهل كانوا نساء زمان كانوا ينفخن براطمهم وتعبيها روج بكل الألوان وهل كانوا نساء زمان تسرح شعرها بكل الصبغات وتسريحات المخله بالآداب,1,0.33,0.67,Ann2,0,3
ArMIS,train,85,وهل كانوا نساء زمان يتراقصن بكامل زينتهن متبرجات بمفاتنهن وهل كانوا نساء زمان يلبسون بناطيل وبلايز قصيره وهل كانوا نساء زمان كانوا ينفخن براطمهم وتعبيها روج بكل الألوان وهل كانوا نساء زمان تسرح شعرها بكل الصبغات وتسريحات المخله بالآداب,1,0.33,0.67,Ann3,1,3
ArMIS,train,86,الاشكال هاي ولك صرت اكره النسوية بزيادة,1,0.0,1.0,Ann1,1,3
ArMIS,train,86,الاشكال هاي ولك صرت اكره النسوية بزيادة,1,0.0,1.0,Ann2,1,3
ArMIS,train,86,الاشكال هاي ولك صرت اكره النسوية بزيادة,1,0.0,1.0,Ann3,1,3
ArMIS,train,87,مين باقي يقول رخيصات,0,0.67,0.33,Ann1,0,3
ArMIS,train,87,مين باقي يقول رخيصات,0,0.67,0.33,Ann2,0,3
ArMIS,train,87,مين باقي يقول رخيصات,0,0.67,0.33,Ann3,1,3
ArMIS,train,88,انتي تفهمي معنى الحديث جيدا فنقص عقل المرأة ودينها المقصود الجنس جنس عقل الرجال اكمل جنس عقل النساء فغالب النساء ناقصات عقل ودين الحديث يوجد النساء أكمل دينا وعقلا كثير الرجال فعائشة مثلا أكمل عقلا ألوف رجال اليوم بلا,0,0.67,0.33,Ann1,0,3
ArMIS,train,88,انتي تفهمي معنى الحديث جيدا فنقص عقل المرأة ودينها المقصود الجنس جنس عقل الرجال اكمل جنس عقل النساء فغالب النساء ناقصات عقل ودين الحديث يوجد النساء أكمل دينا وعقلا كثير الرجال فعائشة مثلا أكمل عقلا ألوف رجال اليوم بلا,0,0.67,0.33,Ann2,0,3
ArMIS,train,88,انتي تفهمي معنى الحديث جيدا فنقص عقل المرأة ودينها المقصود الجنس جنس عقل الرجال اكمل جنس عقل النساء فغالب النساء ناقصات عقل ودين الحديث يوجد النساء أكمل دينا وعقلا كثير الرجال فعائشة مثلا أكمل عقلا ألوف رجال اليوم بلا,0,0.67,0.33,Ann3,1,3
ArMIS,train,89,وانا كنت اقصد بكلامي تنبيه لشي انها مدعومه جهه معينه ويساعدونها للترغيب للبنات اللي قاعدبن يطالبون باسقاط الولايه,0,0.67,0.33,Ann1,0,3
ArMIS,train,89,وانا كنت اقصد بكلامي تنبيه لشي انها مدعومه جهه معينه ويساعدونها للترغيب للبنات اللي قاعدبن يطالبون باسقاط الولايه,0,0.67,0.33,Ann2,0,3
ArMIS,train,89,وانا كنت اقصد بكلامي تنبيه لشي انها مدعومه جهه معينه ويساعدونها للترغيب للبنات اللي قاعدبن يطالبون باسقاط الولايه,0,0.67,0.33,Ann3,1,3
ArMIS,train,90,اففف فضحتونا خارج القروب تتهاوشون صايعات,1,0.33,0.67,Ann1,0,3
ArMIS,train,90,اففف فضحتونا خارج القروب تتهاوشون صايعات,1,0.33,0.67,Ann2,1,3
ArMIS,train,90,اففف فضحتونا خارج القروب تتهاوشون صايعات,1,0.33,0.67,Ann3,1,3
ArMIS,train,91,نفسها اللي كانت تقول للبنات فاسدات وامها تضحك,0,1.0,0.0,Ann1,0,3
ArMIS,train,91,نفسها اللي كانت تقول للبنات فاسدات وامها تضحك,0,1.0,0.0,Ann2,0,3
ArMIS,train,91,نفسها اللي كانت تقول للبنات فاسدات وامها تضحك,0,1.0,0.0,Ann3,0,3
ArMIS,train,92,عندنا حريم رخيصات شغالات بالموساد الإسرائيلي,1,0.0,1.0,Ann1,1,3
ArMIS,train,92,عندنا حريم رخيصات شغالات بالموساد الإسرائيلي,1,0.0,1.0,Ann2,1,3
ArMIS,train,92,عندنا حريم رخيصات شغالات بالموساد الإسرائيلي,1,0.0,1.0,Ann3,1,3
ArMIS,train,93,اعرف إجابه لماذا اكثرية النساء يتسلطن ازواجهم ويريدون التحكم ويلجؤون الي السحر يكون خادم مطيع ويريدون الاستحواذ لهمن فقط شيء يقرف نساء متسلطات,1,0.0,1.0,Ann1,1,3
ArMIS,train,93,اعرف إجابه لماذا اكثرية النساء يتسلطن ازواجهم ويريدون التحكم ويلجؤون الي السحر يكون خادم مطيع ويريدون الاستحواذ لهمن فقط شيء يقرف نساء متسلطات,1,0.0,1.0,Ann2,1,3
ArMIS,train,93,اعرف إجابه لماذا اكثرية النساء يتسلطن ازواجهم ويريدون التحكم ويلجؤون الي السحر يكون خادم مطيع ويريدون الاستحواذ لهمن فقط شيء يقرف نساء متسلطات,1,0.0,1.0,Ann3,1,3
ArMIS,train,94,بالضبط ميكدرون يشوفون نساء متحررات وقويات الا يحطون الف سبب والف حجة عشتي حبيبي,0,1.0,0.0,Ann1,0,3
ArMIS,train,94,بالضبط ميكدرون يشوفون نساء متحررات وقويات الا يحطون الف سبب والف حجة عشتي حبيبي,0,1.0,0.0,Ann2,0,3
ArMIS,train,94,بالضبط ميكدرون يشوفون نساء متحررات وقويات الا يحطون الف سبب والف حجة عشتي حبيبي,0,1.0,0.0,Ann3,0,3
ArMIS,train,95,منحطات عبالهن الحرية اسرح وامرح بكيفك يمعودين الحرية حقوق وواجبات,1,0.0,1.0,Ann1,1,3
ArMIS,train,95,منحطات عبالهن الحرية اسرح وامرح بكيفك يمعودين الحرية حقوق وواجبات,1,0.0,1.0,Ann2,1,3
ArMIS,train,95,منحطات عبالهن الحرية اسرح وامرح بكيفك يمعودين الحرية حقوق وواجبات,1,0.0,1.0,Ann3,1,3
ArMIS,train,96,ميهمناااش برضه مشيت كواكب مجرة درب التبانه كده كوكب كوكب برضه ناقصات عقل دين,1,0.0,1.0,Ann1,1,3
ArMIS,train,96,ميهمناااش برضه مشيت كواكب مجرة درب التبانه كده كوكب كوكب برضه ناقصات عقل دين,1,0.0,1.0,Ann2,1,3
ArMIS,train,96,ميهمناااش برضه مشيت كواكب مجرة درب التبانه كده كوكب كوكب برضه ناقصات عقل دين,1,0.0,1.0,Ann3,1,3
ArMIS,train,97,ترى اذا امك راحت لبعض الأسر بيعطونها نقاب وعباية وانت بيعطونك جلابية لأنه بمفهموهم انتي وامك بلبسكم فاسدات,1,0.33,0.67,Ann1,0,3
ArMIS,train,97,ترى اذا امك راحت لبعض الأسر بيعطونها نقاب وعباية وانت بيعطونك جلابية لأنه بمفهموهم انتي وامك بلبسكم فاسدات,1,0.33,0.67,Ann2,1,3
ArMIS,train,97,ترى اذا امك راحت لبعض الأسر بيعطونها نقاب وعباية وانت بيعطونك جلابية لأنه بمفهموهم انتي وامك بلبسكم فاسدات,1,0.33,0.67,Ann3,1,3
ArMIS,train,98,بالزززبططط الكل واقف النسويات لانهم شايفين نسوية بتدافع الالحاد والشواذ حقوق المراة وهدولاك مشكلتهم نفسهميدافعو يلي بدهم اياه طبعا هاد يلي بيقلك يحرق النسويات عشان بيكرهونا,0,1.0,0.0,Ann1,0,3
ArMIS,train,98,بالزززبططط الكل واقف النسويات لانهم شايفين نسوية بتدافع الالحاد والشواذ حقوق المراة وهدولاك مشكلتهم نفسهميدافعو يلي بدهم اياه طبعا هاد يلي بيقلك يحرق النسويات عشان بيكرهونا,0,1.0,0.0,Ann2,0,3
ArMIS,train,98,بالزززبططط الكل واقف النسويات لانهم شايفين نسوية بتدافع الالحاد والشواذ حقوق المراة وهدولاك مشكلتهم نفسهميدافعو يلي بدهم اياه طبعا هاد يلي بيقلك يحرق النسويات عشان بيكرهونا,0,1.0,0.0,Ann3,0,3
ArMIS,train,99,فاجرات مين الله يمتحنكم,0,1.0,0.0,Ann1,0,3
ArMIS,train,99,فاجرات مين الله يمتحنكم,0,1.0,0.0,Ann2,0,3
ArMIS,train,99,فاجرات مين الله يمتحنكم,0,1.0,0.0,Ann3,0,3
ArMIS,train,100,معنى النسويه المساواه تتفلسف وهي ماتدري السالفه,0,1.0,0.0,Ann1,0,3
ArMIS,train,100,معنى النسويه المساواه تتفلسف وهي ماتدري السالفه,0,1.0,0.0,Ann2,0,3
ArMIS,train,100,معنى النسويه المساواه تتفلسف وهي ماتدري السالفه,0,1.0,0.0,Ann3,0,3
ArMIS,train,101,احد آليات مواجهة العنف المرأة زيادة وعي أفراد الأسرة بخطورة العنف العائلي تزويدهم بالمعارف والمعلومات تؤدي تطوير إطارهم المرجعي ومخزونهم المعرفي بشكل إيجابي بعيدا مظاهر العنف والعدوان,0,1.0,0.0,Ann1,0,3
ArMIS,train,101,احد آليات مواجهة العنف المرأة زيادة وعي أفراد الأسرة بخطورة العنف العائلي تزويدهم بالمعارف والمعلومات تؤدي تطوير إطارهم المرجعي ومخزونهم المعرفي بشكل إيجابي بعيدا مظاهر العنف والعدوان,0,1.0,0.0,Ann2,0,3
ArMIS,train,101,احد آليات مواجهة العنف المرأة زيادة وعي أفراد الأسرة بخطورة العنف العائلي تزويدهم بالمعارف والمعلومات تؤدي تطوير إطارهم المرجعي ومخزونهم المعرفي بشكل إيجابي بعيدا مظاهر العنف والعدوان,0,1.0,0.0,Ann3,0,3
ArMIS,train,102,عقول مريضة وتربية شوارع صديقتي كلشي مسموح للشباب البنت تحجي يسون حالهم فلاسفة بنات,0,1.0,0.0,Ann1,0,3
ArMIS,train,102,عقول مريضة وتربية شوارع صديقتي كلشي مسموح للشباب البنت تحجي يسون حالهم فلاسفة بنات,0,1.0,0.0,Ann2,0,3
ArMIS,train,102,عقول مريضة وتربية شوارع صديقتي كلشي مسموح للشباب البنت تحجي يسون حالهم فلاسفة بنات,0,1.0,0.0,Ann3,0,3
ArMIS,train,103,أيتها الفتاة يجد الفاسق فاس قات بغايا الرجل الصحيح الرجولة يجد غيرك,0,1.0,0.0,Ann1,0,3
ArMIS,train,103,أيتها الفتاة يجد الفاسق فاس قات بغايا الرجل الصحيح الرجولة يجد غيرك,0,1.0,0.0,Ann2,0,3
ArMIS,train,103,أيتها الفتاة يجد الفاسق فاس قات بغايا الرجل الصحيح الرجولة يجد غيرك,0,1.0,0.0,Ann3,0,3
ArMIS,train,104,كاين المتبرجات مثلك شاكلتك طلقوا الزيزي رموهم ولم يتزوجوا فاصبحنا يردنا النساء يكونو سافرات عاهرات متبرجات مثلكم,1,0.0,1.0,Ann1,1,3
ArMIS,train,104,كاين المتبرجات مثلك شاكلتك طلقوا الزيزي رموهم ولم يتزوجوا فاصبحنا يردنا النساء يكونو سافرات عاهرات متبرجات مثلكم,1,0.0,1.0,Ann2,1,3
ArMIS,train,104,كاين المتبرجات مثلك شاكلتك طلقوا الزيزي رموهم ولم يتزوجوا فاصبحنا يردنا النساء يكونو سافرات عاهرات متبرجات مثلكم,1,0.0,1.0,Ann3,1,3
ArMIS,train,105,داشرات مشبهرات كالغنم,1,0.0,1.0,Ann1,1,3
ArMIS,train,105,داشرات مشبهرات كالغنم,1,0.0,1.0,Ann2,1,3
ArMIS,train,105,داشرات مشبهرات كالغنم,1,0.0,1.0,Ann3,1,3
ArMIS,train,106,امنية المغنيات والمغنين والمؤثرين يعطوا رأيهن بالقضايا النسوية,0,1.0,0.0,Ann1,0,3
ArMIS,train,106,امنية المغنيات والمغنين والمؤثرين يعطوا رأيهن بالقضايا النسوية,0,1.0,0.0,Ann2,0,3
ArMIS,train,106,امنية المغنيات والمغنين والمؤثرين يعطوا رأيهن بالقضايا النسوية,0,1.0,0.0,Ann3,0,3
ArMIS,train,107,بعدين اسمع سربوت يقول البنات ناقصات عقل ودين هذاكم مابكم عقل دين ماجت نقص تبعا الحتسي للبعض,0,1.0,0.0,Ann1,0,3
ArMIS,train,107,بعدين اسمع سربوت يقول البنات ناقصات عقل ودين هذاكم مابكم عقل دين ماجت نقص تبعا الحتسي للبعض,0,1.0,0.0,Ann2,0,3
ArMIS,train,107,بعدين اسمع سربوت يقول البنات ناقصات عقل ودين هذاكم مابكم عقل دين ماجت نقص تبعا الحتسي للبعض,0,1.0,0.0,Ann3,0,3
ArMIS,train,108,الرجل جاري التعميم نصف الكرة الارضية تقريبا الفسويات ... احسنتوا تحفه التخلف,1,0.33,0.67,Ann1,1,3
ArMIS,train,108,الرجل جاري التعميم نصف الكرة الارضية تقريبا الفسويات ... احسنتوا تحفه التخلف,1,0.33,0.67,Ann2,0,3
ArMIS,train,108,الرجل جاري التعميم نصف الكرة الارضية تقريبا الفسويات ... احسنتوا تحفه التخلف,1,0.33,0.67,Ann3,1,3
ArMIS,train,109,الله ياخذ النساء,1,0.0,1.0,Ann1,1,3
ArMIS,train,109,الله ياخذ النساء,1,0.0,1.0,Ann2,1,3
ArMIS,train,109,الله ياخذ النساء,1,0.0,1.0,Ann3,1,3
ArMIS,train,110,تكلمت معاك بكل ادب حسب مثالك الايمان ينقص بفعل المنكرات أعرف ديني كامل احتاج نصائحك اشفق تنصحينهم غدا سنرا متبرجات يأمورون بلبس الحجاب وهم لايلبسونه عشن اعطيتك مثال زعلتي والقيتي اللوم بأني لافهم الدين غريب أمرك,0,0.67,0.33,Ann1,0,3
ArMIS,train,110,تكلمت معاك بكل ادب حسب مثالك الايمان ينقص بفعل المنكرات أعرف ديني كامل احتاج نصائحك اشفق تنصحينهم غدا سنرا متبرجات يأمورون بلبس الحجاب وهم لايلبسونه عشن اعطيتك مثال زعلتي والقيتي اللوم بأني لافهم الدين غريب أمرك,0,0.67,0.33,Ann2,0,3
ArMIS,train,110,تكلمت معاك بكل ادب حسب مثالك الايمان ينقص بفعل المنكرات أعرف ديني كامل احتاج نصائحك اشفق تنصحينهم غدا سنرا متبرجات يأمورون بلبس الحجاب وهم لايلبسونه عشن اعطيتك مثال زعلتي والقيتي اللوم بأني لافهم الدين غريب أمرك,0,0.67,0.33,Ann3,1,3
ArMIS,train,111,عرفي النسوية درجتين,0,1.0,0.0,Ann1,0,3
ArMIS,train,111,عرفي النسوية درجتين,0,1.0,0.0,Ann2,0,3
ArMIS,train,111,عرفي النسوية درجتين,0,1.0,0.0,Ann3,0,3
ArMIS,train,112,خبلة الي بيعدد ممكن ياخذ خارج دائرتها والي بيسأل عنه مهوب سائل النساء سأل ازواجهن فغالبا الرجل يمدح الرجل كان,1,0.33,0.67,Ann1,1,3
ArMIS,train,112,خبلة الي بيعدد ممكن ياخذ خارج دائرتها والي بيسأل عنه مهوب سائل النساء سأل ازواجهن فغالبا الرجل يمدح الرجل كان,1,0.33,0.67,Ann2,0,3
ArMIS,train,112,خبلة الي بيعدد ممكن ياخذ خارج دائرتها والي بيسأل عنه مهوب سائل النساء سأل ازواجهن فغالبا الرجل يمدح الرجل كان,1,0.33,0.67,Ann3,1,3
ArMIS,train,113,كانو زمان يقولو يتمنعن وهن الراغبات دلوقتي الزمن انقلب حاله وبقيو يطلبن وهن رخيصات رحم ربي,1,0.0,1.0,Ann1,1,3
ArMIS,train,113,كانو زمان يقولو يتمنعن وهن الراغبات دلوقتي الزمن انقلب حاله وبقيو يطلبن وهن رخيصات رحم ربي,1,0.0,1.0,Ann2,1,3
ArMIS,train,113,كانو زمان يقولو يتمنعن وهن الراغبات دلوقتي الزمن انقلب حاله وبقيو يطلبن وهن رخيصات رحم ربي,1,0.0,1.0,Ann3,1,3
ArMIS,train,114,والله جنبها المرأة تقود عشان شوفوني وبعد دقائق طبع آخر السيارة اللي قبلها وأصلح اصلحك الله ومعارض المحافظة تمتلئ بسيارات شوفوني معروضة للبيع الأخير مايصح الا الرجل ...,1,0.33,0.67,Ann1,1,3
ArMIS,train,114,والله جنبها المرأة تقود عشان شوفوني وبعد دقائق طبع آخر السيارة اللي قبلها وأصلح اصلحك الله ومعارض المحافظة تمتلئ بسيارات شوفوني معروضة للبيع الأخير مايصح الا الرجل ...,1,0.33,0.67,Ann2,0,3
ArMIS,train,114,والله جنبها المرأة تقود عشان شوفوني وبعد دقائق طبع آخر السيارة اللي قبلها وأصلح اصلحك الله ومعارض المحافظة تمتلئ بسيارات شوفوني معروضة للبيع الأخير مايصح الا الرجل ...,1,0.33,0.67,Ann3,1,3
ArMIS,train,115,صحيح مهمتها تفصل الدين مثل يريد ولي الامر مثلا ولي الامر يرضى المراة تقود السيارة الهيئة تقول حرام ويتفلسفون ادلة الحرمة وبعد تغير راي ولي الامر كانت الهيئة حاضرة الفتوى جواز ركوب السيارة للمرأة,0,1.0,0.0,Ann1,0,3
ArMIS,train,115,صحيح مهمتها تفصل الدين مثل يريد ولي الامر مثلا ولي الامر يرضى المراة تقود السيارة الهيئة تقول حرام ويتفلسفون ادلة الحرمة وبعد تغير راي ولي الامر كانت الهيئة حاضرة الفتوى جواز ركوب السيارة للمرأة,0,1.0,0.0,Ann2,0,3
ArMIS,train,115,صحيح مهمتها تفصل الدين مثل يريد ولي الامر مثلا ولي الامر يرضى المراة تقود السيارة الهيئة تقول حرام ويتفلسفون ادلة الحرمة وبعد تغير راي ولي الامر كانت الهيئة حاضرة الفتوى جواز ركوب السيارة للمرأة,0,1.0,0.0,Ann3,0,3
ArMIS,train,116,برضو بمزاجنا نصير طيعات متمر دات بالمناسبة أمس عصيد,0,1.0,0.0,Ann1,0,3
ArMIS,train,116,برضو بمزاجنا نصير طيعات متمر دات بالمناسبة أمس عصيد,0,1.0,0.0,Ann2,0,3
ArMIS,train,116,برضو بمزاجنا نصير طيعات متمر دات بالمناسبة أمس عصيد,0,1.0,0.0,Ann3,0,3
ArMIS,train,117,انا اشفق رجل متزوج باامراة مادية لانه اكيد راح يصل لمرحله يتوسل اهتمامها عاطفتها وحقه الشرعي النوع النساء اناني جحود ياخذ يمكن يعطي اذا ارتبط الزواج بالماديات تبدأ التعاسة الزواج رابط مقدس اذا مافيه واهتمام رغبه داخليه راح يضيع عمرك تدفع سعادة,0,1.0,0.0,Ann1,0,3
ArMIS,train,117,انا اشفق رجل متزوج باامراة مادية لانه اكيد راح يصل لمرحله يتوسل اهتمامها عاطفتها وحقه الشرعي النوع النساء اناني جحود ياخذ يمكن يعطي اذا ارتبط الزواج بالماديات تبدأ التعاسة الزواج رابط مقدس اذا مافيه واهتمام رغبه داخليه راح يضيع عمرك تدفع سعادة,0,1.0,0.0,Ann2,0,3
ArMIS,train,117,انا اشفق رجل متزوج باامراة مادية لانه اكيد راح يصل لمرحله يتوسل اهتمامها عاطفتها وحقه الشرعي النوع النساء اناني جحود ياخذ يمكن يعطي اذا ارتبط الزواج بالماديات تبدأ التعاسة الزواج رابط مقدس اذا مافيه واهتمام رغبه داخليه راح يضيع عمرك تدفع سعادة,0,1.0,0.0,Ann3,0,3
ArMIS,train,118,بالهم البنات رخيصات,0,0.67,0.33,Ann1,0,3
ArMIS,train,118,بالهم البنات رخيصات,0,0.67,0.33,Ann2,0,3
ArMIS,train,118,بالهم البنات رخيصات,0,0.67,0.33,Ann3,1,3
ArMIS,train,119,كانت النساء ناقصات عقل دين اؤتمنت تربية الاجيال تلو الاجيال,0,1.0,0.0,Ann1,0,3
ArMIS,train,119,كانت النساء ناقصات عقل دين اؤتمنت تربية الاجيال تلو الاجيال,0,1.0,0.0,Ann2,0,3
ArMIS,train,119,كانت النساء ناقصات عقل دين اؤتمنت تربية الاجيال تلو الاجيال,0,1.0,0.0,Ann3,0,3
ArMIS,train,120,يعني انت بكرش بتهتم بمظهرك نضافتك الشخصيه علشان انت بوع تؤتؤ علشان الستات ناقصات عقل دين مين اللي ناقص عقل دين ناااو,0,1.0,0.0,Ann1,0,3
ArMIS,train,120,يعني انت بكرش بتهتم بمظهرك نضافتك الشخصيه علشان انت بوع تؤتؤ علشان الستات ناقصات عقل دين مين اللي ناقص عقل دين ناااو,0,1.0,0.0,Ann2,0,3
ArMIS,train,120,يعني انت بكرش بتهتم بمظهرك نضافتك الشخصيه علشان انت بوع تؤتؤ علشان الستات ناقصات عقل دين مين اللي ناقص عقل دين ناااو,0,1.0,0.0,Ann3,0,3
ArMIS,train,121,اناقة واحتشام علما المسلمين كانوا ينتقدون بان نسائهم سافرات وقلة غيرة الرجال الاروبيين ههه دار الزمان وصرنا موضع سخرية حسبنا الله ونعم الوكيل,0,0.67,0.33,Ann1,0,3
ArMIS,train,121,اناقة واحتشام علما المسلمين كانوا ينتقدون بان نسائهم سافرات وقلة غيرة الرجال الاروبيين ههه دار الزمان وصرنا موضع سخرية حسبنا الله ونعم الوكيل,0,0.67,0.33,Ann2,0,3
ArMIS,train,121,اناقة واحتشام علما المسلمين كانوا ينتقدون بان نسائهم سافرات وقلة غيرة الرجال الاروبيين ههه دار الزمان وصرنا موضع سخرية حسبنا الله ونعم الوكيل,0,0.67,0.33,Ann3,1,3
ArMIS,train,122,عاجل مطلوب متحررات للزواج وجادات,0,1.0,0.0,Ann1,0,3
ArMIS,train,122,عاجل مطلوب متحررات للزواج وجادات,0,1.0,0.0,Ann2,0,3
ArMIS,train,122,عاجل مطلوب متحررات للزواج وجادات,0,1.0,0.0,Ann3,0,3
ArMIS,train,123,ترجع النساء للصراع الأزلي الجنسين وعرض جرائم الجنس الآخر بوفرتها ونوعها العصور مناقشة لمثل الأشكال ومقابلة الأحاديث بالوقائع أحد يفكر يعلق النساء لايمكن يتجاوزن مامضى ويماهين الحدود الإنسانيات دائما ومنذ زمن كان أغلبكم أشطر بهذي التصنيفات البشعة,0,0.67,0.33,Ann1,0,3
ArMIS,train,123,ترجع النساء للصراع الأزلي الجنسين وعرض جرائم الجنس الآخر بوفرتها ونوعها العصور مناقشة لمثل الأشكال ومقابلة الأحاديث بالوقائع أحد يفكر يعلق النساء لايمكن يتجاوزن مامضى ويماهين الحدود الإنسانيات دائما ومنذ زمن كان أغلبكم أشطر بهذي التصنيفات البشعة,0,0.67,0.33,Ann2,0,3
ArMIS,train,123,ترجع النساء للصراع الأزلي الجنسين وعرض جرائم الجنس الآخر بوفرتها ونوعها العصور مناقشة لمثل الأشكال ومقابلة الأحاديث بالوقائع أحد يفكر يعلق النساء لايمكن يتجاوزن مامضى ويماهين الحدود الإنسانيات دائما ومنذ زمن كان أغلبكم أشطر بهذي التصنيفات البشعة,0,0.67,0.33,Ann3,1,3
ArMIS,train,124,وين الفسويات الي يهاجمون الشباب بكل صغيره وكبيره,1,0.33,0.67,Ann1,1,3
ArMIS,train,124,وين الفسويات الي يهاجمون الشباب بكل صغيره وكبيره,1,0.33,0.67,Ann2,0,3
ArMIS,train,124,وين الفسويات الي يهاجمون الشباب بكل صغيره وكبيره,1,0.33,0.67,Ann3,1,3
ArMIS,train,125,والبنات الي يجلسون الاستراحات العيال بالاسابيع هذول يعتبرون صايعات جالسين اخوانهم الاسلام,0,0.67,0.33,Ann1,0,3
ArMIS,train,125,والبنات الي يجلسون الاستراحات العيال بالاسابيع هذول يعتبرون صايعات جالسين اخوانهم الاسلام,0,0.67,0.33,Ann2,1,3
ArMIS,train,125,والبنات الي يجلسون الاستراحات العيال بالاسابيع هذول يعتبرون صايعات جالسين اخوانهم الاسلام,0,0.67,0.33,Ann3,0,3
ArMIS,train,126,ايه اللى رغبة منطقية يعنى عايزين يتحرشوا مبيلاقوش فرصة ليه مثلا مبيركبوش مواصلات مبيمشوش شوارع انا يااما ركب جمبي بنات عمري فكرت المس واحدة فهمنى بقى فين الرغبة فرصة اسكت حسام ربنا يهديك علشان اشوفك هطلع ميتين امك كلامك,0,1.0,0.0,Ann1,0,3
ArMIS,train,126,ايه اللى رغبة منطقية يعنى عايزين يتحرشوا مبيلاقوش فرصة ليه مثلا مبيركبوش مواصلات مبيمشوش شوارع انا يااما ركب جمبي بنات عمري فكرت المس واحدة فهمنى بقى فين الرغبة فرصة اسكت حسام ربنا يهديك علشان اشوفك هطلع ميتين امك كلامك,0,1.0,0.0,Ann2,0,3
ArMIS,train,126,ايه اللى رغبة منطقية يعنى عايزين يتحرشوا مبيلاقوش فرصة ليه مثلا مبيركبوش مواصلات مبيمشوش شوارع انا يااما ركب جمبي بنات عمري فكرت المس واحدة فهمنى بقى فين الرغبة فرصة اسكت حسام ربنا يهديك علشان اشوفك هطلع ميتين امك كلامك,0,1.0,0.0,Ann3,0,3
ArMIS,train,127,صدق رسول الله الصلاة والسلام ينطق الهوى قال عنهن ناقصات عقل ودين وزد حاليا نقص كرامتهن وحيائهن فقسما تجد امرأة حره وتربيتها صحيحه تعمل أجنبي يتسلى أماكن إشتراطات تحفظ كرامتها لتصبح مثلها مثل الخادمه المنزليه يستعبدها عملها,1,0.0,1.0,Ann1,1,3
ArMIS,train,127,صدق رسول الله الصلاة والسلام ينطق الهوى قال عنهن ناقصات عقل ودين وزد حاليا نقص كرامتهن وحيائهن فقسما تجد امرأة حره وتربيتها صحيحه تعمل أجنبي يتسلى أماكن إشتراطات تحفظ كرامتها لتصبح مثلها مثل الخادمه المنزليه يستعبدها عملها,1,0.0,1.0,Ann2,1,3
ArMIS,train,127,صدق رسول الله الصلاة والسلام ينطق الهوى قال عنهن ناقصات عقل ودين وزد حاليا نقص كرامتهن وحيائهن فقسما تجد امرأة حره وتربيتها صحيحه تعمل أجنبي يتسلى أماكن إشتراطات تحفظ كرامتها لتصبح مثلها مثل الخادمه المنزليه يستعبدها عملها,1,0.0,1.0,Ann3,1,3
ArMIS,train,128,الفرق تحجيم الذنب يعني نسبة كبيرة العيال يدخنون نصف النسبة البنات دخنوا تلاقينهم كبروا الموضوع وان البنات اكثرهن فاسدات الذنب واحد ونسبة البنات اقل,0,1.0,0.0,Ann1,0,3
ArMIS,train,128,الفرق تحجيم الذنب يعني نسبة كبيرة العيال يدخنون نصف النسبة البنات دخنوا تلاقينهم كبروا الموضوع وان البنات اكثرهن فاسدات الذنب واحد ونسبة البنات اقل,0,1.0,0.0,Ann2,0,3
ArMIS,train,128,الفرق تحجيم الذنب يعني نسبة كبيرة العيال يدخنون نصف النسبة البنات دخنوا تلاقينهم كبروا الموضوع وان البنات اكثرهن فاسدات الذنب واحد ونسبة البنات اقل,0,1.0,0.0,Ann3,0,3
ArMIS,train,129,لاوالله المقصد الحديث معنى ناقصات عقل شهادة المرأتين مثل شهادة الرجل الواحد ناقصات دين معناها المرأة تصلي اثناء الحيض لاتفسري الأحاديث تهوين,0,1.0,0.0,Ann1,0,3
ArMIS,train,129,لاوالله المقصد الحديث معنى ناقصات عقل شهادة المرأتين مثل شهادة الرجل الواحد ناقصات دين معناها المرأة تصلي اثناء الحيض لاتفسري الأحاديث تهوين,0,1.0,0.0,Ann2,0,3
ArMIS,train,129,لاوالله المقصد الحديث معنى ناقصات عقل شهادة المرأتين مثل شهادة الرجل الواحد ناقصات دين معناها المرأة تصلي اثناء الحيض لاتفسري الأحاديث تهوين,0,1.0,0.0,Ann3,0,3
ArMIS,train,130,اللبس حرية شخصية انه تعمل خاطى وانها متزوجة رجل كويتي فاين حقوق رجلها الكويتي واما يدعون بحقوق المرآة اين حقوقها انا اعتقد بان مسالة اداب وانما مسالة شخصية وانتقام,0,0.67,0.33,Ann1,0,3
ArMIS,train,130,اللبس حرية شخصية انه تعمل خاطى وانها متزوجة رجل كويتي فاين حقوق رجلها الكويتي واما يدعون بحقوق المرآة اين حقوقها انا اعتقد بان مسالة اداب وانما مسالة شخصية وانتقام,0,0.67,0.33,Ann2,0,3
ArMIS,train,130,اللبس حرية شخصية انه تعمل خاطى وانها متزوجة رجل كويتي فاين حقوق رجلها الكويتي واما يدعون بحقوق المرآة اين حقوقها انا اعتقد بان مسالة اداب وانما مسالة شخصية وانتقام,0,0.67,0.33,Ann3,1,3
ArMIS,train,131,أحنا كمان هنتفرج ببلاش ميبقاش بيتك عاهرات بيهرب نساء بيشذوا بأوروبا تيجي تسب نساء مصر,1,0.0,1.0,Ann1,1,3
ArMIS,train,131,أحنا كمان هنتفرج ببلاش ميبقاش بيتك عاهرات بيهرب نساء بيشذوا بأوروبا تيجي تسب نساء مصر,1,0.0,1.0,Ann2,1,3
ArMIS,train,131,أحنا كمان هنتفرج ببلاش ميبقاش بيتك عاهرات بيهرب نساء بيشذوا بأوروبا تيجي تسب نساء مصر,1,0.0,1.0,Ann3,1,3
ArMIS,train,132,تذكرون عندما تبلوا الغرب السورين يدخلون لمنازلنا وبغتصب النساء وكان بإمكاننا نرد عليهم ديننا وتربيتنا تنهانا ذالك اليوم وبعد شهور قليلة الله وجل يأخذ حقنا وحق نسائنا يعلم الله باب الشماتة طعن الشرف الدنيا هكي الله وجل ينسى المظلوم,0,1.0,0.0,Ann1,0,3
ArMIS,train,132,تذكرون عندما تبلوا الغرب السورين يدخلون لمنازلنا وبغتصب النساء وكان بإمكاننا نرد عليهم ديننا وتربيتنا تنهانا ذالك اليوم وبعد شهور قليلة الله وجل يأخذ حقنا وحق نسائنا يعلم الله باب الشماتة طعن الشرف الدنيا هكي الله وجل ينسى المظلوم,0,1.0,0.0,Ann2,0,3
ArMIS,train,132,تذكرون عندما تبلوا الغرب السورين يدخلون لمنازلنا وبغتصب النساء وكان بإمكاننا نرد عليهم ديننا وتربيتنا تنهانا ذالك اليوم وبعد شهور قليلة الله وجل يأخذ حقنا وحق نسائنا يعلم الله باب الشماتة طعن الشرف الدنيا هكي الله وجل ينسى المظلوم,0,1.0,0.0,Ann3,0,3
ArMIS,train,133,تدرون ودي اخربها تويتر منشنوني حسابات شواذ نسويات عىدات الفلبن,1,0.33,0.67,Ann1,1,3
ArMIS,train,133,تدرون ودي اخربها تويتر منشنوني حسابات شواذ نسويات عىدات الفلبن,1,0.33,0.67,Ann2,0,3
ArMIS,train,133,تدرون ودي اخربها تويتر منشنوني حسابات شواذ نسويات عىدات الفلبن,1,0.33,0.67,Ann3,1,3
ArMIS,train,134,الحمد لله أخي عبد الله الردود كافية وافية وأعجبني الوعي أغلب الردود وهذا سهم الشر نسأل الله العافية يميز محكم صريح الدلالة والمتشابه فالنبي يقول أصافح النساء وهذا يقول يصافح النساء وغير صادق والدليل كان يأخذ الأمة فأي وجهل,0,1.0,0.0,Ann1,0,3
ArMIS,train,134,الحمد لله أخي عبد الله الردود كافية وافية وأعجبني الوعي أغلب الردود وهذا سهم الشر نسأل الله العافية يميز محكم صريح الدلالة والمتشابه فالنبي يقول أصافح النساء وهذا يقول يصافح النساء وغير صادق والدليل كان يأخذ الأمة فأي وجهل,0,1.0,0.0,Ann2,0,3
ArMIS,train,134,الحمد لله أخي عبد الله الردود كافية وافية وأعجبني الوعي أغلب الردود وهذا سهم الشر نسأل الله العافية يميز محكم صريح الدلالة والمتشابه فالنبي يقول أصافح النساء وهذا يقول يصافح النساء وغير صادق والدليل كان يأخذ الأمة فأي وجهل,0,1.0,0.0,Ann3,0,3
ArMIS,train,135,صادقه بحفل التفوق داشرات ههه,1,0.33,0.67,Ann1,1,3
ArMIS,train,135,صادقه بحفل التفوق داشرات ههه,1,0.33,0.67,Ann2,0,3
ArMIS,train,135,صادقه بحفل التفوق داشرات ههه,1,0.33,0.67,Ann3,1,3
ArMIS,train,136,ليل انجلترا نسويات,0,0.67,0.33,Ann1,0,3
ArMIS,train,136,ليل انجلترا نسويات,0,0.67,0.33,Ann2,0,3
ArMIS,train,136,ليل انجلترا نسويات,0,0.67,0.33,Ann3,1,3
ArMIS,train,137,مافيه اسمه حقوق المرأة الجملة بحد ذاتها عنصريه ومتحيزه لجنس معين شيء اسمه الرجل والمرأة ياخذون حقوقهم ولان المجتمع عندنا ماميز جنس جنس يعني جملة حقوق المرأة خربوطية سخيفة واللي يقولها عنصري متحيز,0,1.0,0.0,Ann1,0,3
ArMIS,train,137,مافيه اسمه حقوق المرأة الجملة بحد ذاتها عنصريه ومتحيزه لجنس معين شيء اسمه الرجل والمرأة ياخذون حقوقهم ولان المجتمع عندنا ماميز جنس جنس يعني جملة حقوق المرأة خربوطية سخيفة واللي يقولها عنصري متحيز,0,1.0,0.0,Ann2,0,3
ArMIS,train,137,مافيه اسمه حقوق المرأة الجملة بحد ذاتها عنصريه ومتحيزه لجنس معين شيء اسمه الرجل والمرأة ياخذون حقوقهم ولان المجتمع عندنا ماميز جنس جنس يعني جملة حقوق المرأة خربوطية سخيفة واللي يقولها عنصري متحيز,0,1.0,0.0,Ann3,0,3
ArMIS,train,138,اكثر اهل النار النساء كنت آمرا أحدا يسجد لأحد لأمرت المرأة تسجد لزوجها نفس محمد بيده تؤدي المرأة ربها تؤدي زوجها سألها نفسها وهي قتب تمنعه انهن ناقصات عقل ودين تركت فتنة أضر الرجال النساء,1,0.0,1.0,Ann1,1,3
ArMIS,train,138,اكثر اهل النار النساء كنت آمرا أحدا يسجد لأحد لأمرت المرأة تسجد لزوجها نفس محمد بيده تؤدي المرأة ربها تؤدي زوجها سألها نفسها وهي قتب تمنعه انهن ناقصات عقل ودين تركت فتنة أضر الرجال النساء,1,0.0,1.0,Ann2,1,3
ArMIS,train,138,اكثر اهل النار النساء كنت آمرا أحدا يسجد لأحد لأمرت المرأة تسجد لزوجها نفس محمد بيده تؤدي المرأة ربها تؤدي زوجها سألها نفسها وهي قتب تمنعه انهن ناقصات عقل ودين تركت فتنة أضر الرجال النساء,1,0.0,1.0,Ann3,1,3
ArMIS,train,139,اللبس علاقة بالتحرش الدليل الدول العربية اكبر نسبة تحرش خصوصا مصر انها تكاد تكون معدومة الدول المتحررة جهة اللباس بنظركم دائما الحق المرأة لماذا يتحكم الرجل المتحرش برغباته اساس الدين يمنع المعصيات للحقيقة مرتكبي المعصيات دينيون,0,1.0,0.0,Ann1,0,3
ArMIS,train,139,اللبس علاقة بالتحرش الدليل الدول العربية اكبر نسبة تحرش خصوصا مصر انها تكاد تكون معدومة الدول المتحررة جهة اللباس بنظركم دائما الحق المرأة لماذا يتحكم الرجل المتحرش برغباته اساس الدين يمنع المعصيات للحقيقة مرتكبي المعصيات دينيون,0,1.0,0.0,Ann2,0,3
ArMIS,train,139,اللبس علاقة بالتحرش الدليل الدول العربية اكبر نسبة تحرش خصوصا مصر انها تكاد تكون معدومة الدول المتحررة جهة اللباس بنظركم دائما الحق المرأة لماذا يتحكم الرجل المتحرش برغباته اساس الدين يمنع المعصيات للحقيقة مرتكبي المعصيات دينيون,0,1.0,0.0,Ann3,0,3
ArMIS,train,140,بالعكس حللته كامل قلت لأن نسويات كثير كفوا وفوا يحتاج أكرر كلامهن أضفت منظور آخر,0,1.0,0.0,Ann1,0,3
ArMIS,train,140,بالعكس حللته كامل قلت لأن نسويات كثير كفوا وفوا يحتاج أكرر كلامهن أضفت منظور آخر,0,1.0,0.0,Ann2,0,3
ArMIS,train,140,بالعكس حللته كامل قلت لأن نسويات كثير كفوا وفوا يحتاج أكرر كلامهن أضفت منظور آخر,0,1.0,0.0,Ann3,0,3
ArMIS,train,141,ومو نسويات نفس,0,1.0,0.0,Ann1,0,3
ArMIS,train,141,ومو نسويات نفس,0,1.0,0.0,Ann2,0,3
ArMIS,train,141,ومو نسويات نفس,0,1.0,0.0,Ann3,0,3
ArMIS,train,142,بعضهم كاتبين نسوية وانتي تقدري ترفعي الاضطهاد وهم نفس وضعها وأخس وأصلا إحنا بنكون نسويات كان إضطهاد فحجة أنتي نسوية تقدري رفع الإضطهاد يعني بمنطقهم مافي امرأة بالعالم تعتبر نسوية الكل تحت إضطهاد أبوي,0,1.0,0.0,Ann1,0,3
ArMIS,train,142,بعضهم كاتبين نسوية وانتي تقدري ترفعي الاضطهاد وهم نفس وضعها وأخس وأصلا إحنا بنكون نسويات كان إضطهاد فحجة أنتي نسوية تقدري رفع الإضطهاد يعني بمنطقهم مافي امرأة بالعالم تعتبر نسوية الكل تحت إضطهاد أبوي,0,1.0,0.0,Ann2,0,3
ArMIS,train,142,بعضهم كاتبين نسوية وانتي تقدري ترفعي الاضطهاد وهم نفس وضعها وأخس وأصلا إحنا بنكون نسويات كان إضطهاد فحجة أنتي نسوية تقدري رفع الإضطهاد يعني بمنطقهم مافي امرأة بالعالم تعتبر نسوية الكل تحت إضطهاد أبوي,0,1.0,0.0,Ann3,0,3
ArMIS,train,143,النسوان بلشو يفهمو موضوع حقوق المرأة غلط يعني مثلا اذا كنتي مسلمة بالإسلام ابونا آدم أنخلقت حواء ضلعه لتشاركه حياته وتساعده وتدعمه ويتكاثرو وينجبو هالذرية واذا كنتي ملحدة اصلك قرد بحسب اعتقادك معناها انتي بطبعك الحيواني دور اساسي وكبير جدا ومهم انك تتكاثري وبس عيني,0,0.67,0.33,Ann1,1,3
ArMIS,train,143,النسوان بلشو يفهمو موضوع حقوق المرأة غلط يعني مثلا اذا كنتي مسلمة بالإسلام ابونا آدم أنخلقت حواء ضلعه لتشاركه حياته وتساعده وتدعمه ويتكاثرو وينجبو هالذرية واذا كنتي ملحدة اصلك قرد بحسب اعتقادك معناها انتي بطبعك الحيواني دور اساسي وكبير جدا ومهم انك تتكاثري وبس عيني,0,0.67,0.33,Ann2,0,3
ArMIS,train,143,النسوان بلشو يفهمو موضوع حقوق المرأة غلط يعني مثلا اذا كنتي مسلمة بالإسلام ابونا آدم أنخلقت حواء ضلعه لتشاركه حياته وتساعده وتدعمه ويتكاثرو وينجبو هالذرية واذا كنتي ملحدة اصلك قرد بحسب اعتقادك معناها انتي بطبعك الحيواني دور اساسي وكبير جدا ومهم انك تتكاثري وبس عيني,0,0.67,0.33,Ann3,0,3
ArMIS,train,144,الهاشتاق كميه عوانس مرغوب فيهم ههه,1,0.33,0.67,Ann1,1,3
ArMIS,train,144,الهاشتاق كميه عوانس مرغوب فيهم ههه,1,0.33,0.67,Ann2,0,3
ArMIS,train,144,الهاشتاق كميه عوانس مرغوب فيهم ههه,1,0.33,0.67,Ann3,1,3
ArMIS,train,145,كلامه الله يحفظه عالمرأه الواعيه المثقفه الصالحه النسويات المنحطات السافلات,1,0.0,1.0,Ann1,1,3
ArMIS,train,145,كلامه الله يحفظه عالمرأه الواعيه المثقفه الصالحه النسويات المنحطات السافلات,1,0.0,1.0,Ann2,1,3
ArMIS,train,145,كلامه الله يحفظه عالمرأه الواعيه المثقفه الصالحه النسويات المنحطات السافلات,1,0.0,1.0,Ann3,1,3
ArMIS,train,146,طبعا حصاد راجل كان بيعظم ابنه عشان ولد وغريزه مسموح حاجه لكونك ولد يقتله ضرب برضو عشان ولد والنتيجه طلعوا كلاب سعرانه شوارع يأذوا بنات الخلق,0,1.0,0.0,Ann1,0,3
ArMIS,train,146,طبعا حصاد راجل كان بيعظم ابنه عشان ولد وغريزه مسموح حاجه لكونك ولد يقتله ضرب برضو عشان ولد والنتيجه طلعوا كلاب سعرانه شوارع يأذوا بنات الخلق,0,1.0,0.0,Ann2,0,3
ArMIS,train,146,طبعا حصاد راجل كان بيعظم ابنه عشان ولد وغريزه مسموح حاجه لكونك ولد يقتله ضرب برضو عشان ولد والنتيجه طلعوا كلاب سعرانه شوارع يأذوا بنات الخلق,0,1.0,0.0,Ann3,0,3
ArMIS,train,147,العزوف الزواج سنة نبينا الكريم مثل ماأن فتيات متمردات تقول فهناك الكثير العفيفات الصالحات بيوت أهلهن تنظر الى القشور والظاهر الناس حولك أصدق الله وأصلح حالك أطلب الزوجة الصالحة سيعطيك,0,1.0,0.0,Ann1,0,3
ArMIS,train,147,العزوف الزواج سنة نبينا الكريم مثل ماأن فتيات متمردات تقول فهناك الكثير العفيفات الصالحات بيوت أهلهن تنظر الى القشور والظاهر الناس حولك أصدق الله وأصلح حالك أطلب الزوجة الصالحة سيعطيك,0,1.0,0.0,Ann2,0,3
ArMIS,train,147,العزوف الزواج سنة نبينا الكريم مثل ماأن فتيات متمردات تقول فهناك الكثير العفيفات الصالحات بيوت أهلهن تنظر الى القشور والظاهر الناس حولك أصدق الله وأصلح حالك أطلب الزوجة الصالحة سيعطيك,0,1.0,0.0,Ann3,0,3
ArMIS,train,148,الحرمه فاسده وخاينه للأمانه لاتمكنها المناصب اقسم بالله مافيه افسد وانجس واخبث الحريم انااعاني منهن اذا راجعت المكاتب الحكوميه الله لايوفقهم نجسات وفاسدات واخرها اليوم امارة تبوك الفاسده موظفاتها فاسدات نجسات الله يرزقهم بسرطان,1,0.0,1.0,Ann1,1,3
ArMIS,train,148,الحرمه فاسده وخاينه للأمانه لاتمكنها المناصب اقسم بالله مافيه افسد وانجس واخبث الحريم انااعاني منهن اذا راجعت المكاتب الحكوميه الله لايوفقهم نجسات وفاسدات واخرها اليوم امارة تبوك الفاسده موظفاتها فاسدات نجسات الله يرزقهم بسرطان,1,0.0,1.0,Ann2,1,3
ArMIS,train,148,الحرمه فاسده وخاينه للأمانه لاتمكنها المناصب اقسم بالله مافيه افسد وانجس واخبث الحريم انااعاني منهن اذا راجعت المكاتب الحكوميه الله لايوفقهم نجسات وفاسدات واخرها اليوم امارة تبوك الفاسده موظفاتها فاسدات نجسات الله يرزقهم بسرطان,1,0.0,1.0,Ann3,1,3
ArMIS,train,149,اخس فئه النساء ممكن تمر عليكم العاهه تقلل قدر النساء الثانين عشان الذكرر اللي جنبها وقاعد يعززلها وجالسه تتكلم ومحسستني انو المرأة وظيفتها تنجب وتربي الله ياخذ تفكيرك الزقق وانتي تروحين وتجين وتسمعين للناس وتفكيرك كذاا يلا انبسطي الذكور صفقو معتوهه,1,0.33,0.67,Ann1,1,3
ArMIS,train,149,اخس فئه النساء ممكن تمر عليكم العاهه تقلل قدر النساء الثانين عشان الذكرر اللي جنبها وقاعد يعززلها وجالسه تتكلم ومحسستني انو المرأة وظيفتها تنجب وتربي الله ياخذ تفكيرك الزقق وانتي تروحين وتجين وتسمعين للناس وتفكيرك كذاا يلا انبسطي الذكور صفقو معتوهه,1,0.33,0.67,Ann2,1,3
ArMIS,train,149,اخس فئه النساء ممكن تمر عليكم العاهه تقلل قدر النساء الثانين عشان الذكرر اللي جنبها وقاعد يعززلها وجالسه تتكلم ومحسستني انو المرأة وظيفتها تنجب وتربي الله ياخذ تفكيرك الزقق وانتي تروحين وتجين وتسمعين للناس وتفكيرك كذاا يلا انبسطي الذكور صفقو معتوهه,1,0.33,0.67,Ann3,0,3
ArMIS,train,150,كثير متمردات ينتحرن ايضا,0,1.0,0.0,Ann1,0,3
ArMIS,train,150,كثير متمردات ينتحرن ايضا,0,1.0,0.0,Ann2,0,3
ArMIS,train,150,كثير متمردات ينتحرن ايضا,0,1.0,0.0,Ann3,0,3
ArMIS,train,151,وليش مايحافظون الرجل النساء اللي قلبهم مرض اعتراف المرأه اعقل الرجل اللي ناقص عقل ودين وعادي ياخذ صوت خلخال حجه للزنا,0,1.0,0.0,Ann1,0,3
ArMIS,train,151,وليش مايحافظون الرجل النساء اللي قلبهم مرض اعتراف المرأه اعقل الرجل اللي ناقص عقل ودين وعادي ياخذ صوت خلخال حجه للزنا,0,1.0,0.0,Ann2,0,3
ArMIS,train,151,وليش مايحافظون الرجل النساء اللي قلبهم مرض اعتراف المرأه اعقل الرجل اللي ناقص عقل ودين وعادي ياخذ صوت خلخال حجه للزنا,0,1.0,0.0,Ann3,0,3
ArMIS,train,152,انت كهف طلعت ماتوا اللي يقولون عوانس,0,1.0,0.0,Ann1,0,3
ArMIS,train,152,انت كهف طلعت ماتوا اللي يقولون عوانس,0,1.0,0.0,Ann2,0,3
ArMIS,train,152,انت كهف طلعت ماتوا اللي يقولون عوانس,0,1.0,0.0,Ann3,0,3
ArMIS,train,153,انحشر نسويات,0,1.0,0.0,Ann1,0,3
ArMIS,train,153,انحشر نسويات,0,1.0,0.0,Ann2,0,3
ArMIS,train,153,انحشر نسويات,0,1.0,0.0,Ann3,0,3
ArMIS,train,154,سمح للمرأة المملكة العربية السعودية بقيادة السيارة أشاهد أمرأة تقود سيارة وتنظر الجوال أبد عكس الرجال اغلبيتهم يستخدون الجوال أثناء القيادة نقطة نظام تسجل لصالح المرأة ودعوة للرجال للعمل مثلهن نسلم كثير الحوادث,0,1.0,0.0,Ann1,0,3
ArMIS,train,154,سمح للمرأة المملكة العربية السعودية بقيادة السيارة أشاهد أمرأة تقود سيارة وتنظر الجوال أبد عكس الرجال اغلبيتهم يستخدون الجوال أثناء القيادة نقطة نظام تسجل لصالح المرأة ودعوة للرجال للعمل مثلهن نسلم كثير الحوادث,0,1.0,0.0,Ann2,0,3
ArMIS,train,154,سمح للمرأة المملكة العربية السعودية بقيادة السيارة أشاهد أمرأة تقود سيارة وتنظر الجوال أبد عكس الرجال اغلبيتهم يستخدون الجوال أثناء القيادة نقطة نظام تسجل لصالح المرأة ودعوة للرجال للعمل مثلهن نسلم كثير الحوادث,0,1.0,0.0,Ann3,0,3
ArMIS,train,155,الرخيص الي يشوف الكل مثله رخيص لأنها قذره والي معها بالقروب قذرات مثلها ورخيصات يحسبون البنات مثلهم خلها بذمتهم كلامهم وكلام شخص احد بغير وجه وطعن بالشرف والسمعه,1,0.0,1.0,Ann1,1,3
ArMIS,train,155,الرخيص الي يشوف الكل مثله رخيص لأنها قذره والي معها بالقروب قذرات مثلها ورخيصات يحسبون البنات مثلهم خلها بذمتهم كلامهم وكلام شخص احد بغير وجه وطعن بالشرف والسمعه,1,0.0,1.0,Ann2,1,3
ArMIS,train,155,الرخيص الي يشوف الكل مثله رخيص لأنها قذره والي معها بالقروب قذرات مثلها ورخيصات يحسبون البنات مثلهم خلها بذمتهم كلامهم وكلام شخص احد بغير وجه وطعن بالشرف والسمعه,1,0.0,1.0,Ann3,1,3
ArMIS,train,156,رجلا أراد يمازح زوجته فقال لقد خلقكن الله جميلات لكنكن ناقصات عقل قالت خلقنا الله جميلات لتحب ونا وخلقنا ناقصات عقل لنحب فمضى يرد سان براه الله نصل سيف شاغ ماز غاز بهتي الحال,1,0.33,0.67,Ann1,1,3
ArMIS,train,156,رجلا أراد يمازح زوجته فقال لقد خلقكن الله جميلات لكنكن ناقصات عقل قالت خلقنا الله جميلات لتحب ونا وخلقنا ناقصات عقل لنحب فمضى يرد سان براه الله نصل سيف شاغ ماز غاز بهتي الحال,1,0.33,0.67,Ann2,1,3
ArMIS,train,156,رجلا أراد يمازح زوجته فقال لقد خلقكن الله جميلات لكنكن ناقصات عقل قالت خلقنا الله جميلات لتحب ونا وخلقنا ناقصات عقل لنحب فمضى يرد سان براه الله نصل سيف شاغ ماز غاز بهتي الحال,1,0.33,0.67,Ann3,0,3
ArMIS,train,157,احد آليات مواجهة العنف المرأة العمل توعية المرأة بحقوقها وواجباتها طريق الندوات والمحاضرات ووسائل الأعلام المختلفة,0,1.0,0.0,Ann1,0,3
ArMIS,train,157,احد آليات مواجهة العنف المرأة العمل توعية المرأة بحقوقها وواجباتها طريق الندوات والمحاضرات ووسائل الأعلام المختلفة,0,1.0,0.0,Ann2,0,3
ArMIS,train,157,احد آليات مواجهة العنف المرأة العمل توعية المرأة بحقوقها وواجباتها طريق الندوات والمحاضرات ووسائل الأعلام المختلفة,0,1.0,0.0,Ann3,0,3
ArMIS,train,158,اذا كنتي اقل يقال عنك,0,1.0,0.0,Ann1,0,3
ArMIS,train,158,اذا كنتي اقل يقال عنك,0,1.0,0.0,Ann2,0,3
ArMIS,train,158,اذا كنتي اقل يقال عنك,0,1.0,0.0,Ann3,0,3
ArMIS,train,159,الله يهديه شاء الله كلام سليم غبار نسويات متطرفات يوجد المقابل ذكوريين متطرفين احسن انتهى,0,1.0,0.0,Ann1,0,3
ArMIS,train,159,الله يهديه شاء الله كلام سليم غبار نسويات متطرفات يوجد المقابل ذكوريين متطرفين احسن انتهى,0,1.0,0.0,Ann2,0,3
ArMIS,train,159,الله يهديه شاء الله كلام سليم غبار نسويات متطرفات يوجد المقابل ذكوريين متطرفين احسن انتهى,0,1.0,0.0,Ann3,0,3
ArMIS,train,160,كاتب مليون سطر ليه ومين جاب طاري النسوية ههه أدري إنك تعاني قوة النسويات وشدخلها بكلامنا محد جاب طاريها اللي حافظ وجاي يفرغ,0,1.0,0.0,Ann1,0,3
ArMIS,train,160,كاتب مليون سطر ليه ومين جاب طاري النسوية ههه أدري إنك تعاني قوة النسويات وشدخلها بكلامنا محد جاب طاريها اللي حافظ وجاي يفرغ,0,1.0,0.0,Ann2,0,3
ArMIS,train,160,كاتب مليون سطر ليه ومين جاب طاري النسوية ههه أدري إنك تعاني قوة النسويات وشدخلها بكلامنا محد جاب طاريها اللي حافظ وجاي يفرغ,0,1.0,0.0,Ann3,0,3
ArMIS,train,161,بليز بتمنى محدش يشتمها لأن واضح إنها فاهمة واخدة فكرة غلط المصطلح نفسه ودة شيئ شائع الناس اللي شايفين نسوية يعني زواج المثليات مثلا نسوية يعني يعني إلحاد هروح أبعت رسالة شاء الله خير,0,1.0,0.0,Ann1,0,3
ArMIS,train,161,بليز بتمنى محدش يشتمها لأن واضح إنها فاهمة واخدة فكرة غلط المصطلح نفسه ودة شيئ شائع الناس اللي شايفين نسوية يعني زواج المثليات مثلا نسوية يعني يعني إلحاد هروح أبعت رسالة شاء الله خير,0,1.0,0.0,Ann2,0,3
ArMIS,train,161,بليز بتمنى محدش يشتمها لأن واضح إنها فاهمة واخدة فكرة غلط المصطلح نفسه ودة شيئ شائع الناس اللي شايفين نسوية يعني زواج المثليات مثلا نسوية يعني يعني إلحاد هروح أبعت رسالة شاء الله خير,0,1.0,0.0,Ann3,0,3
ArMIS,train,162,مرضان انتممم الله ياخذ النسويات والي قلوبهم مرض,1,0.0,1.0,Ann1,1,3
ArMIS,train,162,مرضان انتممم الله ياخذ النسويات والي قلوبهم مرض,1,0.0,1.0,Ann2,1,3
ArMIS,train,162,مرضان انتممم الله ياخذ النسويات والي قلوبهم مرض,1,0.0,1.0,Ann3,1,3
ArMIS,train,163,ذكرتني بسالفه قبل سنتين بتويتر غلطت وقلت مابي زوجه ماتعرف تطبخ جوني جيش نسويات واستلموني الله وكيلك,0,1.0,0.0,Ann1,0,3
ArMIS,train,163,ذكرتني بسالفه قبل سنتين بتويتر غلطت وقلت مابي زوجه ماتعرف تطبخ جوني جيش نسويات واستلموني الله وكيلك,0,1.0,0.0,Ann2,0,3
ArMIS,train,163,ذكرتني بسالفه قبل سنتين بتويتر غلطت وقلت مابي زوجه ماتعرف تطبخ جوني جيش نسويات واستلموني الله وكيلك,0,1.0,0.0,Ann3,0,3
ArMIS,train,164,حضرتك كأنك تقول انو الرجل يصلح انو يكون بمنصب مدير رئيس لأن طبيعة الرجل عصبي مندفع ممكن ياخذ قرار يودي الشركة البلد بداهية ... كلامك صحيح كانو اشهر قضاة نساء مثل روث بدر سونيا سوتوماير بريندا هايل كثير النساء اللي دخلو التاريخ,0,1.0,0.0,Ann1,0,3
ArMIS,train,164,حضرتك كأنك تقول انو الرجل يصلح انو يكون بمنصب مدير رئيس لأن طبيعة الرجل عصبي مندفع ممكن ياخذ قرار يودي الشركة البلد بداهية ... كلامك صحيح كانو اشهر قضاة نساء مثل روث بدر سونيا سوتوماير بريندا هايل كثير النساء اللي دخلو التاريخ,0,1.0,0.0,Ann2,0,3
ArMIS,train,164,حضرتك كأنك تقول انو الرجل يصلح انو يكون بمنصب مدير رئيس لأن طبيعة الرجل عصبي مندفع ممكن ياخذ قرار يودي الشركة البلد بداهية ... كلامك صحيح كانو اشهر قضاة نساء مثل روث بدر سونيا سوتوماير بريندا هايل كثير النساء اللي دخلو التاريخ,0,1.0,0.0,Ann3,0,3
ArMIS,train,165,الدراما الخليجيه وخاصه السعوديه تظهر الواقع أبوها تشويه للمجتمع وقيمه بغض النظر هالمسلسل اللي مااعرفه ولاابي أشوفه المسلسلات السعوديه خاصه اللي تعرض mbc كلها طمس للدين وللقيم والعادات والتقاليد يحسبون بنات السعوديه فلاويات متحررات متبرجات الخ,0,0.67,0.33,Ann1,0,3
ArMIS,train,165,الدراما الخليجيه وخاصه السعوديه تظهر الواقع أبوها تشويه للمجتمع وقيمه بغض النظر هالمسلسل اللي مااعرفه ولاابي أشوفه المسلسلات السعوديه خاصه اللي تعرض mbc كلها طمس للدين وللقيم والعادات والتقاليد يحسبون بنات السعوديه فلاويات متحررات متبرجات الخ,0,0.67,0.33,Ann2,0,3
ArMIS,train,165,الدراما الخليجيه وخاصه السعوديه تظهر الواقع أبوها تشويه للمجتمع وقيمه بغض النظر هالمسلسل اللي مااعرفه ولاابي أشوفه المسلسلات السعوديه خاصه اللي تعرض mbc كلها طمس للدين وللقيم والعادات والتقاليد يحسبون بنات السعوديه فلاويات متحررات متبرجات الخ,0,0.67,0.33,Ann3,1,3
ArMIS,train,166,الزهل ماقال طبيعي جمهور الهلال نساء انت شايف النساء عيب عشان الهلال ياخذ قانوني واضح انك بزر ولاتفقه ماتقول قال ايش قال صورتها ياخذون حقهم الحمدلله والشكر ههه,0,1.0,0.0,Ann1,0,3
ArMIS,train,166,الزهل ماقال طبيعي جمهور الهلال نساء انت شايف النساء عيب عشان الهلال ياخذ قانوني واضح انك بزر ولاتفقه ماتقول قال ايش قال صورتها ياخذون حقهم الحمدلله والشكر ههه,0,1.0,0.0,Ann2,0,3
ArMIS,train,166,الزهل ماقال طبيعي جمهور الهلال نساء انت شايف النساء عيب عشان الهلال ياخذ قانوني واضح انك بزر ولاتفقه ماتقول قال ايش قال صورتها ياخذون حقهم الحمدلله والشكر ههه,0,1.0,0.0,Ann3,0,3
ArMIS,train,167,كونكن قذرات الشي يمنعني مواصلة الحديث معاكن,1,0.0,1.0,Ann1,1,3
ArMIS,train,167,كونكن قذرات الشي يمنعني مواصلة الحديث معاكن,1,0.0,1.0,Ann2,1,3
ArMIS,train,167,كونكن قذرات الشي يمنعني مواصلة الحديث معاكن,1,0.0,1.0,Ann3,1,3
ArMIS,train,168,ليتك تفهم كلمه ناقصات عقل ياجاهل,0,1.0,0.0,Ann1,0,3
ArMIS,train,168,ليتك تفهم كلمه ناقصات عقل ياجاهل,0,1.0,0.0,Ann2,0,3
ArMIS,train,168,ليتك تفهم كلمه ناقصات عقل ياجاهل,0,1.0,0.0,Ann3,0,3
ArMIS,train,169,تربيتها غلط بغلط كانها عجوز تنتقد وازعجتنا بكلمة فاسدات ومطلعات بطونهن وهي ملبستها امها مايوه وعادي تلعمينها النفاق ياماما مانبي جيل اللي علينا منافقين وملاقيف ويحللون ويحرمون كيفهم انسى لمن جتهم مودل ملابس وغثتها شوي تنزل التيشيرت تغطي بطنها والام تضحك,1,0.33,0.67,Ann1,1,3
ArMIS,train,169,تربيتها غلط بغلط كانها عجوز تنتقد وازعجتنا بكلمة فاسدات ومطلعات بطونهن وهي ملبستها امها مايوه وعادي تلعمينها النفاق ياماما مانبي جيل اللي علينا منافقين وملاقيف ويحللون ويحرمون كيفهم انسى لمن جتهم مودل ملابس وغثتها شوي تنزل التيشيرت تغطي بطنها والام تضحك,1,0.33,0.67,Ann2,1,3
ArMIS,train,169,تربيتها غلط بغلط كانها عجوز تنتقد وازعجتنا بكلمة فاسدات ومطلعات بطونهن وهي ملبستها امها مايوه وعادي تلعمينها النفاق ياماما مانبي جيل اللي علينا منافقين وملاقيف ويحللون ويحرمون كيفهم انسى لمن جتهم مودل ملابس وغثتها شوي تنزل التيشيرت تغطي بطنها والام تضحك,1,0.33,0.67,Ann3,0,3
ArMIS,train,170,شييقول يفكر البنات ضايعات صايعات مريض,0,1.0,0.0,Ann1,0,3
ArMIS,train,170,شييقول يفكر البنات ضايعات صايعات مريض,0,1.0,0.0,Ann2,0,3
ArMIS,train,170,شييقول يفكر البنات ضايعات صايعات مريض,0,1.0,0.0,Ann3,0,3
ArMIS,train,171,ههه معظم نساء قبل يثقبن لأنف يعني كانن كلهن فاجرات,1,0.33,0.67,Ann1,0,3
ArMIS,train,171,ههه معظم نساء قبل يثقبن لأنف يعني كانن كلهن فاجرات,1,0.33,0.67,Ann2,1,3
ArMIS,train,171,ههه معظم نساء قبل يثقبن لأنف يعني كانن كلهن فاجرات,1,0.33,0.67,Ann3,1,3
ArMIS,train,172,ههه اللي حافظينه الشرع حلل ناقصات عقل دين الرجال قوامون النساء حافظين فاهمين,0,1.0,0.0,Ann1,0,3
ArMIS,train,172,ههه اللي حافظينه الشرع حلل ناقصات عقل دين الرجال قوامون النساء حافظين فاهمين,0,1.0,0.0,Ann2,0,3
ArMIS,train,172,ههه اللي حافظينه الشرع حلل ناقصات عقل دين الرجال قوامون النساء حافظين فاهمين,0,1.0,0.0,Ann3,0,3
ArMIS,train,173,الاحصائيات ظالمة بالعادة وموجهة باتجاه معين بسبب خلفية النساء المنظمات النسوية الم عدة للأحصاءات وثاني القانون والدستور العراقي يماثل المرأة الرجل الفقه الجعفري بالمحاكم ياخذ جانب المرأة دائم وعدنا حالة بعائلتي اسمع واقرا فلان وعلان,0,1.0,0.0,Ann1,0,3
ArMIS,train,173,الاحصائيات ظالمة بالعادة وموجهة باتجاه معين بسبب خلفية النساء المنظمات النسوية الم عدة للأحصاءات وثاني القانون والدستور العراقي يماثل المرأة الرجل الفقه الجعفري بالمحاكم ياخذ جانب المرأة دائم وعدنا حالة بعائلتي اسمع واقرا فلان وعلان,0,1.0,0.0,Ann2,0,3
ArMIS,train,173,الاحصائيات ظالمة بالعادة وموجهة باتجاه معين بسبب خلفية النساء المنظمات النسوية الم عدة للأحصاءات وثاني القانون والدستور العراقي يماثل المرأة الرجل الفقه الجعفري بالمحاكم ياخذ جانب المرأة دائم وعدنا حالة بعائلتي اسمع واقرا فلان وعلان,0,1.0,0.0,Ann3,0,3
ArMIS,train,174,طبعا يجي المريض غالبية العظمى فئة النساء للأسف الطبيب لابد يأخذ تاريخ المريض بشكل مفص الأسئلة تكون open يأخذ المريض راحته الشرح وممكن يذكر بنفسه ألمه وهمومه وهذا بحد ذاته مهم وممكن يساعدني كطبيب التشخيص تحديد الحالة المرضية,0,1.0,0.0,Ann1,0,3
ArMIS,train,174,طبعا يجي المريض غالبية العظمى فئة النساء للأسف الطبيب لابد يأخذ تاريخ المريض بشكل مفص الأسئلة تكون open يأخذ المريض راحته الشرح وممكن يذكر بنفسه ألمه وهمومه وهذا بحد ذاته مهم وممكن يساعدني كطبيب التشخيص تحديد الحالة المرضية,0,1.0,0.0,Ann2,0,3
ArMIS,train,174,طبعا يجي المريض غالبية العظمى فئة النساء للأسف الطبيب لابد يأخذ تاريخ المريض بشكل مفص الأسئلة تكون open يأخذ المريض راحته الشرح وممكن يذكر بنفسه ألمه وهمومه وهذا بحد ذاته مهم وممكن يساعدني كطبيب التشخيص تحديد الحالة المرضية,0,1.0,0.0,Ann3,0,3
ArMIS,train,175,زمن الكمامه عيون النساء تستعيد التوهج,1,0.33,0.67,Ann1,0,3
ArMIS,train,175,زمن الكمامه عيون النساء تستعيد التوهج,1,0.33,0.67,Ann2,1,3
ArMIS,train,175,زمن الكمامه عيون النساء تستعيد التوهج,1,0.33,0.67,Ann3,1,3
ArMIS,train,176,أول حرمتين تعينهن المرور فاسدات أمحق تمكين,1,0.0,1.0,Ann1,1,3
ArMIS,train,176,أول حرمتين تعينهن المرور فاسدات أمحق تمكين,1,0.0,1.0,Ann2,1,3
ArMIS,train,176,أول حرمتين تعينهن المرور فاسدات أمحق تمكين,1,0.0,1.0,Ann3,1,3
ArMIS,train,177,ليش الغاء تشديد شروطها بالذات المراه اصبحت تقود السياره تشديد الشروط ويمنع الاعزب والغرباء الاستقدام يمنع يقل عمره سنه الاستقدام الا اذا اثبت لديه اطفال اقل سنه والا يوجد يوصلهم لظروف عمله,0,1.0,0.0,Ann1,0,3
ArMIS,train,177,ليش الغاء تشديد شروطها بالذات المراه اصبحت تقود السياره تشديد الشروط ويمنع الاعزب والغرباء الاستقدام يمنع يقل عمره سنه الاستقدام الا اذا اثبت لديه اطفال اقل سنه والا يوجد يوصلهم لظروف عمله,0,1.0,0.0,Ann2,0,3
ArMIS,train,177,ليش الغاء تشديد شروطها بالذات المراه اصبحت تقود السياره تشديد الشروط ويمنع الاعزب والغرباء الاستقدام يمنع يقل عمره سنه الاستقدام الا اذا اثبت لديه اطفال اقل سنه والا يوجد يوصلهم لظروف عمله,0,1.0,0.0,Ann3,0,3
ArMIS,train,178,والله اني اشفق عليهن بدون حجاب سافرات متبرجات الحمل يزيد ميزان سيئاتهم الصحيح يكن متحجبات محارمهن نفس الرحله,1,0.33,0.67,Ann1,1,3
ArMIS,train,178,والله اني اشفق عليهن بدون حجاب سافرات متبرجات الحمل يزيد ميزان سيئاتهم الصحيح يكن متحجبات محارمهن نفس الرحله,1,0.33,0.67,Ann2,0,3
ArMIS,train,178,والله اني اشفق عليهن بدون حجاب سافرات متبرجات الحمل يزيد ميزان سيئاتهم الصحيح يكن متحجبات محارمهن نفس الرحله,1,0.33,0.67,Ann3,1,3
ArMIS,train,179,لايك وارسلها لابوي دايم يرسل قصص نسويات تائبات,0,0.67,0.33,Ann1,1,3
ArMIS,train,179,لايك وارسلها لابوي دايم يرسل قصص نسويات تائبات,0,0.67,0.33,Ann2,0,3
ArMIS,train,179,لايك وارسلها لابوي دايم يرسل قصص نسويات تائبات,0,0.67,0.33,Ann3,0,3
ArMIS,train,180,ضروري نتكلم واقع المرأة اليمنية القانون خصوصا يتعلق,0,1.0,0.0,Ann1,0,3
ArMIS,train,180,ضروري نتكلم واقع المرأة اليمنية القانون خصوصا يتعلق,0,1.0,0.0,Ann2,0,3
ArMIS,train,180,ضروري نتكلم واقع المرأة اليمنية القانون خصوصا يتعلق,0,1.0,0.0,Ann3,0,3
ArMIS,train,181,فعلا العنف المرأه السعوديه خرج جيل البنات السعوديات صلبات وقويات ومكافحات ووعيات,1,0.33,0.67,Ann1,1,3
ArMIS,train,181,فعلا العنف المرأه السعوديه خرج جيل البنات السعوديات صلبات وقويات ومكافحات ووعيات,1,0.33,0.67,Ann2,0,3
ArMIS,train,181,فعلا العنف المرأه السعوديه خرج جيل البنات السعوديات صلبات وقويات ومكافحات ووعيات,1,0.33,0.67,Ann3,1,3
ArMIS,train,182,عجبا نساء يقبلن تكون الكلمة وان يكن متسلطات يقدن البيت بمزاجهن اننا معشر النساء بلغنا العلم والثقافة فعاطفتنا ستطغى شئنا ابينا تحلينا بالموضوعية والحكمة فلن نمتلك النظر والشمولية يمتلكها الرجل وهذا كله الحقيقة تشريف للمرأة وتكريم,1,0.33,0.67,Ann1,1,3
ArMIS,train,182,عجبا نساء يقبلن تكون الكلمة وان يكن متسلطات يقدن البيت بمزاجهن اننا معشر النساء بلغنا العلم والثقافة فعاطفتنا ستطغى شئنا ابينا تحلينا بالموضوعية والحكمة فلن نمتلك النظر والشمولية يمتلكها الرجل وهذا كله الحقيقة تشريف للمرأة وتكريم,1,0.33,0.67,Ann2,0,3
ArMIS,train,182,عجبا نساء يقبلن تكون الكلمة وان يكن متسلطات يقدن البيت بمزاجهن اننا معشر النساء بلغنا العلم والثقافة فعاطفتنا ستطغى شئنا ابينا تحلينا بالموضوعية والحكمة فلن نمتلك النظر والشمولية يمتلكها الرجل وهذا كله الحقيقة تشريف للمرأة وتكريم,1,0.33,0.67,Ann3,1,3
ArMIS,train,183,النسوية ومع ابقاء مكانة الرجل انتي كهف طالعه ارجعي ادخليه اشتري افكارك الغبية,0,0.67,0.33,Ann1,0,3
ArMIS,train,183,النسوية ومع ابقاء مكانة الرجل انتي كهف طالعه ارجعي ادخليه اشتري افكارك الغبية,0,0.67,0.33,Ann2,1,3
ArMIS,train,183,النسوية ومع ابقاء مكانة الرجل انتي كهف طالعه ارجعي ادخليه اشتري افكارك الغبية,0,0.67,0.33,Ann3,0,3
ArMIS,train,184,الشيخه تمارا ماعليك امر طال عمرك بالله تكلمي موضوع السلفع اللي الايام كثير يرددونها وينعتون بعص النساء طبعا هبة جديده هالكلمه ماكانت كلمة ناقصات عقل نصيب الاسد,0,1.0,0.0,Ann1,0,3
ArMIS,train,184,الشيخه تمارا ماعليك امر طال عمرك بالله تكلمي موضوع السلفع اللي الايام كثير يرددونها وينعتون بعص النساء طبعا هبة جديده هالكلمه ماكانت كلمة ناقصات عقل نصيب الاسد,0,1.0,0.0,Ann2,0,3
ArMIS,train,184,الشيخه تمارا ماعليك امر طال عمرك بالله تكلمي موضوع السلفع اللي الايام كثير يرددونها وينعتون بعص النساء طبعا هبة جديده هالكلمه ماكانت كلمة ناقصات عقل نصيب الاسد,0,1.0,0.0,Ann3,0,3
ArMIS,train,185,نسويات وةحاب ههه,1,0.0,1.0,Ann1,1,3
ArMIS,train,185,نسويات وةحاب ههه,1,0.0,1.0,Ann2,1,3
ArMIS,train,185,نسويات وةحاب ههه,1,0.0,1.0,Ann3,1,3
ArMIS,train,186,فاسدات فاسقات قذف المشكلة احنا نجرب نفسنا المصطلحات جرب نفسك المصطلحات وقتها تعرف قذف قذف,0,1.0,0.0,Ann1,0,3
ArMIS,train,186,فاسدات فاسقات قذف المشكلة احنا نجرب نفسنا المصطلحات جرب نفسك المصطلحات وقتها تعرف قذف قذف,0,1.0,0.0,Ann2,0,3
ArMIS,train,186,فاسدات فاسقات قذف المشكلة احنا نجرب نفسنا المصطلحات جرب نفسك المصطلحات وقتها تعرف قذف قذف,0,1.0,0.0,Ann3,0,3
ArMIS,train,187,الله ياخذ كاسبر ملعون يضربها بكلم النسويات يفزعون ههه,0,1.0,0.0,Ann1,0,3
ArMIS,train,187,الله ياخذ كاسبر ملعون يضربها بكلم النسويات يفزعون ههه,0,1.0,0.0,Ann2,0,3
ArMIS,train,187,الله ياخذ كاسبر ملعون يضربها بكلم النسويات يفزعون ههه,0,1.0,0.0,Ann3,0,3
ArMIS,train,188,واجبنا كسعوديين الوقوف حكومتنا والوقوف دولة تحاول المساس أمننا اردوغان يهدد دول الخليج وأقل نسويه نوقف دعم للاقتصاد التركي وعدم شراء المنتجات التركية,0,1.0,0.0,Ann1,0,3
ArMIS,train,188,واجبنا كسعوديين الوقوف حكومتنا والوقوف دولة تحاول المساس أمننا اردوغان يهدد دول الخليج وأقل نسويه نوقف دعم للاقتصاد التركي وعدم شراء المنتجات التركية,0,1.0,0.0,Ann2,0,3
ArMIS,train,188,واجبنا كسعوديين الوقوف حكومتنا والوقوف دولة تحاول المساس أمننا اردوغان يهدد دول الخليج وأقل نسويه نوقف دعم للاقتصاد التركي وعدم شراء المنتجات التركية,0,1.0,0.0,Ann3,0,3
ArMIS,train,189,معاهد نفسي الأبد أني أدعس عديم شرف تشغل نفسك هذول بنات شوارع لقيطات مالهم أهل يضفهم وأقرفونا برخصهم,1,0.0,1.0,Ann1,1,3
ArMIS,train,189,معاهد نفسي الأبد أني أدعس عديم شرف تشغل نفسك هذول بنات شوارع لقيطات مالهم أهل يضفهم وأقرفونا برخصهم,1,0.0,1.0,Ann2,1,3
ArMIS,train,189,معاهد نفسي الأبد أني أدعس عديم شرف تشغل نفسك هذول بنات شوارع لقيطات مالهم أهل يضفهم وأقرفونا برخصهم,1,0.0,1.0,Ann3,1,3
ArMIS,train,190,اذا اتاكم ترضون دينه وخلقه فزوجوه المال والوظيفه دايمه والزواج يفتح الرزق باذن الله وبعدين اغلب الممرضات عوانس مطلقات,0,0.67,0.33,Ann1,0,3
ArMIS,train,190,اذا اتاكم ترضون دينه وخلقه فزوجوه المال والوظيفه دايمه والزواج يفتح الرزق باذن الله وبعدين اغلب الممرضات عوانس مطلقات,0,0.67,0.33,Ann2,0,3
ArMIS,train,190,اذا اتاكم ترضون دينه وخلقه فزوجوه المال والوظيفه دايمه والزواج يفتح الرزق باذن الله وبعدين اغلب الممرضات عوانس مطلقات,0,0.67,0.33,Ann3,1,3
ArMIS,train,191,اكره عبيد الاكساس روح اخضع لرجول الفسويات مكانتك لحاس رجول,0,0.67,0.33,Ann1,0,3
ArMIS,train,191,اكره عبيد الاكساس روح اخضع لرجول الفسويات مكانتك لحاس رجول,0,0.67,0.33,Ann2,0,3
ArMIS,train,191,اكره عبيد الاكساس روح اخضع لرجول الفسويات مكانتك لحاس رجول,0,0.67,0.33,Ann3,1,3
ArMIS,train,192,ناقصات عقل ودين كتير الرجال لايفهمون الحديث ويهاجمون النساء أحيانا ناقصات عقل المراه تفكر بقلبها والعاطفة ناقصات دين المرأه تقضي الصلاة فترة الحيض والله تقليل شان المراه يكفي أول أنسان اسلم وجه الأرض كان امراه,0,1.0,0.0,Ann1,0,3
ArMIS,train,192,ناقصات عقل ودين كتير الرجال لايفهمون الحديث ويهاجمون النساء أحيانا ناقصات عقل المراه تفكر بقلبها والعاطفة ناقصات دين المرأه تقضي الصلاة فترة الحيض والله تقليل شان المراه يكفي أول أنسان اسلم وجه الأرض كان امراه,0,1.0,0.0,Ann2,0,3
ArMIS,train,192,ناقصات عقل ودين كتير الرجال لايفهمون الحديث ويهاجمون النساء أحيانا ناقصات عقل المراه تفكر بقلبها والعاطفة ناقصات دين المرأه تقضي الصلاة فترة الحيض والله تقليل شان المراه يكفي أول أنسان اسلم وجه الأرض كان امراه,0,1.0,0.0,Ann3,0,3
ArMIS,train,193,حاقدات منحطات جحودات ويقلدونا عايشات تحت رحمتنا وأنظمتنا وعالمنا وإختراعاتنا وابتكاراتنا وعلمنا ودراساتنا وبعدين يهاجمونا ويسبونا طريق الات وأجهزة وبرامج إختراعنا عرفتو,1,0.0,1.0,Ann1,1,3
ArMIS,train,193,حاقدات منحطات جحودات ويقلدونا عايشات تحت رحمتنا وأنظمتنا وعالمنا وإختراعاتنا وابتكاراتنا وعلمنا ودراساتنا وبعدين يهاجمونا ويسبونا طريق الات وأجهزة وبرامج إختراعنا عرفتو,1,0.0,1.0,Ann2,1,3
ArMIS,train,193,حاقدات منحطات جحودات ويقلدونا عايشات تحت رحمتنا وأنظمتنا وعالمنا وإختراعاتنا وابتكاراتنا وعلمنا ودراساتنا وبعدين يهاجمونا ويسبونا طريق الات وأجهزة وبرامج إختراعنا عرفتو,1,0.0,1.0,Ann3,1,3
ArMIS,train,194,غبيه متخلفه مريضه حيوانه كلبه الا صنفتوه قذرات وهالتغريده تثبت غيري حفاظتك عشان تصحصحي شوي,1,0.0,1.0,Ann1,1,3
ArMIS,train,194,غبيه متخلفه مريضه حيوانه كلبه الا صنفتوه قذرات وهالتغريده تثبت غيري حفاظتك عشان تصحصحي شوي,1,0.0,1.0,Ann2,1,3
ArMIS,train,194,غبيه متخلفه مريضه حيوانه كلبه الا صنفتوه قذرات وهالتغريده تثبت غيري حفاظتك عشان تصحصحي شوي,1,0.0,1.0,Ann3,1,3
ArMIS,train,195,نفع الله دكتور جزاك الله خير المقطع نساء سافرات وشكلك انتبهت,0,0.67,0.33,Ann1,0,3
ArMIS,train,195,نفع الله دكتور جزاك الله خير المقطع نساء سافرات وشكلك انتبهت,0,0.67,0.33,Ann2,0,3
ArMIS,train,195,نفع الله دكتور جزاك الله خير المقطع نساء سافرات وشكلك انتبهت,0,0.67,0.33,Ann3,1,3
ArMIS,train,196,ويجيك أبو مسوس يقولك ناقصات عقل ودين نعنبوا علمكم,0,1.0,0.0,Ann1,0,3
ArMIS,train,196,ويجيك أبو مسوس يقولك ناقصات عقل ودين نعنبوا علمكم,0,1.0,0.0,Ann2,0,3
ArMIS,train,196,ويجيك أبو مسوس يقولك ناقصات عقل ودين نعنبوا علمكم,0,1.0,0.0,Ann3,0,3
ArMIS,train,197,ماا اخس نسويات العالم اجمع الا نسويات اليمن اشغلوا امنا بحقوق النساء وكأنه حقوق انسان تحقيق حقوق الأصل طالبوا بحقوق الفرع,1,0.0,1.0,Ann1,1,3
ArMIS,train,197,ماا اخس نسويات العالم اجمع الا نسويات اليمن اشغلوا امنا بحقوق النساء وكأنه حقوق انسان تحقيق حقوق الأصل طالبوا بحقوق الفرع,1,0.0,1.0,Ann2,1,3
ArMIS,train,197,ماا اخس نسويات العالم اجمع الا نسويات اليمن اشغلوا امنا بحقوق النساء وكأنه حقوق انسان تحقيق حقوق الأصل طالبوا بحقوق الفرع,1,0.0,1.0,Ann3,1,3
ArMIS,train,198,يدخل ابليس الجنه خالد المشعوذ السعودي العرص انتو ومشعوذين الخليج العرصيبن وشراميط لبنان العرصات المشلفات المنايك بلا شرف والقحاب بلا شرف المنايك وشراميط العرب الجرب المنايك العرصات كلهم داشرات عالتواصل الاجتماعي للشرمطه والشعوذه بيصير براسكم بلا شرف,1,0.0,1.0,Ann1,1,3
ArMIS,train,198,يدخل ابليس الجنه خالد المشعوذ السعودي العرص انتو ومشعوذين الخليج العرصيبن وشراميط لبنان العرصات المشلفات المنايك بلا شرف والقحاب بلا شرف المنايك وشراميط العرب الجرب المنايك العرصات كلهم داشرات عالتواصل الاجتماعي للشرمطه والشعوذه بيصير براسكم بلا شرف,1,0.0,1.0,Ann2,1,3
ArMIS,train,198,يدخل ابليس الجنه خالد المشعوذ السعودي العرص انتو ومشعوذين الخليج العرصيبن وشراميط لبنان العرصات المشلفات المنايك بلا شرف والقحاب بلا شرف المنايك وشراميط العرب الجرب المنايك العرصات كلهم داشرات عالتواصل الاجتماعي للشرمطه والشعوذه بيصير براسكم بلا شرف,1,0.0,1.0,Ann3,1,3
ArMIS,train,199,بروفة مصغرة لفتنة فتنت الناس عبر يشاهدونه حياتها فتنتهم المرأة تستطيع تعيش بدون زواج وان المرأة المتحررة ربي يرزقها بالبيت وتكون سعيدة إلخ لهذا الواحد يتماسك ويصبر ويتصابر ويتقي الله لينجو الفتنتين,1,0.33,0.67,Ann1,1,3
ArMIS,train,199,بروفة مصغرة لفتنة فتنت الناس عبر يشاهدونه حياتها فتنتهم المرأة تستطيع تعيش بدون زواج وان المرأة المتحررة ربي يرزقها بالبيت وتكون سعيدة إلخ لهذا الواحد يتماسك ويصبر ويتصابر ويتقي الله لينجو الفتنتين,1,0.33,0.67,Ann2,0,3
ArMIS,train,199,بروفة مصغرة لفتنة فتنت الناس عبر يشاهدونه حياتها فتنتهم المرأة تستطيع تعيش بدون زواج وان المرأة المتحررة ربي يرزقها بالبيت وتكون سعيدة إلخ لهذا الواحد يتماسك ويصبر ويتصابر ويتقي الله لينجو الفتنتين,1,0.33,0.67,Ann3,1,3
ArMIS,train,200,والخط الساخن مقتصر النساء عشان تهجمو النسويات وتتهموهن بأشياء مالهن دخل الخط للنساء والرجال,0,1.0,0.0,Ann1,0,3
ArMIS,train,200,والخط الساخن مقتصر النساء عشان تهجمو النسويات وتتهموهن بأشياء مالهن دخل الخط للنساء والرجال,0,1.0,0.0,Ann2,0,3
ArMIS,train,200,والخط الساخن مقتصر النساء عشان تهجمو النسويات وتتهموهن بأشياء مالهن دخل الخط للنساء والرجال,0,1.0,0.0,Ann3,0,3
ArMIS,train,201,الذكوري المراة وظيفتها الاساسية تكون لانها حنونة وعطوفة وحساسة زيادة فروق الجنسين جسدية وعاطفية وعقلية وبنفعش نتساوى الذكوري بقرا امراة قتلت اطفالها نسويات الرجل مجرم نساء مجرمات بدكو تدافعو عنها لانها امراة,0,1.0,0.0,Ann1,0,3
ArMIS,train,201,الذكوري المراة وظيفتها الاساسية تكون لانها حنونة وعطوفة وحساسة زيادة فروق الجنسين جسدية وعاطفية وعقلية وبنفعش نتساوى الذكوري بقرا امراة قتلت اطفالها نسويات الرجل مجرم نساء مجرمات بدكو تدافعو عنها لانها امراة,0,1.0,0.0,Ann2,0,3
ArMIS,train,201,الذكوري المراة وظيفتها الاساسية تكون لانها حنونة وعطوفة وحساسة زيادة فروق الجنسين جسدية وعاطفية وعقلية وبنفعش نتساوى الذكوري بقرا امراة قتلت اطفالها نسويات الرجل مجرم نساء مجرمات بدكو تدافعو عنها لانها امراة,0,1.0,0.0,Ann3,0,3
ArMIS,train,202,بعيد القصر انت شايف يعني ظهورها وبناتها كاشفات سافرات ملابس ضيقه وبعضها يظهر اجزاء اجسادهم تشوفه حلال وجايز,0,0.67,0.33,Ann1,1,3
ArMIS,train,202,بعيد القصر انت شايف يعني ظهورها وبناتها كاشفات سافرات ملابس ضيقه وبعضها يظهر اجزاء اجسادهم تشوفه حلال وجايز,0,0.67,0.33,Ann2,0,3
ArMIS,train,202,بعيد القصر انت شايف يعني ظهورها وبناتها كاشفات سافرات ملابس ضيقه وبعضها يظهر اجزاء اجسادهم تشوفه حلال وجايز,0,0.67,0.33,Ann3,0,3
ArMIS,train,203,يأخذ النساء يأخذ زمان,0,1.0,0.0,Ann1,0,3
ArMIS,train,203,يأخذ النساء يأخذ زمان,0,1.0,0.0,Ann2,0,3
ArMIS,train,203,يأخذ النساء يأخذ زمان,0,1.0,0.0,Ann3,0,3
ArMIS,train,204,الحمدالله النساء صاروا محاميات راح يثبتون وجودهم بالمحاكم بمهن اكثر قريب لأن تخيلي عزيزتي المرأة تعيشين حياة مليئة بالذل الأهانه استرجعاك لحياتك يخليك امرأة رخيصة بنظرة الشخص الي مهنته ياخذ حقك الي ظلمك,0,1.0,0.0,Ann1,0,3
ArMIS,train,204,الحمدالله النساء صاروا محاميات راح يثبتون وجودهم بالمحاكم بمهن اكثر قريب لأن تخيلي عزيزتي المرأة تعيشين حياة مليئة بالذل الأهانه استرجعاك لحياتك يخليك امرأة رخيصة بنظرة الشخص الي مهنته ياخذ حقك الي ظلمك,0,1.0,0.0,Ann2,0,3
ArMIS,train,204,الحمدالله النساء صاروا محاميات راح يثبتون وجودهم بالمحاكم بمهن اكثر قريب لأن تخيلي عزيزتي المرأة تعيشين حياة مليئة بالذل الأهانه استرجعاك لحياتك يخليك امرأة رخيصة بنظرة الشخص الي مهنته ياخذ حقك الي ظلمك,0,1.0,0.0,Ann3,0,3
ArMIS,train,205,طهر قلبك قذرات إبليس,1,0.33,0.67,Ann1,1,3
ArMIS,train,205,طهر قلبك قذرات إبليس,1,0.33,0.67,Ann2,1,3
ArMIS,train,205,طهر قلبك قذرات إبليس,1,0.33,0.67,Ann3,0,3
ArMIS,train,206,والدليل هذولي النسويات معتقلات,1,0.33,0.67,Ann1,1,3
ArMIS,train,206,والدليل هذولي النسويات معتقلات,1,0.33,0.67,Ann2,0,3
ArMIS,train,206,والدليل هذولي النسويات معتقلات,1,0.33,0.67,Ann3,1,3
ArMIS,train,207,ياعبدت النساء الله ياخذ عقليتك,1,0.0,1.0,Ann1,1,3
ArMIS,train,207,ياعبدت النساء الله ياخذ عقليتك,1,0.0,1.0,Ann2,1,3
ArMIS,train,207,ياعبدت النساء الله ياخذ عقليتك,1,0.0,1.0,Ann3,1,3
ArMIS,train,208,البنت مفيش عتاب عليها عشان البنات ناقصات عقل ودين صاحبك عايز الحرق برجوله,1,0.0,1.0,Ann1,1,3
ArMIS,train,208,البنت مفيش عتاب عليها عشان البنات ناقصات عقل ودين صاحبك عايز الحرق برجوله,1,0.0,1.0,Ann2,1,3
ArMIS,train,208,البنت مفيش عتاب عليها عشان البنات ناقصات عقل ودين صاحبك عايز الحرق برجوله,1,0.0,1.0,Ann3,1,3
ArMIS,train,209,معها بكل خاصة بمهاجمة صايعات الفمنيست كلن حشاشين معنسين مطلقين,1,0.0,1.0,Ann1,1,3
ArMIS,train,209,معها بكل خاصة بمهاجمة صايعات الفمنيست كلن حشاشين معنسين مطلقين,1,0.0,1.0,Ann2,1,3
ArMIS,train,209,معها بكل خاصة بمهاجمة صايعات الفمنيست كلن حشاشين معنسين مطلقين,1,0.0,1.0,Ann3,1,3
ArMIS,train,210,مرور الوقت تتعود النساء وتلبس الي يناسبها اللون الاسود فعلا هوه الدارج زمن طويل جدا المحافظات,0,1.0,0.0,Ann1,0,3
ArMIS,train,210,مرور الوقت تتعود النساء وتلبس الي يناسبها اللون الاسود فعلا هوه الدارج زمن طويل جدا المحافظات,0,1.0,0.0,Ann2,0,3
ArMIS,train,210,مرور الوقت تتعود النساء وتلبس الي يناسبها اللون الاسود فعلا هوه الدارج زمن طويل جدا المحافظات,0,1.0,0.0,Ann3,0,3
ArMIS,train,211,الذكور الوسط الشرقي يعتقدون أحقية التقييم ويعتقدون النساء ديكور يتباهى يقعد يعدل بكيفه ماعجبه رماه ومهما كان سيء عديم أخلاق مستحيل يلتفت لهذي الأشياء لأن يحسب بإنه ولد كامل حقه يأخذ شخص كامل ومفص تفصي لحضرته,0,1.0,0.0,Ann1,0,3
ArMIS,train,211,الذكور الوسط الشرقي يعتقدون أحقية التقييم ويعتقدون النساء ديكور يتباهى يقعد يعدل بكيفه ماعجبه رماه ومهما كان سيء عديم أخلاق مستحيل يلتفت لهذي الأشياء لأن يحسب بإنه ولد كامل حقه يأخذ شخص كامل ومفص تفصي لحضرته,0,1.0,0.0,Ann2,0,3
ArMIS,train,211,الذكور الوسط الشرقي يعتقدون أحقية التقييم ويعتقدون النساء ديكور يتباهى يقعد يعدل بكيفه ماعجبه رماه ومهما كان سيء عديم أخلاق مستحيل يلتفت لهذي الأشياء لأن يحسب بإنه ولد كامل حقه يأخذ شخص كامل ومفص تفصي لحضرته,0,1.0,0.0,Ann3,0,3
ArMIS,train,212,الحين الملك يقصد المرأة الصالحة النسويات يبون حاشرين نفسهم الخبر,1,0.33,0.67,Ann1,1,3
ArMIS,train,212,الحين الملك يقصد المرأة الصالحة النسويات يبون حاشرين نفسهم الخبر,1,0.33,0.67,Ann2,0,3
ArMIS,train,212,الحين الملك يقصد المرأة الصالحة النسويات يبون حاشرين نفسهم الخبر,1,0.33,0.67,Ann3,1,3
ArMIS,train,213,حياة المرأة المتحررة عاجباني عايزة يقولي مفيش نزول يديني علي دماغي بتحكماته,0,1.0,0.0,Ann1,0,3
ArMIS,train,213,حياة المرأة المتحررة عاجباني عايزة يقولي مفيش نزول يديني علي دماغي بتحكماته,0,1.0,0.0,Ann2,0,3
ArMIS,train,213,حياة المرأة المتحررة عاجباني عايزة يقولي مفيش نزول يديني علي دماغي بتحكماته,0,1.0,0.0,Ann3,0,3
ArMIS,train,214,الفسويه لازم تبرر الفعل كان ايش,1,0.0,1.0,Ann1,1,3
ArMIS,train,214,الفسويه لازم تبرر الفعل كان ايش,1,0.0,1.0,Ann2,1,3
ArMIS,train,214,الفسويه لازم تبرر الفعل كان ايش,1,0.0,1.0,Ann3,1,3
ArMIS,train,215,زمن النساء شكرا محمد سلمان,0,1.0,0.0,Ann1,0,3
ArMIS,train,215,زمن النساء شكرا محمد سلمان,0,1.0,0.0,Ann2,0,3
ArMIS,train,215,زمن النساء شكرا محمد سلمان,0,1.0,0.0,Ann3,0,3
ArMIS,train,216,كلي انتي الثانية عرفتي انها حالة شاذة انا اقدر اقول النساء قذرات مثل اشكالك سهلة ترا واقول المغتصب انه حالة شاذة وربي سهل لكني حقير مثلك لقول الكلام لمجرد التبرير اهل جنسي,1,0.33,0.67,Ann1,1,3
ArMIS,train,216,كلي انتي الثانية عرفتي انها حالة شاذة انا اقدر اقول النساء قذرات مثل اشكالك سهلة ترا واقول المغتصب انه حالة شاذة وربي سهل لكني حقير مثلك لقول الكلام لمجرد التبرير اهل جنسي,1,0.33,0.67,Ann2,1,3
ArMIS,train,216,كلي انتي الثانية عرفتي انها حالة شاذة انا اقدر اقول النساء قذرات مثل اشكالك سهلة ترا واقول المغتصب انه حالة شاذة وربي سهل لكني حقير مثلك لقول الكلام لمجرد التبرير اهل جنسي,1,0.33,0.67,Ann3,0,3
ArMIS,train,217,كتير بيقولو نفس الكلام بسبب السمعه السيئه والصفات البشعه الي ملتصقه بمصطلح النسويه مجتمعنا بيخافو يفكرهم نسويين سمح الله عشان اهانه الواحد عارف يكره الفئه صراحه مقدرش اني اشفق فقط واعتب علي الجهل,0,1.0,0.0,Ann1,0,3
ArMIS,train,217,كتير بيقولو نفس الكلام بسبب السمعه السيئه والصفات البشعه الي ملتصقه بمصطلح النسويه مجتمعنا بيخافو يفكرهم نسويين سمح الله عشان اهانه الواحد عارف يكره الفئه صراحه مقدرش اني اشفق فقط واعتب علي الجهل,0,1.0,0.0,Ann2,0,3
ArMIS,train,217,كتير بيقولو نفس الكلام بسبب السمعه السيئه والصفات البشعه الي ملتصقه بمصطلح النسويه مجتمعنا بيخافو يفكرهم نسويين سمح الله عشان اهانه الواحد عارف يكره الفئه صراحه مقدرش اني اشفق فقط واعتب علي الجهل,0,1.0,0.0,Ann3,0,3
ArMIS,train,218,وايد وايد استغرب النسويات واللي يطالبوا بحقوق المرأة مواضيع تحتاج مساواة لازم تفهموا ادوار للرجل ادوار للمرأة الرجل يقدر ياخذ دورك البيت وانتي تقدري تاخذي دوره الاعمال الثقيلة انتي فطرتك وبنيتك وكل كيانك عكس الرجل ليش تضاربيه,0,0.67,0.33,Ann1,1,3
ArMIS,train,218,وايد وايد استغرب النسويات واللي يطالبوا بحقوق المرأة مواضيع تحتاج مساواة لازم تفهموا ادوار للرجل ادوار للمرأة الرجل يقدر ياخذ دورك البيت وانتي تقدري تاخذي دوره الاعمال الثقيلة انتي فطرتك وبنيتك وكل كيانك عكس الرجل ليش تضاربيه,0,0.67,0.33,Ann2,0,3
ArMIS,train,218,وايد وايد استغرب النسويات واللي يطالبوا بحقوق المرأة مواضيع تحتاج مساواة لازم تفهموا ادوار للرجل ادوار للمرأة الرجل يقدر ياخذ دورك البيت وانتي تقدري تاخذي دوره الاعمال الثقيلة انتي فطرتك وبنيتك وكل كيانك عكس الرجل ليش تضاربيه,0,0.67,0.33,Ann3,0,3
ArMIS,train,219,ناقصات عقل بمعنى عواطفها تغلب عقلها احيانا وناقصات دين بمعنى أنها أحيانا مكلفة بالصلاة وبعض أمور الدين لأسباب تخصها,0,1.0,0.0,Ann1,0,3
ArMIS,train,219,ناقصات عقل بمعنى عواطفها تغلب عقلها احيانا وناقصات دين بمعنى أنها أحيانا مكلفة بالصلاة وبعض أمور الدين لأسباب تخصها,0,1.0,0.0,Ann2,0,3
ArMIS,train,219,ناقصات عقل بمعنى عواطفها تغلب عقلها احيانا وناقصات دين بمعنى أنها أحيانا مكلفة بالصلاة وبعض أمور الدين لأسباب تخصها,0,1.0,0.0,Ann3,0,3
ArMIS,train,220,الشباب اللي بخلوا البنات البيض الأردن يصيروا وقحات واستغلاليات بخيلات تاكل وتشرب وتروح وتيجي عحسابه يوم بحكي,0,0.67,0.33,Ann1,1,3
ArMIS,train,220,الشباب اللي بخلوا البنات البيض الأردن يصيروا وقحات واستغلاليات بخيلات تاكل وتشرب وتروح وتيجي عحسابه يوم بحكي,0,0.67,0.33,Ann2,0,3
ArMIS,train,220,الشباب اللي بخلوا البنات البيض الأردن يصيروا وقحات واستغلاليات بخيلات تاكل وتشرب وتروح وتيجي عحسابه يوم بحكي,0,0.67,0.33,Ann3,0,3
ArMIS,train,221,مابغا اجلطك نسويات العري سعوديات,1,0.0,1.0,Ann1,1,3
ArMIS,train,221,مابغا اجلطك نسويات العري سعوديات,1,0.0,1.0,Ann2,1,3
ArMIS,train,221,مابغا اجلطك نسويات العري سعوديات,1,0.0,1.0,Ann3,1,3
ArMIS,train,222,انهم غلط لاتقولي رخيصات سلعه مصطلح احسن يعني وارقى وبعدين هاذا بلاء انك تبغي تجذبي احد تبي تفاعل احمدي ربك وادعي انو الله يستر عليهم ويصلحهم,0,0.67,0.33,Ann1,0,3
ArMIS,train,222,انهم غلط لاتقولي رخيصات سلعه مصطلح احسن يعني وارقى وبعدين هاذا بلاء انك تبغي تجذبي احد تبي تفاعل احمدي ربك وادعي انو الله يستر عليهم ويصلحهم,0,0.67,0.33,Ann2,0,3
ArMIS,train,222,انهم غلط لاتقولي رخيصات سلعه مصطلح احسن يعني وارقى وبعدين هاذا بلاء انك تبغي تجذبي احد تبي تفاعل احمدي ربك وادعي انو الله يستر عليهم ويصلحهم,0,0.67,0.33,Ann3,1,3
ArMIS,train,223,كلامه صحيح وهذا قاله ابن عباس رضي الله عنهما كان يعد المرأة السفهاء يكفيك قول النبي صلى الله وسلم ناقصات عقل ودين,1,0.0,1.0,Ann1,1,3
ArMIS,train,223,كلامه صحيح وهذا قاله ابن عباس رضي الله عنهما كان يعد المرأة السفهاء يكفيك قول النبي صلى الله وسلم ناقصات عقل ودين,1,0.0,1.0,Ann2,1,3
ArMIS,train,223,كلامه صحيح وهذا قاله ابن عباس رضي الله عنهما كان يعد المرأة السفهاء يكفيك قول النبي صلى الله وسلم ناقصات عقل ودين,1,0.0,1.0,Ann3,1,3
ArMIS,train,224,يصيرون رخيصات الا اخر الشهر ههه,1,0.33,0.67,Ann1,1,3
ArMIS,train,224,يصيرون رخيصات الا اخر الشهر ههه,1,0.33,0.67,Ann2,0,3
ArMIS,train,224,يصيرون رخيصات الا اخر الشهر ههه,1,0.33,0.67,Ann3,1,3
ArMIS,train,225,انادي نسويات العراق والسعوديه يطيحون حظك,0,1.0,0.0,Ann1,0,3
ArMIS,train,225,انادي نسويات العراق والسعوديه يطيحون حظك,0,1.0,0.0,Ann2,0,3
ArMIS,train,225,انادي نسويات العراق والسعوديه يطيحون حظك,0,1.0,0.0,Ann3,0,3
ArMIS,train,226,قلت فسويات نسويات اكو نوعين التكون بشر طبيعي والنوع ثاني تصير,1,0.33,0.67,Ann1,1,3
ArMIS,train,226,قلت فسويات نسويات اكو نوعين التكون بشر طبيعي والنوع ثاني تصير,1,0.33,0.67,Ann2,0,3
ArMIS,train,226,قلت فسويات نسويات اكو نوعين التكون بشر طبيعي والنوع ثاني تصير,1,0.33,0.67,Ann3,1,3
ArMIS,train,227,معاش قعدن عائلات قول قول متحررات قول وشات,0,0.67,0.33,Ann1,0,3
ArMIS,train,227,معاش قعدن عائلات قول قول متحررات قول وشات,0,0.67,0.33,Ann2,0,3
ArMIS,train,227,معاش قعدن عائلات قول قول متحررات قول وشات,0,0.67,0.33,Ann3,1,3
ArMIS,train,228,حقيقي حريم متمردات بسبب خلافات يقتلو اطفالهم يطردوهم غريبه ابدا,0,0.67,0.33,Ann1,1,3
ArMIS,train,228,حقيقي حريم متمردات بسبب خلافات يقتلو اطفالهم يطردوهم غريبه ابدا,0,0.67,0.33,Ann2,0,3
ArMIS,train,228,حقيقي حريم متمردات بسبب خلافات يقتلو اطفالهم يطردوهم غريبه ابدا,0,0.67,0.33,Ann3,0,3
ArMIS,train,229,الخاص مليان شباب متعطش واحد كلاب كثيره نتعرف وين انتي اعطيك اللي تبينه ياحلو ويرسل صور واني مارد عليهم كلاب اقول تويتر مليان صايعات ومتعطشات للفلوس وعندهم خلفيه للنصب ابحث عنهم وستجدهم قال واحد,1,0.33,0.67,Ann1,1,3
ArMIS,train,229,الخاص مليان شباب متعطش واحد كلاب كثيره نتعرف وين انتي اعطيك اللي تبينه ياحلو ويرسل صور واني مارد عليهم كلاب اقول تويتر مليان صايعات ومتعطشات للفلوس وعندهم خلفيه للنصب ابحث عنهم وستجدهم قال واحد,1,0.33,0.67,Ann2,1,3
ArMIS,train,229,الخاص مليان شباب متعطش واحد كلاب كثيره نتعرف وين انتي اعطيك اللي تبينه ياحلو ويرسل صور واني مارد عليهم كلاب اقول تويتر مليان صايعات ومتعطشات للفلوس وعندهم خلفيه للنصب ابحث عنهم وستجدهم قال واحد,1,0.33,0.67,Ann3,0,3
ArMIS,train,230,انا مؤيد وداعم لجميع حقوق المرأة حقها السواقه,1,0.33,0.67,Ann1,1,3
ArMIS,train,230,انا مؤيد وداعم لجميع حقوق المرأة حقها السواقه,1,0.33,0.67,Ann2,0,3
ArMIS,train,230,انا مؤيد وداعم لجميع حقوق المرأة حقها السواقه,1,0.33,0.67,Ann3,1,3
ArMIS,train,231,ترا مانتمر وحده البويات واللزلز وكل المدرسه تتنمر عليهم لأنهم قذرات ومحد يطيقهم حتا مره مرتين دايم,1,0.0,1.0,Ann1,1,3
ArMIS,train,231,ترا مانتمر وحده البويات واللزلز وكل المدرسه تتنمر عليهم لأنهم قذرات ومحد يطيقهم حتا مره مرتين دايم,1,0.0,1.0,Ann2,1,3
ArMIS,train,231,ترا مانتمر وحده البويات واللزلز وكل المدرسه تتنمر عليهم لأنهم قذرات ومحد يطيقهم حتا مره مرتين دايم,1,0.0,1.0,Ann3,1,3
ArMIS,train,232,شفتوا رجال يذب أطفاله بالنهر شفتوا رجال يقتل مرته بالبلوكة شفتوا وهم شفتوا ... الخ طبعا شفتوا رجال يحرق مرته رجال عنف مرته الرجال المعنفون حقهم يطالبوا بإعدام النساء جميعا لأنهن مصدر وكيد,1,0.33,0.67,Ann1,1,3
ArMIS,train,232,شفتوا رجال يذب أطفاله بالنهر شفتوا رجال يقتل مرته بالبلوكة شفتوا وهم شفتوا ... الخ طبعا شفتوا رجال يحرق مرته رجال عنف مرته الرجال المعنفون حقهم يطالبوا بإعدام النساء جميعا لأنهن مصدر وكيد,1,0.33,0.67,Ann2,0,3
ArMIS,train,232,شفتوا رجال يذب أطفاله بالنهر شفتوا رجال يقتل مرته بالبلوكة شفتوا وهم شفتوا ... الخ طبعا شفتوا رجال يحرق مرته رجال عنف مرته الرجال المعنفون حقهم يطالبوا بإعدام النساء جميعا لأنهن مصدر وكيد,1,0.33,0.67,Ann3,1,3
ArMIS,train,233,الى امرأة احتشمت ثوبها فداء سافرات الوج عاليات الن,0,0.67,0.33,Ann1,0,3
ArMIS,train,233,الى امرأة احتشمت ثوبها فداء سافرات الوج عاليات الن,0,0.67,0.33,Ann2,0,3
ArMIS,train,233,الى امرأة احتشمت ثوبها فداء سافرات الوج عاليات الن,0,0.67,0.33,Ann3,1,3
ArMIS,train,234,ياخي المراهقات ههه متمردات شريسات,1,0.0,1.0,Ann1,1,3
ArMIS,train,234,ياخي المراهقات ههه متمردات شريسات,1,0.0,1.0,Ann2,1,3
ArMIS,train,234,ياخي المراهقات ههه متمردات شريسات,1,0.0,1.0,Ann3,1,3
ArMIS,train,235,احفظي لسانك تدخلي أعراض الناس كيفك تحكمي وتقولي رخيصات اصلا مالك دخل فيهم ومو مسؤوله عنهم انتي,0,0.67,0.33,Ann1,0,3
ArMIS,train,235,احفظي لسانك تدخلي أعراض الناس كيفك تحكمي وتقولي رخيصات اصلا مالك دخل فيهم ومو مسؤوله عنهم انتي,0,0.67,0.33,Ann2,0,3
ArMIS,train,235,احفظي لسانك تدخلي أعراض الناس كيفك تحكمي وتقولي رخيصات اصلا مالك دخل فيهم ومو مسؤوله عنهم انتي,0,0.67,0.33,Ann3,1,3
ArMIS,train,236,بنات شوارع صالحات للارتباط,1,0.0,1.0,Ann1,1,3
ArMIS,train,236,بنات شوارع صالحات للارتباط,1,0.0,1.0,Ann2,1,3
ArMIS,train,236,بنات شوارع صالحات للارتباط,1,0.0,1.0,Ann3,1,3
ArMIS,train,237,عقلية الفسوية محو دور الرجل ماهي مسألة حقوق يعني لاتقول المرأة نصف المجتمع قول المرأة المجتمع وان شاء الله يعني مانوعدك ترضى,1,0.33,0.67,Ann1,1,3
ArMIS,train,237,عقلية الفسوية محو دور الرجل ماهي مسألة حقوق يعني لاتقول المرأة نصف المجتمع قول المرأة المجتمع وان شاء الله يعني مانوعدك ترضى,1,0.33,0.67,Ann2,0,3
ArMIS,train,237,عقلية الفسوية محو دور الرجل ماهي مسألة حقوق يعني لاتقول المرأة نصف المجتمع قول المرأة المجتمع وان شاء الله يعني مانوعدك ترضى,1,0.33,0.67,Ann3,1,3
ArMIS,train,238,مشكله الفسويات اذا درعموا حافظين,1,0.33,0.67,Ann1,1,3
ArMIS,train,238,مشكله الفسويات اذا درعموا حافظين,1,0.33,0.67,Ann2,0,3
ArMIS,train,238,مشكله الفسويات اذا درعموا حافظين,1,0.33,0.67,Ann3,1,3
ArMIS,train,239,للأسف أغلب المديرات متسلطات والسبب ضعف شخصية المعلمات وخوفهم منهم والمديرة تعاملهم كأنها وزيرة التعليم لماذا المدراء لايفعلون المعلمين,0,0.67,0.33,Ann1,1,3
ArMIS,train,239,للأسف أغلب المديرات متسلطات والسبب ضعف شخصية المعلمات وخوفهم منهم والمديرة تعاملهم كأنها وزيرة التعليم لماذا المدراء لايفعلون المعلمين,0,0.67,0.33,Ann2,0,3
ArMIS,train,239,للأسف أغلب المديرات متسلطات والسبب ضعف شخصية المعلمات وخوفهم منهم والمديرة تعاملهم كأنها وزيرة التعليم لماذا المدراء لايفعلون المعلمين,0,0.67,0.33,Ann3,0,3
ArMIS,train,240,تلقينهم بالاماكن الشريفه ارباب العمل يريدون البنات الا متكشفات متبرجات دين يمنعهن حياء لارضاء شهواتهم لذلك تجدين مكانا لبنات الوطن بينهم,1,0.33,0.67,Ann1,1,3
ArMIS,train,240,تلقينهم بالاماكن الشريفه ارباب العمل يريدون البنات الا متكشفات متبرجات دين يمنعهن حياء لارضاء شهواتهم لذلك تجدين مكانا لبنات الوطن بينهم,1,0.33,0.67,Ann2,0,3
ArMIS,train,240,تلقينهم بالاماكن الشريفه ارباب العمل يريدون البنات الا متكشفات متبرجات دين يمنعهن حياء لارضاء شهواتهم لذلك تجدين مكانا لبنات الوطن بينهم,1,0.33,0.67,Ann3,1,3
ArMIS,train,241,المعددين ترأ البنات عندنا فالتات يبون الزواج يبون زواج متحررات وهذا الي صاير والله يستر الزمن,1,0.33,0.67,Ann1,1,3
ArMIS,train,241,المعددين ترأ البنات عندنا فالتات يبون الزواج يبون زواج متحررات وهذا الي صاير والله يستر الزمن,1,0.33,0.67,Ann2,0,3
ArMIS,train,241,المعددين ترأ البنات عندنا فالتات يبون الزواج يبون زواج متحررات وهذا الي صاير والله يستر الزمن,1,0.33,0.67,Ann3,1,3
ArMIS,train,242,انا بقولك السبب السيب اعتقد والله اعلم عدم قناعة الزوجه لديها زوج وابناء تريد الحرية المزعومة وتعيش يعيش النسويات الكاذبات بأسم الحريه وهم ورطه حريه وحل وظلام دامس السنابات السبب مشاهير يصىورون اشياء ويدعون انهم يملكونها وهي لشركات,1,0.0,1.0,Ann1,1,3
ArMIS,train,242,انا بقولك السبب السيب اعتقد والله اعلم عدم قناعة الزوجه لديها زوج وابناء تريد الحرية المزعومة وتعيش يعيش النسويات الكاذبات بأسم الحريه وهم ورطه حريه وحل وظلام دامس السنابات السبب مشاهير يصىورون اشياء ويدعون انهم يملكونها وهي لشركات,1,0.0,1.0,Ann2,1,3
ArMIS,train,242,انا بقولك السبب السيب اعتقد والله اعلم عدم قناعة الزوجه لديها زوج وابناء تريد الحرية المزعومة وتعيش يعيش النسويات الكاذبات بأسم الحريه وهم ورطه حريه وحل وظلام دامس السنابات السبب مشاهير يصىورون اشياء ويدعون انهم يملكونها وهي لشركات,1,0.0,1.0,Ann3,1,3
ArMIS,train,243,معقول رفعت ضغط الذكور بمجرد شروط عاديه جدا وحق حقوق المرأه عقد النكاح تكون شروطها ترضيها ماترضي الذكر عموما النباح امس ماوفق فلذالك بحذف التغريده صرت مادخلت تويتر اناظر كلام غبي وعقيم للأسف,0,1.0,0.0,Ann1,0,3
ArMIS,train,243,معقول رفعت ضغط الذكور بمجرد شروط عاديه جدا وحق حقوق المرأه عقد النكاح تكون شروطها ترضيها ماترضي الذكر عموما النباح امس ماوفق فلذالك بحذف التغريده صرت مادخلت تويتر اناظر كلام غبي وعقيم للأسف,0,1.0,0.0,Ann2,0,3
ArMIS,train,243,معقول رفعت ضغط الذكور بمجرد شروط عاديه جدا وحق حقوق المرأه عقد النكاح تكون شروطها ترضيها ماترضي الذكر عموما النباح امس ماوفق فلذالك بحذف التغريده صرت مادخلت تويتر اناظر كلام غبي وعقيم للأسف,0,1.0,0.0,Ann3,0,3
ArMIS,train,244,حقوق المرأة الى أين !!!,0,0.67,0.33,Ann1,0,3
ArMIS,train,244,حقوق المرأة الى أين !!!,0,0.67,0.33,Ann2,0,3
ArMIS,train,244,حقوق المرأة الى أين !!!,0,0.67,0.33,Ann3,1,3
ArMIS,train,245,الزواج المرتب تعصب أعمى برنامج تلفزيوني نوقش العنف المرأة قالت سيفدا تركوسيف عندما انخفض الزواج خلال الزواج المرتب ازداد العنف اختلط الأمر البرنامج جادل أكايا بأن الزواج المرتب تعصب أعمى الزواج التقليدي عامل مشكلة مكان,0,0.67,0.33,Ann1,0,3
ArMIS,train,245,الزواج المرتب تعصب أعمى برنامج تلفزيوني نوقش العنف المرأة قالت سيفدا تركوسيف عندما انخفض الزواج خلال الزواج المرتب ازداد العنف اختلط الأمر البرنامج جادل أكايا بأن الزواج المرتب تعصب أعمى الزواج التقليدي عامل مشكلة مكان,0,0.67,0.33,Ann2,0,3
ArMIS,train,245,الزواج المرتب تعصب أعمى برنامج تلفزيوني نوقش العنف المرأة قالت سيفدا تركوسيف عندما انخفض الزواج خلال الزواج المرتب ازداد العنف اختلط الأمر البرنامج جادل أكايا بأن الزواج المرتب تعصب أعمى الزواج التقليدي عامل مشكلة مكان,0,0.67,0.33,Ann3,1,3
ArMIS,train,246,سيدي وان سألوك عنا مغرورات متمردات عشقن يكونا كالماء والهواء وان كرهن يكونا نار تطاق النساء,0,1.0,0.0,Ann1,0,3
ArMIS,train,246,سيدي وان سألوك عنا مغرورات متمردات عشقن يكونا كالماء والهواء وان كرهن يكونا نار تطاق النساء,0,1.0,0.0,Ann2,0,3
ArMIS,train,246,سيدي وان سألوك عنا مغرورات متمردات عشقن يكونا كالماء والهواء وان كرهن يكونا نار تطاق النساء,0,1.0,0.0,Ann3,0,3
ArMIS,train,247,بيجوك شلة الفسويات الحين ويقولوا اتركيه واستقلي بذاتك تتنازلي عشان الذكور وهي تلقيها يوم نايمة بحضن زوجها,1,0.33,0.67,Ann1,1,3
ArMIS,train,247,بيجوك شلة الفسويات الحين ويقولوا اتركيه واستقلي بذاتك تتنازلي عشان الذكور وهي تلقيها يوم نايمة بحضن زوجها,1,0.33,0.67,Ann2,0,3
ArMIS,train,247,بيجوك شلة الفسويات الحين ويقولوا اتركيه واستقلي بذاتك تتنازلي عشان الذكور وهي تلقيها يوم نايمة بحضن زوجها,1,0.33,0.67,Ann3,1,3
ArMIS,train,248,عززز انا معكم قلبآ قالبآ النسويات مره وحده,1,0.33,0.67,Ann1,1,3
ArMIS,train,248,عززز انا معكم قلبآ قالبآ النسويات مره وحده,1,0.33,0.67,Ann2,1,3
ArMIS,train,248,عززز انا معكم قلبآ قالبآ النسويات مره وحده,1,0.33,0.67,Ann3,0,3
ArMIS,train,249,والله كريههه حاطينها عشان شوفونا ندعم النسويات,1,0.0,1.0,Ann1,1,3
ArMIS,train,249,والله كريههه حاطينها عشان شوفونا ندعم النسويات,1,0.0,1.0,Ann2,1,3
ArMIS,train,249,والله كريههه حاطينها عشان شوفونا ندعم النسويات,1,0.0,1.0,Ann3,1,3
ArMIS,train,250,قلنا نقاش هادف تغلطين عشان كرهت النسويات الحوار عندهم معدوم,1,0.33,0.67,Ann1,1,3
ArMIS,train,250,قلنا نقاش هادف تغلطين عشان كرهت النسويات الحوار عندهم معدوم,1,0.33,0.67,Ann2,1,3
ArMIS,train,250,قلنا نقاش هادف تغلطين عشان كرهت النسويات الحوار عندهم معدوم,1,0.33,0.67,Ann3,0,3
ArMIS,train,251,حريم ماشيين مبدأ حقوق المرأة المرأة كامل الحرية لبسها الخ ... مبادئهم تعاكس الدين الحرمة الي تتفصخ عادي يدعمون الشواذ اشياء ابرز الاشياء,1,0.33,0.67,Ann1,1,3
ArMIS,train,251,حريم ماشيين مبدأ حقوق المرأة المرأة كامل الحرية لبسها الخ ... مبادئهم تعاكس الدين الحرمة الي تتفصخ عادي يدعمون الشواذ اشياء ابرز الاشياء,1,0.33,0.67,Ann2,0,3
ArMIS,train,251,حريم ماشيين مبدأ حقوق المرأة المرأة كامل الحرية لبسها الخ ... مبادئهم تعاكس الدين الحرمة الي تتفصخ عادي يدعمون الشواذ اشياء ابرز الاشياء,1,0.33,0.67,Ann3,1,3
ArMIS,train,252,اكيد مافي نسويه بتدعم البيدو انت هدفك تشويه صورة النسويات انهم بيدوفى قذرات كيفك,0,1.0,0.0,Ann1,0,3
ArMIS,train,252,اكيد مافي نسويه بتدعم البيدو انت هدفك تشويه صورة النسويات انهم بيدوفى قذرات كيفك,0,1.0,0.0,Ann2,0,3
ArMIS,train,252,اكيد مافي نسويه بتدعم البيدو انت هدفك تشويه صورة النسويات انهم بيدوفى قذرات كيفك,0,1.0,0.0,Ann3,0,3
ArMIS,train,253,البنت اعرفها ... قلت كلكم نسويات واسلوبكم مثل يتغير ... أجل اعرفها,0,0.67,0.33,Ann1,1,3
ArMIS,train,253,البنت اعرفها ... قلت كلكم نسويات واسلوبكم مثل يتغير ... أجل اعرفها,0,0.67,0.33,Ann2,0,3
ArMIS,train,253,البنت اعرفها ... قلت كلكم نسويات واسلوبكم مثل يتغير ... أجل اعرفها,0,0.67,0.33,Ann3,0,3
ArMIS,train,254,الله ياخذ جميع النسويات جميع العالم,1,0.0,1.0,Ann1,1,3
ArMIS,train,254,الله ياخذ جميع النسويات جميع العالم,1,0.0,1.0,Ann2,1,3
ArMIS,train,254,الله ياخذ جميع النسويات جميع العالم,1,0.0,1.0,Ann3,1,3
ArMIS,train,255,طبعا النسويات فيهم ميزة احتقار اليمنيين,1,0.0,1.0,Ann1,1,3
ArMIS,train,255,طبعا النسويات فيهم ميزة احتقار اليمنيين,1,0.0,1.0,Ann2,1,3
ArMIS,train,255,طبعا النسويات فيهم ميزة احتقار اليمنيين,1,0.0,1.0,Ann3,1,3
ArMIS,train,256,بالعهد القوي تاركين فاجرات خارج الحبس بتلعو النفس,1,0.0,1.0,Ann1,1,3
ArMIS,train,256,بالعهد القوي تاركين فاجرات خارج الحبس بتلعو النفس,1,0.0,1.0,Ann2,1,3
ArMIS,train,256,بالعهد القوي تاركين فاجرات خارج الحبس بتلعو النفس,1,0.0,1.0,Ann3,1,3
ArMIS,train,257,الشبه انه كلكم رخيصات وبعدين ايش القرف,1,0.0,1.0,Ann1,1,3
ArMIS,train,257,الشبه انه كلكم رخيصات وبعدين ايش القرف,1,0.0,1.0,Ann2,1,3
ArMIS,train,257,الشبه انه كلكم رخيصات وبعدين ايش القرف,1,0.0,1.0,Ann3,1,3
ArMIS,train,258,ناقصات عقل ودين النقص تؤخذ يقلل دينها شرع الله رحمه يعني انها تودي صلاتها اكمل وجهه,0,1.0,0.0,Ann1,0,3
ArMIS,train,258,ناقصات عقل ودين النقص تؤخذ يقلل دينها شرع الله رحمه يعني انها تودي صلاتها اكمل وجهه,0,1.0,0.0,Ann2,0,3
ArMIS,train,258,ناقصات عقل ودين النقص تؤخذ يقلل دينها شرع الله رحمه يعني انها تودي صلاتها اكمل وجهه,0,1.0,0.0,Ann3,0,3
ArMIS,train,259,ايام زمان تسبون الي يلبسون عبايات ملونة عساس انهم فاسقات كافرات والحين زعلانين انهم صاروا يعتبرونكم الجهل ياخي انتو تقولون الدنيا دوارة خلاص الحياة,0,1.0,0.0,Ann1,0,3
ArMIS,train,259,ايام زمان تسبون الي يلبسون عبايات ملونة عساس انهم فاسقات كافرات والحين زعلانين انهم صاروا يعتبرونكم الجهل ياخي انتو تقولون الدنيا دوارة خلاص الحياة,0,1.0,0.0,Ann2,0,3
ArMIS,train,259,ايام زمان تسبون الي يلبسون عبايات ملونة عساس انهم فاسقات كافرات والحين زعلانين انهم صاروا يعتبرونكم الجهل ياخي انتو تقولون الدنيا دوارة خلاص الحياة,0,1.0,0.0,Ann3,0,3
ArMIS,train,260,شكله بيغصب بناته يتزوجن عشان يكونن رخيصات ... نسوي منشن حال شرطة تجي تشله جالسة اسوي مشاكل الصبح,0,1.0,0.0,Ann1,0,3
ArMIS,train,260,شكله بيغصب بناته يتزوجن عشان يكونن رخيصات ... نسوي منشن حال شرطة تجي تشله جالسة اسوي مشاكل الصبح,0,1.0,0.0,Ann2,0,3
ArMIS,train,260,شكله بيغصب بناته يتزوجن عشان يكونن رخيصات ... نسوي منشن حال شرطة تجي تشله جالسة اسوي مشاكل الصبح,0,1.0,0.0,Ann3,0,3
ArMIS,train,261,توجه الصحافة عالميا تسليط الضوء المرأة حثها ععلى العمل الخروج البيت تهميش الرجل يدمر الأسر يحد فرص زواج النساء الموضوع طويل عريض خطير جدا,1,0.33,0.67,Ann1,1,3
ArMIS,train,261,توجه الصحافة عالميا تسليط الضوء المرأة حثها ععلى العمل الخروج البيت تهميش الرجل يدمر الأسر يحد فرص زواج النساء الموضوع طويل عريض خطير جدا,1,0.33,0.67,Ann2,0,3
ArMIS,train,261,توجه الصحافة عالميا تسليط الضوء المرأة حثها ععلى العمل الخروج البيت تهميش الرجل يدمر الأسر يحد فرص زواج النساء الموضوع طويل عريض خطير جدا,1,0.33,0.67,Ann3,1,3
ArMIS,train,262,طيب امرأه نسويه هذاك قلتيها,0,1.0,0.0,Ann1,0,3
ArMIS,train,262,طيب امرأه نسويه هذاك قلتيها,0,1.0,0.0,Ann2,0,3
ArMIS,train,262,طيب امرأه نسويه هذاك قلتيها,0,1.0,0.0,Ann3,0,3
ArMIS,train,263,الدجاجة السبب كان مغريه لذكر كامل العقل عشان القرار فالبيت كله بسبب الفسويات,1,0.0,1.0,Ann1,1,3
ArMIS,train,263,الدجاجة السبب كان مغريه لذكر كامل العقل عشان القرار فالبيت كله بسبب الفسويات,1,0.0,1.0,Ann2,1,3
ArMIS,train,263,الدجاجة السبب كان مغريه لذكر كامل العقل عشان القرار فالبيت كله بسبب الفسويات,1,0.0,1.0,Ann3,1,3
ArMIS,train,264,لاني فكرة الرجال البنات قلت انتم تقولو ناقصات دين عقل خلاص اتركونا حالنا اقلبو لوطيين روحو اشبعوا رغباتكم ذكور مثلكم ترجونا قولة نبي نتزوجكم عشان نكمل الدين,0,1.0,0.0,Ann1,0,3
ArMIS,train,264,لاني فكرة الرجال البنات قلت انتم تقولو ناقصات دين عقل خلاص اتركونا حالنا اقلبو لوطيين روحو اشبعوا رغباتكم ذكور مثلكم ترجونا قولة نبي نتزوجكم عشان نكمل الدين,0,1.0,0.0,Ann2,0,3
ArMIS,train,264,لاني فكرة الرجال البنات قلت انتم تقولو ناقصات دين عقل خلاص اتركونا حالنا اقلبو لوطيين روحو اشبعوا رغباتكم ذكور مثلكم ترجونا قولة نبي نتزوجكم عشان نكمل الدين,0,1.0,0.0,Ann3,0,3
ArMIS,train,265,المرآه امي اختي بنتي النسويات يتبنون افكار هدامه مثل دعم الألحاد الحريه الجنسية الميول الخطأ لذلك اخطيت بشئ يحزنون,1,0.0,1.0,Ann1,1,3
ArMIS,train,265,المرآه امي اختي بنتي النسويات يتبنون افكار هدامه مثل دعم الألحاد الحريه الجنسية الميول الخطأ لذلك اخطيت بشئ يحزنون,1,0.0,1.0,Ann2,1,3
ArMIS,train,265,المرآه امي اختي بنتي النسويات يتبنون افكار هدامه مثل دعم الألحاد الحريه الجنسية الميول الخطأ لذلك اخطيت بشئ يحزنون,1,0.0,1.0,Ann3,1,3
ArMIS,train,266,خاطري اجلس جلسه معهن افهم ايش مشكلهن ناقصات حنان عقل ايش بالضبط اتوقع ناقصات دين ذلا,1,0.0,1.0,Ann1,1,3
ArMIS,train,266,خاطري اجلس جلسه معهن افهم ايش مشكلهن ناقصات حنان عقل ايش بالضبط اتوقع ناقصات دين ذلا,1,0.0,1.0,Ann2,1,3
ArMIS,train,266,خاطري اجلس جلسه معهن افهم ايش مشكلهن ناقصات حنان عقل ايش بالضبط اتوقع ناقصات دين ذلا,1,0.0,1.0,Ann3,1,3
ArMIS,train,267,المشرفات متسلطات بشكل عجيب اكيد كلها عقد نفسية ياحليل المشرفين ابوهم للجنه اللي نسمع عنه المشرفات,1,0.33,0.67,Ann1,1,3
ArMIS,train,267,المشرفات متسلطات بشكل عجيب اكيد كلها عقد نفسية ياحليل المشرفين ابوهم للجنه اللي نسمع عنه المشرفات,1,0.33,0.67,Ann2,1,3
ArMIS,train,267,المشرفات متسلطات بشكل عجيب اكيد كلها عقد نفسية ياحليل المشرفين ابوهم للجنه اللي نسمع عنه المشرفات,1,0.33,0.67,Ann3,0,3
ArMIS,train,268,الله يهديك شكلك مامريت نساء فاسدات اكثر فساد بالحياة النساء طبيعتهن ضعيفة يملكن الشجاعة اذا وافق وجودهن خبيث مثلهن توقع الاجرام بينهم,1,0.0,1.0,Ann1,1,3
ArMIS,train,268,الله يهديك شكلك مامريت نساء فاسدات اكثر فساد بالحياة النساء طبيعتهن ضعيفة يملكن الشجاعة اذا وافق وجودهن خبيث مثلهن توقع الاجرام بينهم,1,0.0,1.0,Ann2,1,3
ArMIS,train,268,الله يهديك شكلك مامريت نساء فاسدات اكثر فساد بالحياة النساء طبيعتهن ضعيفة يملكن الشجاعة اذا وافق وجودهن خبيث مثلهن توقع الاجرام بينهم,1,0.0,1.0,Ann3,1,3
ArMIS,train,269,جعفر يعلم بلادنا الألاف المحجبات تلعبن الكراتيه متبرجات تلعبين الكراتيه غريب أمر الرجل,0,1.0,0.0,Ann1,0,3
ArMIS,train,269,جعفر يعلم بلادنا الألاف المحجبات تلعبن الكراتيه متبرجات تلعبين الكراتيه غريب أمر الرجل,0,1.0,0.0,Ann2,0,3
ArMIS,train,269,جعفر يعلم بلادنا الألاف المحجبات تلعبن الكراتيه متبرجات تلعبين الكراتيه غريب أمر الرجل,0,1.0,0.0,Ann3,0,3
ArMIS,train,270,اذا نفسه الدين وتعلمنا بالمدارس جاه حريق خلاص نطلع متبرجات لابسين لبس مررره كاشف نطلع خلاص لانه حرييق يعني بنموت وحنا مستحيين والدين اباحه العقول الصغيره تفهم,0,1.0,0.0,Ann1,0,3
ArMIS,train,270,اذا نفسه الدين وتعلمنا بالمدارس جاه حريق خلاص نطلع متبرجات لابسين لبس مررره كاشف نطلع خلاص لانه حرييق يعني بنموت وحنا مستحيين والدين اباحه العقول الصغيره تفهم,0,1.0,0.0,Ann2,0,3
ArMIS,train,270,اذا نفسه الدين وتعلمنا بالمدارس جاه حريق خلاص نطلع متبرجات لابسين لبس مررره كاشف نطلع خلاص لانه حرييق يعني بنموت وحنا مستحيين والدين اباحه العقول الصغيره تفهم,0,1.0,0.0,Ann3,0,3
ArMIS,train,271,يعني خيار فرض فرضه الله عليكم ووجب توريثها ويحر حرمانها إجبارها إكراهها التنازل نزل حقنا سورة كاملة أثبتت علينا اجتمع جمعيات حقوق المرأة البسيطة وألفت آلاف الكتب وصلت جزء عدل الله سورة النساء,0,1.0,0.0,Ann1,0,3
ArMIS,train,271,يعني خيار فرض فرضه الله عليكم ووجب توريثها ويحر حرمانها إجبارها إكراهها التنازل نزل حقنا سورة كاملة أثبتت علينا اجتمع جمعيات حقوق المرأة البسيطة وألفت آلاف الكتب وصلت جزء عدل الله سورة النساء,0,1.0,0.0,Ann2,0,3
ArMIS,train,271,يعني خيار فرض فرضه الله عليكم ووجب توريثها ويحر حرمانها إجبارها إكراهها التنازل نزل حقنا سورة كاملة أثبتت علينا اجتمع جمعيات حقوق المرأة البسيطة وألفت آلاف الكتب وصلت جزء عدل الله سورة النساء,0,1.0,0.0,Ann3,0,3
ArMIS,train,272,والله انكن ناقصات عقل ودين,1,0.0,1.0,Ann1,1,3
ArMIS,train,272,والله انكن ناقصات عقل ودين,1,0.0,1.0,Ann2,1,3
ArMIS,train,272,والله انكن ناقصات عقل ودين,1,0.0,1.0,Ann3,1,3
ArMIS,train,273,الله ملكنا الغالي مربيات الاجيال نصف المجتمع المجتمع كامل وهنا نتكلم مربيات الاجيال وليس السلاتيح الفسويات الشواذ تفو,1,0.0,1.0,Ann1,1,3
ArMIS,train,273,الله ملكنا الغالي مربيات الاجيال نصف المجتمع المجتمع كامل وهنا نتكلم مربيات الاجيال وليس السلاتيح الفسويات الشواذ تفو,1,0.0,1.0,Ann2,1,3
ArMIS,train,273,الله ملكنا الغالي مربيات الاجيال نصف المجتمع المجتمع كامل وهنا نتكلم مربيات الاجيال وليس السلاتيح الفسويات الشواذ تفو,1,0.0,1.0,Ann3,1,3
ArMIS,train,274,بداية انذار ولكل امرأة تقود السيارة وقد افتى العلماء بتحريم قيادة المرأة للسيارة خاصة انك قرنت بالتبرج والسفور أعظم موقفك امام الله فبادري بالتوبة النصوح,1,0.33,0.67,Ann1,1,3
ArMIS,train,274,بداية انذار ولكل امرأة تقود السيارة وقد افتى العلماء بتحريم قيادة المرأة للسيارة خاصة انك قرنت بالتبرج والسفور أعظم موقفك امام الله فبادري بالتوبة النصوح,1,0.33,0.67,Ann2,0,3
ArMIS,train,274,بداية انذار ولكل امرأة تقود السيارة وقد افتى العلماء بتحريم قيادة المرأة للسيارة خاصة انك قرنت بالتبرج والسفور أعظم موقفك امام الله فبادري بالتوبة النصوح,1,0.33,0.67,Ann3,1,3
ArMIS,train,275,ابوي اللي يقول ناقصات عقل ودين,0,0.67,0.33,Ann1,1,3
ArMIS,train,275,ابوي اللي يقول ناقصات عقل ودين,0,0.67,0.33,Ann2,0,3
ArMIS,train,275,ابوي اللي يقول ناقصات عقل ودين,0,0.67,0.33,Ann3,0,3
ArMIS,train,276,احد آليات مواجهة العنف المرأة ينبغي تهتم الأسرة وغيرها المؤسسات الاجتماعية بتنشئة الفرد وتربيته بشكل يدخل إطار سوي أساس المساواة الجنسين وتعليم الفرد الفروق بينهم فروق بيولوجية فقط فليس تفضيل الجنس آخر,0,1.0,0.0,Ann1,0,3
ArMIS,train,276,احد آليات مواجهة العنف المرأة ينبغي تهتم الأسرة وغيرها المؤسسات الاجتماعية بتنشئة الفرد وتربيته بشكل يدخل إطار سوي أساس المساواة الجنسين وتعليم الفرد الفروق بينهم فروق بيولوجية فقط فليس تفضيل الجنس آخر,0,1.0,0.0,Ann2,0,3
ArMIS,train,276,احد آليات مواجهة العنف المرأة ينبغي تهتم الأسرة وغيرها المؤسسات الاجتماعية بتنشئة الفرد وتربيته بشكل يدخل إطار سوي أساس المساواة الجنسين وتعليم الفرد الفروق بينهم فروق بيولوجية فقط فليس تفضيل الجنس آخر,0,1.0,0.0,Ann3,0,3
ArMIS,train,277,وتبرر العنف المرأه طبيعيه ابدا,0,1.0,0.0,Ann1,0,3
ArMIS,train,277,وتبرر العنف المرأه طبيعيه ابدا,0,1.0,0.0,Ann2,0,3
ArMIS,train,277,وتبرر العنف المرأه طبيعيه ابدا,0,1.0,0.0,Ann3,0,3
ArMIS,train,278,اجل قلت السعادة العطاء لابد لمن يأخذ يعطى يوما الايام لابد اما النساء فمنا جعلها تاج رأسة ومنا مادون ذالك ومنا قلل وكذالك الرجال بالنسبة للنساء الاختلاف سنة الحياة خلصة القول الرجل خرج رحم امراة وارضعتة وربتة واهدته لامرأة اخري,0,1.0,0.0,Ann1,0,3
ArMIS,train,278,اجل قلت السعادة العطاء لابد لمن يأخذ يعطى يوما الايام لابد اما النساء فمنا جعلها تاج رأسة ومنا مادون ذالك ومنا قلل وكذالك الرجال بالنسبة للنساء الاختلاف سنة الحياة خلصة القول الرجل خرج رحم امراة وارضعتة وربتة واهدته لامرأة اخري,0,1.0,0.0,Ann2,0,3
ArMIS,train,278,اجل قلت السعادة العطاء لابد لمن يأخذ يعطى يوما الايام لابد اما النساء فمنا جعلها تاج رأسة ومنا مادون ذالك ومنا قلل وكذالك الرجال بالنسبة للنساء الاختلاف سنة الحياة خلصة القول الرجل خرج رحم امراة وارضعتة وربتة واهدته لامرأة اخري,0,1.0,0.0,Ann3,0,3
ArMIS,train,279,تؤيد العلاقة كانت بالعمل خارجه لهذا الكثير تحدث مطالبات المزيد القوانين تحفظ ولهذا يرفض الاهالي عمل بناتهم لهذا السبب اعتذر سوء المشهد البعض النساء يعتقدون الحرية علاقة طبيعية الجنسين,0,0.67,0.33,Ann1,1,3
ArMIS,train,279,تؤيد العلاقة كانت بالعمل خارجه لهذا الكثير تحدث مطالبات المزيد القوانين تحفظ ولهذا يرفض الاهالي عمل بناتهم لهذا السبب اعتذر سوء المشهد البعض النساء يعتقدون الحرية علاقة طبيعية الجنسين,0,0.67,0.33,Ann2,0,3
ArMIS,train,279,تؤيد العلاقة كانت بالعمل خارجه لهذا الكثير تحدث مطالبات المزيد القوانين تحفظ ولهذا يرفض الاهالي عمل بناتهم لهذا السبب اعتذر سوء المشهد البعض النساء يعتقدون الحرية علاقة طبيعية الجنسين,0,0.67,0.33,Ann3,0,3
ArMIS,train,280,والله زود المرض والنقص تتهاوشون مين احلى الثاني وهي بالاساس خلقت الله وكل النساء جميلات سمرا بيضا نحيفه سمينه الناس تطورت بفكرها وانتم ناقصات عقل الجمال جمال الروح والاخلاق يامعتوهات,1,0.0,1.0,Ann1,1,3
ArMIS,train,280,والله زود المرض والنقص تتهاوشون مين احلى الثاني وهي بالاساس خلقت الله وكل النساء جميلات سمرا بيضا نحيفه سمينه الناس تطورت بفكرها وانتم ناقصات عقل الجمال جمال الروح والاخلاق يامعتوهات,1,0.0,1.0,Ann2,1,3
ArMIS,train,280,والله زود المرض والنقص تتهاوشون مين احلى الثاني وهي بالاساس خلقت الله وكل النساء جميلات سمرا بيضا نحيفه سمينه الناس تطورت بفكرها وانتم ناقصات عقل الجمال جمال الروح والاخلاق يامعتوهات,1,0.0,1.0,Ann3,1,3
ArMIS,train,281,عاش سلمان يشهد العالم قراراته العظيمة مواصلة لتعزيز ضمان حقوق المراة السعودية يستاهلون بنات الوطن الثقة وهم كفو دائما,0,1.0,0.0,Ann1,0,3
ArMIS,train,281,عاش سلمان يشهد العالم قراراته العظيمة مواصلة لتعزيز ضمان حقوق المراة السعودية يستاهلون بنات الوطن الثقة وهم كفو دائما,0,1.0,0.0,Ann2,0,3
ArMIS,train,281,عاش سلمان يشهد العالم قراراته العظيمة مواصلة لتعزيز ضمان حقوق المراة السعودية يستاهلون بنات الوطن الثقة وهم كفو دائما,0,1.0,0.0,Ann3,0,3
ArMIS,train,282,ياحلاوة انامش بكلم شيء دول الى بيكفرونا وبيقولوا متبرجات عجايب عالنفاق والرياء,0,1.0,0.0,Ann1,0,3
ArMIS,train,282,ياحلاوة انامش بكلم شيء دول الى بيكفرونا وبيقولوا متبرجات عجايب عالنفاق والرياء,0,1.0,0.0,Ann2,0,3
ArMIS,train,282,ياحلاوة انامش بكلم شيء دول الى بيكفرونا وبيقولوا متبرجات عجايب عالنفاق والرياء,0,1.0,0.0,Ann3,0,3
ArMIS,train,283,وانا فخوره فيك اكثررر كثر مجتمعنا ذكوري الا اننا طلعنا نسويات وهذا اكبر كفاح,0,1.0,0.0,Ann1,0,3
ArMIS,train,283,وانا فخوره فيك اكثررر كثر مجتمعنا ذكوري الا اننا طلعنا نسويات وهذا اكبر كفاح,0,1.0,0.0,Ann2,0,3
ArMIS,train,283,وانا فخوره فيك اكثررر كثر مجتمعنا ذكوري الا اننا طلعنا نسويات وهذا اكبر كفاح,0,1.0,0.0,Ann3,0,3
ArMIS,train,284,اجلد ابوهم بنات الكلب داشرات,1,0.0,1.0,Ann1,1,3
ArMIS,train,284,اجلد ابوهم بنات الكلب داشرات,1,0.0,1.0,Ann2,1,3
ArMIS,train,284,اجلد ابوهم بنات الكلب داشرات,1,0.0,1.0,Ann3,1,3
ArMIS,train,285,اوك كلامك صحيح احترامي غباء شوي وشكلك فكرت الرج سهل يتزوج اوك تمام صحيح انت قلت بعدها ياخذ اربعة نساء بكذا يكون عدد زواج النساء اكثر يعني الرجال رجل واحد النساء اربعه العدد الاكثر عدد النساء يكون خساره للنساء عددهم اكثر,0,1.0,0.0,Ann1,0,3
ArMIS,train,285,اوك كلامك صحيح احترامي غباء شوي وشكلك فكرت الرج سهل يتزوج اوك تمام صحيح انت قلت بعدها ياخذ اربعة نساء بكذا يكون عدد زواج النساء اكثر يعني الرجال رجل واحد النساء اربعه العدد الاكثر عدد النساء يكون خساره للنساء عددهم اكثر,0,1.0,0.0,Ann2,0,3
ArMIS,train,285,اوك كلامك صحيح احترامي غباء شوي وشكلك فكرت الرج سهل يتزوج اوك تمام صحيح انت قلت بعدها ياخذ اربعة نساء بكذا يكون عدد زواج النساء اكثر يعني الرجال رجل واحد النساء اربعه العدد الاكثر عدد النساء يكون خساره للنساء عددهم اكثر,0,1.0,0.0,Ann3,0,3
ArMIS,train,286,ايوة قلت ناقصات عقل عشان عاطفية وناقصات دين لانهن بؤدين الفرائض كاملة لظروف انثوية وهذا ينقص قدر المرأة,0,1.0,0.0,Ann1,0,3
ArMIS,train,286,ايوة قلت ناقصات عقل عشان عاطفية وناقصات دين لانهن بؤدين الفرائض كاملة لظروف انثوية وهذا ينقص قدر المرأة,0,1.0,0.0,Ann2,0,3
ArMIS,train,286,ايوة قلت ناقصات عقل عشان عاطفية وناقصات دين لانهن بؤدين الفرائض كاملة لظروف انثوية وهذا ينقص قدر المرأة,0,1.0,0.0,Ann3,0,3
ArMIS,train,287,حصحص هالفترة محتاجينك تجلدين فاسقات انتشروا اشوفهم ههه ههه ههه,1,0.0,1.0,Ann1,1,3
ArMIS,train,287,حصحص هالفترة محتاجينك تجلدين فاسقات انتشروا اشوفهم ههه ههه ههه,1,0.0,1.0,Ann2,1,3
ArMIS,train,287,حصحص هالفترة محتاجينك تجلدين فاسقات انتشروا اشوفهم ههه ههه ههه,1,0.0,1.0,Ann3,1,3
ArMIS,train,288,فاهمة ليه ممكن تتصالح العنف الاغتصاب القتل التحرش الجرائم المرأة تشخصنها المرأة الذكورية كأنها ضحية للنظام الذكوري اصلا,0,1.0,0.0,Ann1,0,3
ArMIS,train,288,فاهمة ليه ممكن تتصالح العنف الاغتصاب القتل التحرش الجرائم المرأة تشخصنها المرأة الذكورية كأنها ضحية للنظام الذكوري اصلا,0,1.0,0.0,Ann2,0,3
ArMIS,train,288,فاهمة ليه ممكن تتصالح العنف الاغتصاب القتل التحرش الجرائم المرأة تشخصنها المرأة الذكورية كأنها ضحية للنظام الذكوري اصلا,0,1.0,0.0,Ann3,0,3
ArMIS,train,289,انت بتبرجك مكياجك تكسبين إثم تكسبين إثم يراك بهذا التبرج فأتق الله فنساء بلاد الحرمين متحجبات يظهرن بمظهرك ... للأسف اصبحنا زمن ذهب الحياء النساء ذهبت الغيرة الرجال,1,0.0,1.0,Ann1,1,3
ArMIS,train,289,انت بتبرجك مكياجك تكسبين إثم تكسبين إثم يراك بهذا التبرج فأتق الله فنساء بلاد الحرمين متحجبات يظهرن بمظهرك ... للأسف اصبحنا زمن ذهب الحياء النساء ذهبت الغيرة الرجال,1,0.0,1.0,Ann2,1,3
ArMIS,train,289,انت بتبرجك مكياجك تكسبين إثم تكسبين إثم يراك بهذا التبرج فأتق الله فنساء بلاد الحرمين متحجبات يظهرن بمظهرك ... للأسف اصبحنا زمن ذهب الحياء النساء ذهبت الغيرة الرجال,1,0.0,1.0,Ann3,1,3
ArMIS,train,290,بالاخير صارحت حولها انها شاتها طلقها بعدما علمو وتفاجئو بزواج زوجها اخرى غيرها وهي شغالة تصوير زوجي حبيبي حاطة حرفه حرفها فعلا اذا قالو ناقصات عقل دين,1,0.0,1.0,Ann1,1,3
ArMIS,train,290,بالاخير صارحت حولها انها شاتها طلقها بعدما علمو وتفاجئو بزواج زوجها اخرى غيرها وهي شغالة تصوير زوجي حبيبي حاطة حرفه حرفها فعلا اذا قالو ناقصات عقل دين,1,0.0,1.0,Ann2,1,3
ArMIS,train,290,بالاخير صارحت حولها انها شاتها طلقها بعدما علمو وتفاجئو بزواج زوجها اخرى غيرها وهي شغالة تصوير زوجي حبيبي حاطة حرفه حرفها فعلا اذا قالو ناقصات عقل دين,1,0.0,1.0,Ann3,1,3
ArMIS,train,291,النسويات السعوديات الجحيم بعينه سنوات نعاني ظلمهم وتسلطهم,1,0.0,1.0,Ann1,1,3
ArMIS,train,291,النسويات السعوديات الجحيم بعينه سنوات نعاني ظلمهم وتسلطهم,1,0.0,1.0,Ann2,1,3
ArMIS,train,291,النسويات السعوديات الجحيم بعينه سنوات نعاني ظلمهم وتسلطهم,1,0.0,1.0,Ann3,1,3
ArMIS,train,292,يحب المرأه المتحرره اللي تسرح وتمرح علي النسوي,0,1.0,0.0,Ann1,0,3
ArMIS,train,292,يحب المرأه المتحرره اللي تسرح وتمرح علي النسوي,0,1.0,0.0,Ann2,0,3
ArMIS,train,292,يحب المرأه المتحرره اللي تسرح وتمرح علي النسوي,0,1.0,0.0,Ann3,0,3
ArMIS,train,293,بكل إحترام بتعرفي تفاصيل ناقصات عقل دين يعني لاعك معرفتك بالدين الإسلامي كتير ضعيفة تصدري أحكام عندك معرفة كافية فهم بالموضوع تحكي تخلطي عادات تقاليد ومعاملة المجتمع العربي للمرأة الدين الإسلامي ذنب الدين الناس بتطبقه غلط,0,1.0,0.0,Ann1,0,3
ArMIS,train,293,بكل إحترام بتعرفي تفاصيل ناقصات عقل دين يعني لاعك معرفتك بالدين الإسلامي كتير ضعيفة تصدري أحكام عندك معرفة كافية فهم بالموضوع تحكي تخلطي عادات تقاليد ومعاملة المجتمع العربي للمرأة الدين الإسلامي ذنب الدين الناس بتطبقه غلط,0,1.0,0.0,Ann2,0,3
ArMIS,train,293,بكل إحترام بتعرفي تفاصيل ناقصات عقل دين يعني لاعك معرفتك بالدين الإسلامي كتير ضعيفة تصدري أحكام عندك معرفة كافية فهم بالموضوع تحكي تخلطي عادات تقاليد ومعاملة المجتمع العربي للمرأة الدين الإسلامي ذنب الدين الناس بتطبقه غلط,0,1.0,0.0,Ann3,0,3
ArMIS,train,294,فمرة يثبت أكتافها بسواعده ومرة يوهمها تأخذ دفة الحديث النسوية وكله عبارة كلامه ومرة يدعي موافقتها موضوع مساواة الأجور ويستدرجها ليوقعها الفخ القديم بيولوجية المرأة ويبرر صنوف التمييز ناهيك الفيديو اللي يبرر التعنيف,0,1.0,0.0,Ann1,0,3
ArMIS,train,294,فمرة يثبت أكتافها بسواعده ومرة يوهمها تأخذ دفة الحديث النسوية وكله عبارة كلامه ومرة يدعي موافقتها موضوع مساواة الأجور ويستدرجها ليوقعها الفخ القديم بيولوجية المرأة ويبرر صنوف التمييز ناهيك الفيديو اللي يبرر التعنيف,0,1.0,0.0,Ann2,0,3
ArMIS,train,294,فمرة يثبت أكتافها بسواعده ومرة يوهمها تأخذ دفة الحديث النسوية وكله عبارة كلامه ومرة يدعي موافقتها موضوع مساواة الأجور ويستدرجها ليوقعها الفخ القديم بيولوجية المرأة ويبرر صنوف التمييز ناهيك الفيديو اللي يبرر التعنيف,0,1.0,0.0,Ann3,0,3
ArMIS,train,295,دشو الملحدين النسويات يحسبونها إسقاط الولاية,1,0.0,1.0,Ann1,1,3
ArMIS,train,295,دشو الملحدين النسويات يحسبونها إسقاط الولاية,1,0.0,1.0,Ann2,1,3
ArMIS,train,295,دشو الملحدين النسويات يحسبونها إسقاط الولاية,1,0.0,1.0,Ann3,1,3
ArMIS,train,296,اساسا مافي نسويات صالحات علشان يكون نسويات فاسدات,1,0.0,1.0,Ann1,1,3
ArMIS,train,296,اساسا مافي نسويات صالحات علشان يكون نسويات فاسدات,1,0.0,1.0,Ann2,1,3
ArMIS,train,296,اساسا مافي نسويات صالحات علشان يكون نسويات فاسدات,1,0.0,1.0,Ann3,1,3
ArMIS,train,297,فترفض خوض التجربه مره ثانيه فتصاب هائل التشتت نسويات ... فاسدات مفسدات,1,0.0,1.0,Ann1,1,3
ArMIS,train,297,فترفض خوض التجربه مره ثانيه فتصاب هائل التشتت نسويات ... فاسدات مفسدات,1,0.0,1.0,Ann2,1,3
ArMIS,train,297,فترفض خوض التجربه مره ثانيه فتصاب هائل التشتت نسويات ... فاسدات مفسدات,1,0.0,1.0,Ann3,1,3
ArMIS,train,298,يستاهلووون والمقاطعة شيء نسويه لكل شيء يقلل قيمة وطننا وقادتنا العظماء,0,1.0,0.0,Ann1,0,3
ArMIS,train,298,يستاهلووون والمقاطعة شيء نسويه لكل شيء يقلل قيمة وطننا وقادتنا العظماء,0,1.0,0.0,Ann2,0,3
ArMIS,train,298,يستاهلووون والمقاطعة شيء نسويه لكل شيء يقلل قيمة وطننا وقادتنا العظماء,0,1.0,0.0,Ann3,0,3
ArMIS,train,299,اذا تشوفين نفسك سلعه غاليات رخيصات الناس موب مثلك عبدة الاتنشن,1,0.33,0.67,Ann1,1,3
ArMIS,train,299,اذا تشوفين نفسك سلعه غاليات رخيصات الناس موب مثلك عبدة الاتنشن,1,0.33,0.67,Ann2,0,3
ArMIS,train,299,اذا تشوفين نفسك سلعه غاليات رخيصات الناس موب مثلك عبدة الاتنشن,1,0.33,0.67,Ann3,1,3
ArMIS,train,300,لمتى والطبيبات السعوديات وقحات طبيعي ادخل غرفتها وتقولي مافي غيري معقولة وتقوم ترميني عالممرضه وتقولها بالانقليزي اسأليها كثير مشكلتها تسوين سحب شايفتني حمار حاجه,1,0.33,0.67,Ann1,1,3
ArMIS,train,300,لمتى والطبيبات السعوديات وقحات طبيعي ادخل غرفتها وتقولي مافي غيري معقولة وتقوم ترميني عالممرضه وتقولها بالانقليزي اسأليها كثير مشكلتها تسوين سحب شايفتني حمار حاجه,1,0.33,0.67,Ann2,1,3
ArMIS,train,300,لمتى والطبيبات السعوديات وقحات طبيعي ادخل غرفتها وتقولي مافي غيري معقولة وتقوم ترميني عالممرضه وتقولها بالانقليزي اسأليها كثير مشكلتها تسوين سحب شايفتني حمار حاجه,1,0.33,0.67,Ann3,0,3
ArMIS,train,301,مايلام دوس عليهم قذرات العرب خيبهم الله مافيه أكبر الخيانه والانحطاط والتآمر يستاهلون والله,1,0.0,1.0,Ann1,1,3
ArMIS,train,301,مايلام دوس عليهم قذرات العرب خيبهم الله مافيه أكبر الخيانه والانحطاط والتآمر يستاهلون والله,1,0.0,1.0,Ann2,1,3
ArMIS,train,301,مايلام دوس عليهم قذرات العرب خيبهم الله مافيه أكبر الخيانه والانحطاط والتآمر يستاهلون والله,1,0.0,1.0,Ann3,1,3
ArMIS,train,302,بتحصل عنك المكر البنات صايعات,0,0.67,0.33,Ann1,0,3
ArMIS,train,302,بتحصل عنك المكر البنات صايعات,0,0.67,0.33,Ann2,0,3
ArMIS,train,302,بتحصل عنك المكر البنات صايعات,0,0.67,0.33,Ann3,1,3
ArMIS,train,303,قرروا اليسار والنسويات تعليقات نينا تسيء للمرأة وبنفس الدقيقة شنوا هجوم معنوي عليها واتهموها بأبشع الاتهامات الميسوجينية واعتبروا تعليق ورأي شخصي خسف حقوق وإنجازات النساء نسويات تسمحوا لنفسكم بأن تتحولوا الى عدو المرأة,0,1.0,0.0,Ann1,0,3
ArMIS,train,303,قرروا اليسار والنسويات تعليقات نينا تسيء للمرأة وبنفس الدقيقة شنوا هجوم معنوي عليها واتهموها بأبشع الاتهامات الميسوجينية واعتبروا تعليق ورأي شخصي خسف حقوق وإنجازات النساء نسويات تسمحوا لنفسكم بأن تتحولوا الى عدو المرأة,0,1.0,0.0,Ann2,0,3
ArMIS,train,303,قرروا اليسار والنسويات تعليقات نينا تسيء للمرأة وبنفس الدقيقة شنوا هجوم معنوي عليها واتهموها بأبشع الاتهامات الميسوجينية واعتبروا تعليق ورأي شخصي خسف حقوق وإنجازات النساء نسويات تسمحوا لنفسكم بأن تتحولوا الى عدو المرأة,0,1.0,0.0,Ann3,0,3
ArMIS,train,304,يمكن طلعتي محيطك بتعرفي الأمر نادر يوجد الكثير النساء المعيلات ياخذ حقهن,0,1.0,0.0,Ann1,0,3
ArMIS,train,304,يمكن طلعتي محيطك بتعرفي الأمر نادر يوجد الكثير النساء المعيلات ياخذ حقهن,0,1.0,0.0,Ann2,0,3
ArMIS,train,304,يمكن طلعتي محيطك بتعرفي الأمر نادر يوجد الكثير النساء المعيلات ياخذ حقهن,0,1.0,0.0,Ann3,0,3
ArMIS,train,305,خلاصة الكلام والموضوع المتداول امس حنا الحق وحنا نبي نوقف العينات الي تبي شهره وتفاعل استعطاف الناس وفيه مقوله شهيره لاتجعلو الحمقاء مشاهير لذا الضجة نبي نوقف الفسويات واتباعهم يعني يكفي انهم داعمين هاشتاق المثليين,1,0.0,1.0,Ann1,1,3
ArMIS,train,305,خلاصة الكلام والموضوع المتداول امس حنا الحق وحنا نبي نوقف العينات الي تبي شهره وتفاعل استعطاف الناس وفيه مقوله شهيره لاتجعلو الحمقاء مشاهير لذا الضجة نبي نوقف الفسويات واتباعهم يعني يكفي انهم داعمين هاشتاق المثليين,1,0.0,1.0,Ann2,1,3
ArMIS,train,305,خلاصة الكلام والموضوع المتداول امس حنا الحق وحنا نبي نوقف العينات الي تبي شهره وتفاعل استعطاف الناس وفيه مقوله شهيره لاتجعلو الحمقاء مشاهير لذا الضجة نبي نوقف الفسويات واتباعهم يعني يكفي انهم داعمين هاشتاق المثليين,1,0.0,1.0,Ann3,1,3
ArMIS,train,306,اللي يقهر انهم يمثلون النسويه ابد,0,1.0,0.0,Ann1,0,3
ArMIS,train,306,اللي يقهر انهم يمثلون النسويه ابد,0,1.0,0.0,Ann2,0,3
ArMIS,train,306,اللي يقهر انهم يمثلون النسويه ابد,0,1.0,0.0,Ann3,0,3
ArMIS,train,307,والله انتو ملكات ومعززات بيوتكم وهي مملكتكم كله الفسويات الي يبون يخربون بناتنا,1,0.0,1.0,Ann1,1,3
ArMIS,train,307,والله انتو ملكات ومعززات بيوتكم وهي مملكتكم كله الفسويات الي يبون يخربون بناتنا,1,0.0,1.0,Ann2,1,3
ArMIS,train,307,والله انتو ملكات ومعززات بيوتكم وهي مملكتكم كله الفسويات الي يبون يخربون بناتنا,1,0.0,1.0,Ann3,1,3
ArMIS,train,308,كبييير لجميع النسويات,0,1.0,0.0,Ann1,0,3
ArMIS,train,308,كبييير لجميع النسويات,0,1.0,0.0,Ann2,0,3
ArMIS,train,308,كبييير لجميع النسويات,0,1.0,0.0,Ann3,0,3
ArMIS,train,309,سافرات اهانه تفسيرها ايضا محجبه كاشفه وجهها وغير منقبه كان الاولى توجهي انتقادك اللاذع لتلك السيده الجاهله وكل يفكر بطريقتها العلم الدين المسيحي ايضا السابق كانوا يغطون رؤوسهم بمنديل وأشارب الان يرتدونه الا وقت دخول الكنائس وليس الكل فقراء,0,1.0,0.0,Ann1,0,3
ArMIS,train,309,سافرات اهانه تفسيرها ايضا محجبه كاشفه وجهها وغير منقبه كان الاولى توجهي انتقادك اللاذع لتلك السيده الجاهله وكل يفكر بطريقتها العلم الدين المسيحي ايضا السابق كانوا يغطون رؤوسهم بمنديل وأشارب الان يرتدونه الا وقت دخول الكنائس وليس الكل فقراء,0,1.0,0.0,Ann2,0,3
ArMIS,train,309,سافرات اهانه تفسيرها ايضا محجبه كاشفه وجهها وغير منقبه كان الاولى توجهي انتقادك اللاذع لتلك السيده الجاهله وكل يفكر بطريقتها العلم الدين المسيحي ايضا السابق كانوا يغطون رؤوسهم بمنديل وأشارب الان يرتدونه الا وقت دخول الكنائس وليس الكل فقراء,0,1.0,0.0,Ann3,0,3
ArMIS,train,310,الفئران نساء فاسدات والأسود رجال يطردهم,1,0.0,1.0,Ann1,1,3
ArMIS,train,310,الفئران نساء فاسدات والأسود رجال يطردهم,1,0.0,1.0,Ann2,1,3
ArMIS,train,310,الفئران نساء فاسدات والأسود رجال يطردهم,1,0.0,1.0,Ann3,1,3
ArMIS,train,311,اكره العمانيين حرفيا كلهم مختفيين ومحد يشارك بالهاشتاق الا النسويات رغم انه موضوع حياة موت الموضوع تنمر سخيف الهاشتاق بيوصل ترند بدقيقة,0,0.67,0.33,Ann1,0,3
ArMIS,train,311,اكره العمانيين حرفيا كلهم مختفيين ومحد يشارك بالهاشتاق الا النسويات رغم انه موضوع حياة موت الموضوع تنمر سخيف الهاشتاق بيوصل ترند بدقيقة,0,0.67,0.33,Ann2,1,3
ArMIS,train,311,اكره العمانيين حرفيا كلهم مختفيين ومحد يشارك بالهاشتاق الا النسويات رغم انه موضوع حياة موت الموضوع تنمر سخيف الهاشتاق بيوصل ترند بدقيقة,0,0.67,0.33,Ann3,0,3
ArMIS,train,312,انا بصف المرأة بصف مجرمين قرروا ياخدوا دور الخالق وينهوا حياة أطفالهم بإيدهم فعل شنيع هنعلق الذكورية والمجتمع والأهل الضغوطات النفسية مبرر لإنه الشخص يأذي كان جرائم العنف النساء وجرائم تعنيف الأبناء بررة لانه المجتمع ككل قاعد بعيش تحت ضغط نفسي,0,1.0,0.0,Ann1,0,3
ArMIS,train,312,انا بصف المرأة بصف مجرمين قرروا ياخدوا دور الخالق وينهوا حياة أطفالهم بإيدهم فعل شنيع هنعلق الذكورية والمجتمع والأهل الضغوطات النفسية مبرر لإنه الشخص يأذي كان جرائم العنف النساء وجرائم تعنيف الأبناء بررة لانه المجتمع ككل قاعد بعيش تحت ضغط نفسي,0,1.0,0.0,Ann2,0,3
ArMIS,train,312,انا بصف المرأة بصف مجرمين قرروا ياخدوا دور الخالق وينهوا حياة أطفالهم بإيدهم فعل شنيع هنعلق الذكورية والمجتمع والأهل الضغوطات النفسية مبرر لإنه الشخص يأذي كان جرائم العنف النساء وجرائم تعنيف الأبناء بررة لانه المجتمع ككل قاعد بعيش تحت ضغط نفسي,0,1.0,0.0,Ann3,0,3
ArMIS,train,313,ولله الي يقول الناس رخيصات مافي ارخص منو خلي عنك الهرج تسوي العالمين وتقيمي الخلق,0,0.67,0.33,Ann1,0,3
ArMIS,train,313,ولله الي يقول الناس رخيصات مافي ارخص منو خلي عنك الهرج تسوي العالمين وتقيمي الخلق,0,0.67,0.33,Ann2,0,3
ArMIS,train,313,ولله الي يقول الناس رخيصات مافي ارخص منو خلي عنك الهرج تسوي العالمين وتقيمي الخلق,0,0.67,0.33,Ann3,1,3
ArMIS,train,314,انتي ولاهي كلكم رخيصات وتنافس الرخص والمزبله,1,0.0,1.0,Ann1,1,3
ArMIS,train,314,انتي ولاهي كلكم رخيصات وتنافس الرخص والمزبله,1,0.0,1.0,Ann2,1,3
ArMIS,train,314,انتي ولاهي كلكم رخيصات وتنافس الرخص والمزبله,1,0.0,1.0,Ann3,1,3
ArMIS,train,315,عقليات متخلفه الصراحه حقوق المرأه وانتو تقولوا نسوية الله يتولاكم,0,1.0,0.0,Ann1,0,3
ArMIS,train,315,عقليات متخلفه الصراحه حقوق المرأه وانتو تقولوا نسوية الله يتولاكم,0,1.0,0.0,Ann2,0,3
ArMIS,train,315,عقليات متخلفه الصراحه حقوق المرأه وانتو تقولوا نسوية الله يتولاكم,0,1.0,0.0,Ann3,0,3
ArMIS,train,316,مكبرات الموضوع ومتدخلات عود متحررات وكذا وخابصات الدنيا وهي حرية شخصية كلمن بختار شريك حياته بكيفه,0,1.0,0.0,Ann1,0,3
ArMIS,train,316,مكبرات الموضوع ومتدخلات عود متحررات وكذا وخابصات الدنيا وهي حرية شخصية كلمن بختار شريك حياته بكيفه,0,1.0,0.0,Ann2,0,3
ArMIS,train,316,مكبرات الموضوع ومتدخلات عود متحررات وكذا وخابصات الدنيا وهي حرية شخصية كلمن بختار شريك حياته بكيفه,0,1.0,0.0,Ann3,0,3
ArMIS,train,317,أمنيتي أتعرف صاحبات صايعات مايجلسون بيوتهم ويصيعوني معاهم,0,1.0,0.0,Ann1,0,3
ArMIS,train,317,أمنيتي أتعرف صاحبات صايعات مايجلسون بيوتهم ويصيعوني معاهم,0,1.0,0.0,Ann2,0,3
ArMIS,train,317,أمنيتي أتعرف صاحبات صايعات مايجلسون بيوتهم ويصيعوني معاهم,0,1.0,0.0,Ann3,0,3
ArMIS,train,318,خمسين سنه النسويات يقولون شاركنا بحرب كورونا,0,0.67,0.33,Ann1,1,3
ArMIS,train,318,خمسين سنه النسويات يقولون شاركنا بحرب كورونا,0,0.67,0.33,Ann2,0,3
ArMIS,train,318,خمسين سنه النسويات يقولون شاركنا بحرب كورونا,0,0.67,0.33,Ann3,0,3
ArMIS,train,319,انثى السرطان تعيش بأمان واطمئنان وماعندهافسويات يطالبون باسقاط الولايه,1,0.0,1.0,Ann1,1,3
ArMIS,train,319,انثى السرطان تعيش بأمان واطمئنان وماعندهافسويات يطالبون باسقاط الولايه,1,0.0,1.0,Ann2,1,3
ArMIS,train,319,انثى السرطان تعيش بأمان واطمئنان وماعندهافسويات يطالبون باسقاط الولايه,1,0.0,1.0,Ann3,1,3
ArMIS,train,320,شكلهم نسويات ههه,0,0.67,0.33,Ann1,0,3
ArMIS,train,320,شكلهم نسويات ههه,0,0.67,0.33,Ann2,0,3
ArMIS,train,320,شكلهم نسويات ههه,0,0.67,0.33,Ann3,1,3
ArMIS,train,321,اخوها ومحتقرته انه ناشب لخواته فما بالك عزيزي باحتقار الزوجة لزوجها اللي ناشب المسعودات عزيزي والمرأة عموما مختلف كثير تتصور منحطات جدا فوق تتصور بكثييير,1,0.33,0.67,Ann1,1,3
ArMIS,train,321,اخوها ومحتقرته انه ناشب لخواته فما بالك عزيزي باحتقار الزوجة لزوجها اللي ناشب المسعودات عزيزي والمرأة عموما مختلف كثير تتصور منحطات جدا فوق تتصور بكثييير,1,0.33,0.67,Ann2,0,3
ArMIS,train,321,اخوها ومحتقرته انه ناشب لخواته فما بالك عزيزي باحتقار الزوجة لزوجها اللي ناشب المسعودات عزيزي والمرأة عموما مختلف كثير تتصور منحطات جدا فوق تتصور بكثييير,1,0.33,0.67,Ann3,1,3
ArMIS,train,322,وثانيا تستخدم ناقصات عقل لإهانة المرأة يجوز أنك هينها تستنقص نها لأن الله كتب أشياء خارجة إرادتها أتمنى تتثقف مسوي طالب علم,0,1.0,0.0,Ann1,0,3
ArMIS,train,322,وثانيا تستخدم ناقصات عقل لإهانة المرأة يجوز أنك هينها تستنقص نها لأن الله كتب أشياء خارجة إرادتها أتمنى تتثقف مسوي طالب علم,0,1.0,0.0,Ann2,0,3
ArMIS,train,322,وثانيا تستخدم ناقصات عقل لإهانة المرأة يجوز أنك هينها تستنقص نها لأن الله كتب أشياء خارجة إرادتها أتمنى تتثقف مسوي طالب علم,0,1.0,0.0,Ann3,0,3
ArMIS,train,323,الرجل سيكوباثي مريض علاقة الخبر ناقصات عقل ودين اساس كاينة حادثة التاريخ البشري لامرأة قتلت عذبت حيوان مارست أفعال شادة,0,1.0,0.0,Ann1,0,3
ArMIS,train,323,الرجل سيكوباثي مريض علاقة الخبر ناقصات عقل ودين اساس كاينة حادثة التاريخ البشري لامرأة قتلت عذبت حيوان مارست أفعال شادة,0,1.0,0.0,Ann2,0,3
ArMIS,train,323,الرجل سيكوباثي مريض علاقة الخبر ناقصات عقل ودين اساس كاينة حادثة التاريخ البشري لامرأة قتلت عذبت حيوان مارست أفعال شادة,0,1.0,0.0,Ann3,0,3
ArMIS,train,324,منطقي كلامك العملية السياسية الحقوقية تحتاج لصوت الاطياف تكون عادلة الاقلية يختفي صوتها اغلب الاحيان نهاية المطاف طرف يرى الاخر انه مجنون متجه للهاوية بينما يرى نفسه الاصلح للقيادة بسبب العنف الممنهج المرأة البلاد العربية الردكالية مبررة اعتقد,0,1.0,0.0,Ann1,0,3
ArMIS,train,324,منطقي كلامك العملية السياسية الحقوقية تحتاج لصوت الاطياف تكون عادلة الاقلية يختفي صوتها اغلب الاحيان نهاية المطاف طرف يرى الاخر انه مجنون متجه للهاوية بينما يرى نفسه الاصلح للقيادة بسبب العنف الممنهج المرأة البلاد العربية الردكالية مبررة اعتقد,0,1.0,0.0,Ann2,0,3
ArMIS,train,324,منطقي كلامك العملية السياسية الحقوقية تحتاج لصوت الاطياف تكون عادلة الاقلية يختفي صوتها اغلب الاحيان نهاية المطاف طرف يرى الاخر انه مجنون متجه للهاوية بينما يرى نفسه الاصلح للقيادة بسبب العنف الممنهج المرأة البلاد العربية الردكالية مبررة اعتقد,0,1.0,0.0,Ann3,0,3
ArMIS,train,325,أدانت النسويات الجزائر المناضلات أجل حقوق المرأة الإعتداء الوحشي العنصري جزائريتين فرنسا بلد الحريات المساواة العدالة لشيئ لأنهما عربيتان مسلمتان,0,1.0,0.0,Ann1,0,3
ArMIS,train,325,أدانت النسويات الجزائر المناضلات أجل حقوق المرأة الإعتداء الوحشي العنصري جزائريتين فرنسا بلد الحريات المساواة العدالة لشيئ لأنهما عربيتان مسلمتان,0,1.0,0.0,Ann2,0,3
ArMIS,train,325,أدانت النسويات الجزائر المناضلات أجل حقوق المرأة الإعتداء الوحشي العنصري جزائريتين فرنسا بلد الحريات المساواة العدالة لشيئ لأنهما عربيتان مسلمتان,0,1.0,0.0,Ann3,0,3
ArMIS,train,326,يادي كلمة السلفع اللي اكلتو راسنا ناقصات عقل والحين موضتكم سلفع ملفع بكرا تخلونه حديث اقوال الرسول صلى الله وسلم بعيده بعدين قلعتك عنهم ماعجبوك يامحور الكون,0,1.0,0.0,Ann1,0,3
ArMIS,train,326,يادي كلمة السلفع اللي اكلتو راسنا ناقصات عقل والحين موضتكم سلفع ملفع بكرا تخلونه حديث اقوال الرسول صلى الله وسلم بعيده بعدين قلعتك عنهم ماعجبوك يامحور الكون,0,1.0,0.0,Ann2,0,3
ArMIS,train,326,يادي كلمة السلفع اللي اكلتو راسنا ناقصات عقل والحين موضتكم سلفع ملفع بكرا تخلونه حديث اقوال الرسول صلى الله وسلم بعيده بعدين قلعتك عنهم ماعجبوك يامحور الكون,0,1.0,0.0,Ann3,0,3
ArMIS,train,327,تتكلمين الحقوق تراك منت راعية حقوق تعرفين تطالبين مطالباتك فاشله زيك وزي حياتك دخلتي وسبيتي الرجال تويتر لنقص فيك وتحسين طول الوقت بنات الحمايل درو عنك همك إنك تبين البنات صايعات مثلك,1,0.33,0.67,Ann1,1,3
ArMIS,train,327,تتكلمين الحقوق تراك منت راعية حقوق تعرفين تطالبين مطالباتك فاشله زيك وزي حياتك دخلتي وسبيتي الرجال تويتر لنقص فيك وتحسين طول الوقت بنات الحمايل درو عنك همك إنك تبين البنات صايعات مثلك,1,0.33,0.67,Ann2,0,3
ArMIS,train,327,تتكلمين الحقوق تراك منت راعية حقوق تعرفين تطالبين مطالباتك فاشله زيك وزي حياتك دخلتي وسبيتي الرجال تويتر لنقص فيك وتحسين طول الوقت بنات الحمايل درو عنك همك إنك تبين البنات صايعات مثلك,1,0.33,0.67,Ann3,1,3
ArMIS,train,328,برضوا المسلسلات الافلام تراها اكثرها حرام اللي تشتمل موسيقى متبرجات لقطات خليعة اتمنى تجنبها جزاكي الله خيرا,0,1.0,0.0,Ann1,0,3
ArMIS,train,328,برضوا المسلسلات الافلام تراها اكثرها حرام اللي تشتمل موسيقى متبرجات لقطات خليعة اتمنى تجنبها جزاكي الله خيرا,0,1.0,0.0,Ann2,0,3
ArMIS,train,328,برضوا المسلسلات الافلام تراها اكثرها حرام اللي تشتمل موسيقى متبرجات لقطات خليعة اتمنى تجنبها جزاكي الله خيرا,0,1.0,0.0,Ann3,0,3
ArMIS,train,329,الوزير يعك والمتهمة المزه القصاص عندهم بالضرورة فتاة عندنا نسويات حقيقيات,0,0.67,0.33,Ann1,1,3
ArMIS,train,329,الوزير يعك والمتهمة المزه القصاص عندهم بالضرورة فتاة عندنا نسويات حقيقيات,0,0.67,0.33,Ann2,0,3
ArMIS,train,329,الوزير يعك والمتهمة المزه القصاص عندهم بالضرورة فتاة عندنا نسويات حقيقيات,0,0.67,0.33,Ann3,0,3
ArMIS,train,330,النسوية بتخزي,1,0.0,1.0,Ann1,1,3
ArMIS,train,330,النسوية بتخزي,1,0.0,1.0,Ann2,1,3
ArMIS,train,330,النسوية بتخزي,1,0.0,1.0,Ann3,1,3
ArMIS,train,331,الذكورية بدأت بمطالب طبيعيه زيها النسوية تبداء بشيئ بسيط تتوسع بدء بالزواج الاجنبيه هدفهم خلف زرع فكرة الشباب بنات بلده فاسدات ونعوذ بالله تعداد البلد تعدا مليون نسمه مبداء الذكورية يسقط,0,0.67,0.33,Ann1,0,3
ArMIS,train,331,الذكورية بدأت بمطالب طبيعيه زيها النسوية تبداء بشيئ بسيط تتوسع بدء بالزواج الاجنبيه هدفهم خلف زرع فكرة الشباب بنات بلده فاسدات ونعوذ بالله تعداد البلد تعدا مليون نسمه مبداء الذكورية يسقط,0,0.67,0.33,Ann2,0,3
ArMIS,train,331,الذكورية بدأت بمطالب طبيعيه زيها النسوية تبداء بشيئ بسيط تتوسع بدء بالزواج الاجنبيه هدفهم خلف زرع فكرة الشباب بنات بلده فاسدات ونعوذ بالله تعداد البلد تعدا مليون نسمه مبداء الذكورية يسقط,0,0.67,0.33,Ann3,1,3
ArMIS,train,332,وصلهم هالمرحلة النساء تركته يشتمها يمد يده عليها ياخذ راحته بكل حاكرها البداية الي والي كان شفتيه يحترم المرأه ويعطيها حقها كامل الحياة رجل أهل أقارب ابناء صديقات يعتبرها تعتبره والطلاق مفتاح الفرج لكثييير النساء المره اقل الرجلا,0,1.0,0.0,Ann1,0,3
ArMIS,train,332,وصلهم هالمرحلة النساء تركته يشتمها يمد يده عليها ياخذ راحته بكل حاكرها البداية الي والي كان شفتيه يحترم المرأه ويعطيها حقها كامل الحياة رجل أهل أقارب ابناء صديقات يعتبرها تعتبره والطلاق مفتاح الفرج لكثييير النساء المره اقل الرجلا,0,1.0,0.0,Ann2,0,3
ArMIS,train,332,وصلهم هالمرحلة النساء تركته يشتمها يمد يده عليها ياخذ راحته بكل حاكرها البداية الي والي كان شفتيه يحترم المرأه ويعطيها حقها كامل الحياة رجل أهل أقارب ابناء صديقات يعتبرها تعتبره والطلاق مفتاح الفرج لكثييير النساء المره اقل الرجلا,0,1.0,0.0,Ann3,0,3
ArMIS,train,333,يييع اغلب البنات صاروا رخيصات عشان تفاعل ولايكات اشفيييه تعرضين جسمك للكل بعقلك انتي طيب الشي اللي يسوى يخليك تسوين هالشي تفكير منحط وبرضه يييع,1,0.0,1.0,Ann1,1,3
ArMIS,train,333,يييع اغلب البنات صاروا رخيصات عشان تفاعل ولايكات اشفيييه تعرضين جسمك للكل بعقلك انتي طيب الشي اللي يسوى يخليك تسوين هالشي تفكير منحط وبرضه يييع,1,0.0,1.0,Ann2,1,3
ArMIS,train,333,يييع اغلب البنات صاروا رخيصات عشان تفاعل ولايكات اشفيييه تعرضين جسمك للكل بعقلك انتي طيب الشي اللي يسوى يخليك تسوين هالشي تفكير منحط وبرضه يييع,1,0.0,1.0,Ann3,1,3
ArMIS,train,334,صحيح يأخذ ببعض الآية ويترك بعضها مثل قال فويل للمصلين وتوقف والآية تقول ولن تستطيعوا تعدلوا النساء حرصتم ... فكان حكم الله تميلوا الميل فتذروها كالمعلقة والجواب كلمة,0,1.0,0.0,Ann1,0,3
ArMIS,train,334,صحيح يأخذ ببعض الآية ويترك بعضها مثل قال فويل للمصلين وتوقف والآية تقول ولن تستطيعوا تعدلوا النساء حرصتم ... فكان حكم الله تميلوا الميل فتذروها كالمعلقة والجواب كلمة,0,1.0,0.0,Ann2,0,3
ArMIS,train,334,صحيح يأخذ ببعض الآية ويترك بعضها مثل قال فويل للمصلين وتوقف والآية تقول ولن تستطيعوا تعدلوا النساء حرصتم ... فكان حكم الله تميلوا الميل فتذروها كالمعلقة والجواب كلمة,0,1.0,0.0,Ann3,0,3
ArMIS,train,335,لاتغلقون دور الرعايه وكثرو دور العجزه وزغرطي يانشراح اللي جاي العن اللي راح مادام الفسويات شادات حيلهن اذا وين يروحن يتأثر فيهن اللي عيال اذاكبرو وعرفوهم حقيقتهم اوكانو فاسدين مثلهم راح يزتونهم بالزبايل,1,0.0,1.0,Ann1,1,3
ArMIS,train,335,لاتغلقون دور الرعايه وكثرو دور العجزه وزغرطي يانشراح اللي جاي العن اللي راح مادام الفسويات شادات حيلهن اذا وين يروحن يتأثر فيهن اللي عيال اذاكبرو وعرفوهم حقيقتهم اوكانو فاسدين مثلهم راح يزتونهم بالزبايل,1,0.0,1.0,Ann2,1,3
ArMIS,train,335,لاتغلقون دور الرعايه وكثرو دور العجزه وزغرطي يانشراح اللي جاي العن اللي راح مادام الفسويات شادات حيلهن اذا وين يروحن يتأثر فيهن اللي عيال اذاكبرو وعرفوهم حقيقتهم اوكانو فاسدين مثلهم راح يزتونهم بالزبايل,1,0.0,1.0,Ann3,1,3
ArMIS,train,336,ترى امها اللي تملي عقلها بهالافكار تقول اللي يكشفون فاسدات اللي يضحكون فاسدات بعدين تسوي نفس الشيء تعطيها اجوبه صار البنت تضارب اليوم تبكي امها تقول ليه لابسه هالعبايه متكشخه يعني انتي فاسده تعرف تحاورها,0,1.0,0.0,Ann1,0,3
ArMIS,train,336,ترى امها اللي تملي عقلها بهالافكار تقول اللي يكشفون فاسدات اللي يضحكون فاسدات بعدين تسوي نفس الشيء تعطيها اجوبه صار البنت تضارب اليوم تبكي امها تقول ليه لابسه هالعبايه متكشخه يعني انتي فاسده تعرف تحاورها,0,1.0,0.0,Ann2,0,3
ArMIS,train,336,ترى امها اللي تملي عقلها بهالافكار تقول اللي يكشفون فاسدات اللي يضحكون فاسدات بعدين تسوي نفس الشيء تعطيها اجوبه صار البنت تضارب اليوم تبكي امها تقول ليه لابسه هالعبايه متكشخه يعني انتي فاسده تعرف تحاورها,0,1.0,0.0,Ann3,0,3
ArMIS,train,337,الرجالة بتبص للستات منظور ديني لاء يعني الرجالة اللي بلاد بره بيتحرشوا بيضربوا الستات بيعاملوهم بطريقة قذرة بيبقى بسبب الدين عشان كده قلت السبب الاساسي اكيد تلاقي واحد مبرشم هيقولك انا عملت كده عشان ناقصات عقل دين,0,1.0,0.0,Ann1,0,3
ArMIS,train,337,الرجالة بتبص للستات منظور ديني لاء يعني الرجالة اللي بلاد بره بيتحرشوا بيضربوا الستات بيعاملوهم بطريقة قذرة بيبقى بسبب الدين عشان كده قلت السبب الاساسي اكيد تلاقي واحد مبرشم هيقولك انا عملت كده عشان ناقصات عقل دين,0,1.0,0.0,Ann2,0,3
ArMIS,train,337,الرجالة بتبص للستات منظور ديني لاء يعني الرجالة اللي بلاد بره بيتحرشوا بيضربوا الستات بيعاملوهم بطريقة قذرة بيبقى بسبب الدين عشان كده قلت السبب الاساسي اكيد تلاقي واحد مبرشم هيقولك انا عملت كده عشان ناقصات عقل دين,0,1.0,0.0,Ann3,0,3
ArMIS,train,338,حبي للحيوانات سبب تعلمي لقيادة السيارة أقود السيارة بهدف البحث الأحياء والشوارع الحيوانات تحتاج المساعدة والطعام أقود السيارة ليقال المرأة السعودية أصبحت تقود وإنما أحببتها لأنها تحقق هدفي مساعدة الحيوانات وقت,0,1.0,0.0,Ann1,0,3
ArMIS,train,338,حبي للحيوانات سبب تعلمي لقيادة السيارة أقود السيارة بهدف البحث الأحياء والشوارع الحيوانات تحتاج المساعدة والطعام أقود السيارة ليقال المرأة السعودية أصبحت تقود وإنما أحببتها لأنها تحقق هدفي مساعدة الحيوانات وقت,0,1.0,0.0,Ann2,0,3
ArMIS,train,338,حبي للحيوانات سبب تعلمي لقيادة السيارة أقود السيارة بهدف البحث الأحياء والشوارع الحيوانات تحتاج المساعدة والطعام أقود السيارة ليقال المرأة السعودية أصبحت تقود وإنما أحببتها لأنها تحقق هدفي مساعدة الحيوانات وقت,0,1.0,0.0,Ann3,0,3
ArMIS,train,339,والله انت اللي تفشلين مره قاعده تدافعين نسويات رخيصات يستاهلون التنمر اذا انت نفس الفصيلة مشكله والله,1,0.0,1.0,Ann1,1,3
ArMIS,train,339,والله انت اللي تفشلين مره قاعده تدافعين نسويات رخيصات يستاهلون التنمر اذا انت نفس الفصيلة مشكله والله,1,0.0,1.0,Ann2,1,3
ArMIS,train,339,والله انت اللي تفشلين مره قاعده تدافعين نسويات رخيصات يستاهلون التنمر اذا انت نفس الفصيلة مشكله والله,1,0.0,1.0,Ann3,1,3
ArMIS,train,340,الحياه أبسط اللي قاعدين نسويه بكثييير اللي حاب يقرب يقرب اللي حاب يبعد يبعد واللي يحبك تخسره واللي بيمشي تتمسك واشكره الفترة اللي كان موجود اللي يهتم فيك اهتم واللي يحسسك احساس حلو . . رده باحساس أحلى,0,1.0,0.0,Ann1,0,3
ArMIS,train,340,الحياه أبسط اللي قاعدين نسويه بكثييير اللي حاب يقرب يقرب اللي حاب يبعد يبعد واللي يحبك تخسره واللي بيمشي تتمسك واشكره الفترة اللي كان موجود اللي يهتم فيك اهتم واللي يحسسك احساس حلو . . رده باحساس أحلى,0,1.0,0.0,Ann2,0,3
ArMIS,train,340,الحياه أبسط اللي قاعدين نسويه بكثييير اللي حاب يقرب يقرب اللي حاب يبعد يبعد واللي يحبك تخسره واللي بيمشي تتمسك واشكره الفترة اللي كان موجود اللي يهتم فيك اهتم واللي يحسسك احساس حلو . . رده باحساس أحلى,0,1.0,0.0,Ann3,0,3
ArMIS,train,341,حزنتني لأنك مالقيت ناقصات عقل ودين الناقصات مراتب أعلى منك بكثييير انت عندك ياكامل العقل تنتقد الناس وفي مراتبهم العليا اللي تخسي توصل,0,1.0,0.0,Ann1,0,3
ArMIS,train,341,حزنتني لأنك مالقيت ناقصات عقل ودين الناقصات مراتب أعلى منك بكثييير انت عندك ياكامل العقل تنتقد الناس وفي مراتبهم العليا اللي تخسي توصل,0,1.0,0.0,Ann2,0,3
ArMIS,train,341,حزنتني لأنك مالقيت ناقصات عقل ودين الناقصات مراتب أعلى منك بكثييير انت عندك ياكامل العقل تنتقد الناس وفي مراتبهم العليا اللي تخسي توصل,0,1.0,0.0,Ann3,0,3
ArMIS,train,342,عروة عائشة أخبرته بيعة النساء قالت رسول الله صلى الله وسلم بيده امرأة يأخذ عليها أخذ عليها فأعطته قال اذهبي فقد بايعتك,0,1.0,0.0,Ann1,0,3
ArMIS,train,342,عروة عائشة أخبرته بيعة النساء قالت رسول الله صلى الله وسلم بيده امرأة يأخذ عليها أخذ عليها فأعطته قال اذهبي فقد بايعتك,0,1.0,0.0,Ann2,0,3
ArMIS,train,342,عروة عائشة أخبرته بيعة النساء قالت رسول الله صلى الله وسلم بيده امرأة يأخذ عليها أخذ عليها فأعطته قال اذهبي فقد بايعتك,0,1.0,0.0,Ann3,0,3
ArMIS,train,343,آخر إكتشافاتي ٢٠٢٠ أنه الشباب معهم حقد دراسي بينما فئة النساء تخلصوا هالشيء زمن بعيد ويالله عاد خذلك,0,1.0,0.0,Ann1,0,3
ArMIS,train,343,آخر إكتشافاتي ٢٠٢٠ أنه الشباب معهم حقد دراسي بينما فئة النساء تخلصوا هالشيء زمن بعيد ويالله عاد خذلك,0,1.0,0.0,Ann2,0,3
ArMIS,train,343,آخر إكتشافاتي ٢٠٢٠ أنه الشباب معهم حقد دراسي بينما فئة النساء تخلصوا هالشيء زمن بعيد ويالله عاد خذلك,0,1.0,0.0,Ann3,0,3
ArMIS,train,344,الملك يدعم النسويات تراه,0,1.0,0.0,Ann1,0,3
ArMIS,train,344,الملك يدعم النسويات تراه,0,1.0,0.0,Ann2,0,3
ArMIS,train,344,الملك يدعم النسويات تراه,0,1.0,0.0,Ann3,0,3
ArMIS,train,345,الله ياخذ النسويات الصبح,1,0.0,1.0,Ann1,1,3
ArMIS,train,345,الله ياخذ النسويات الصبح,1,0.0,1.0,Ann2,1,3
ArMIS,train,345,الله ياخذ النسويات الصبح,1,0.0,1.0,Ann3,1,3
ArMIS,train,346,منجد ولهم عين يقولون النسويات فاسدات والله روسهم الفاسدة الي مغسوله وراعين,0,1.0,0.0,Ann1,0,3
ArMIS,train,346,منجد ولهم عين يقولون النسويات فاسدات والله روسهم الفاسدة الي مغسوله وراعين,0,1.0,0.0,Ann2,0,3
ArMIS,train,346,منجد ولهم عين يقولون النسويات فاسدات والله روسهم الفاسدة الي مغسوله وراعين,0,1.0,0.0,Ann3,0,3
ArMIS,train,347,عود شوفونه متحررات ضالات يدورن مواضيع فارغة بشروطه وهي حرة ترفض تقبل شكو حاطات روحجن,0,0.67,0.33,Ann1,0,3
ArMIS,train,347,عود شوفونه متحررات ضالات يدورن مواضيع فارغة بشروطه وهي حرة ترفض تقبل شكو حاطات روحجن,0,0.67,0.33,Ann2,1,3
ArMIS,train,347,عود شوفونه متحررات ضالات يدورن مواضيع فارغة بشروطه وهي حرة ترفض تقبل شكو حاطات روحجن,0,0.67,0.33,Ann3,0,3
ArMIS,train,348,typical stereotype سبحان الله هالنوع عنده ناقصات عقل دين شنسوي عاد النقص ترا الريال العالمين خلق الحرمة ضلع الرجل عسب خذنا نقص الرجل,0,1.0,0.0,Ann1,0,3
ArMIS,train,348,typical stereotype سبحان الله هالنوع عنده ناقصات عقل دين شنسوي عاد النقص ترا الريال العالمين خلق الحرمة ضلع الرجل عسب خذنا نقص الرجل,0,1.0,0.0,Ann2,0,3
ArMIS,train,348,typical stereotype سبحان الله هالنوع عنده ناقصات عقل دين شنسوي عاد النقص ترا الريال العالمين خلق الحرمة ضلع الرجل عسب خذنا نقص الرجل,0,1.0,0.0,Ann3,0,3
ArMIS,train,349,احد قال الرجل الصالح راح يتفاهم زوجته بطريقة انها تهتم بالابناء وتكون ملكة بحياتها وببيتها دامه مقتدر ومو مقصر ابدا يخدمها برا بيتها وهي تخدمة داخله العملية مسواه لكل شخص قدرته عموما الله يلعن,1,0.0,1.0,Ann1,1,3
ArMIS,train,349,احد قال الرجل الصالح راح يتفاهم زوجته بطريقة انها تهتم بالابناء وتكون ملكة بحياتها وببيتها دامه مقتدر ومو مقصر ابدا يخدمها برا بيتها وهي تخدمة داخله العملية مسواه لكل شخص قدرته عموما الله يلعن,1,0.0,1.0,Ann2,1,3
ArMIS,train,349,احد قال الرجل الصالح راح يتفاهم زوجته بطريقة انها تهتم بالابناء وتكون ملكة بحياتها وببيتها دامه مقتدر ومو مقصر ابدا يخدمها برا بيتها وهي تخدمة داخله العملية مسواه لكل شخص قدرته عموما الله يلعن,1,0.0,1.0,Ann3,1,3
ArMIS,train,350,حديث ناقصات عقل دين اعتبره براهن النبوة,1,0.33,0.67,Ann1,1,3
ArMIS,train,350,حديث ناقصات عقل دين اعتبره براهن النبوة,1,0.33,0.67,Ann2,1,3
ArMIS,train,350,حديث ناقصات عقل دين اعتبره براهن النبوة,1,0.33,0.67,Ann3,0,3
ArMIS,train,351,التحريض النساء والجرائم المفبركه الي تطلع وناس تتفاعل معاها راح تزيد نسب العنف المرأه الي تنشروه اله أثار جانبيه كافي فبركة أخبار وكل شويه مطلعيلنه وحده قاتله زوجها وتحششون اساس الموضوع يضحك مثلا ... ماعايزين تحريض اكثر المرأه بالأصل مضطهده ومعنفه بدون سبب,0,1.0,0.0,Ann1,0,3
ArMIS,train,351,التحريض النساء والجرائم المفبركه الي تطلع وناس تتفاعل معاها راح تزيد نسب العنف المرأه الي تنشروه اله أثار جانبيه كافي فبركة أخبار وكل شويه مطلعيلنه وحده قاتله زوجها وتحششون اساس الموضوع يضحك مثلا ... ماعايزين تحريض اكثر المرأه بالأصل مضطهده ومعنفه بدون سبب,0,1.0,0.0,Ann2,0,3
ArMIS,train,351,التحريض النساء والجرائم المفبركه الي تطلع وناس تتفاعل معاها راح تزيد نسب العنف المرأه الي تنشروه اله أثار جانبيه كافي فبركة أخبار وكل شويه مطلعيلنه وحده قاتله زوجها وتحششون اساس الموضوع يضحك مثلا ... ماعايزين تحريض اكثر المرأه بالأصل مضطهده ومعنفه بدون سبب,0,1.0,0.0,Ann3,0,3
ArMIS,train,352,محاضره نسويات بيموتو بينهارو,0,0.67,0.33,Ann1,1,3
ArMIS,train,352,محاضره نسويات بيموتو بينهارو,0,0.67,0.33,Ann2,0,3
ArMIS,train,352,محاضره نسويات بيموتو بينهارو,0,0.67,0.33,Ann3,0,3
ArMIS,train,353,ذكوري يفكر يتكلم النسويات يقولوا نبي التفصخ ذقوا علي اعطيكم صورتي انا ناسمه متحجبه,0,1.0,0.0,Ann1,0,3
ArMIS,train,353,ذكوري يفكر يتكلم النسويات يقولوا نبي التفصخ ذقوا علي اعطيكم صورتي انا ناسمه متحجبه,0,1.0,0.0,Ann2,0,3
ArMIS,train,353,ذكوري يفكر يتكلم النسويات يقولوا نبي التفصخ ذقوا علي اعطيكم صورتي انا ناسمه متحجبه,0,1.0,0.0,Ann3,0,3
ArMIS,train,354,شتتوقع بنات شوارع,1,0.0,1.0,Ann1,1,3
ArMIS,train,354,شتتوقع بنات شوارع,1,0.0,1.0,Ann2,1,3
ArMIS,train,354,شتتوقع بنات شوارع,1,0.0,1.0,Ann3,1,3
ArMIS,train,355,ليـس شيم الرجال تكبر حضن إمرآه تنضج تتبرأ عقلها صنعك نقاش ناقصات عقل ودين,0,1.0,0.0,Ann1,0,3
ArMIS,train,355,ليـس شيم الرجال تكبر حضن إمرآه تنضج تتبرأ عقلها صنعك نقاش ناقصات عقل ودين,0,1.0,0.0,Ann2,0,3
ArMIS,train,355,ليـس شيم الرجال تكبر حضن إمرآه تنضج تتبرأ عقلها صنعك نقاش ناقصات عقل ودين,0,1.0,0.0,Ann3,0,3
ArMIS,train,356,هذول يطالبون بإسقاط الولاية نفس الشكليات ياسعود تفكير شراميطىي وسفاله,1,0.0,1.0,Ann1,1,3
ArMIS,train,356,هذول يطالبون بإسقاط الولاية نفس الشكليات ياسعود تفكير شراميطىي وسفاله,1,0.0,1.0,Ann2,1,3
ArMIS,train,356,هذول يطالبون بإسقاط الولاية نفس الشكليات ياسعود تفكير شراميطىي وسفاله,1,0.0,1.0,Ann3,1,3
ArMIS,train,357,داشرات,1,0.0,1.0,Ann1,1,3
ArMIS,train,357,داشرات,1,0.0,1.0,Ann2,1,3
ArMIS,train,357,داشرات,1,0.0,1.0,Ann3,1,3
ArMIS,train,358,مليانة حسابات نسويات تتقفل الذكوريين ويستخدموا معاها اقذر الالفاظ وحتى توصل انهم ينبشوا وراها ويحاولوا يضروها ويدمروا حياتها بالكامل التعصب مشكلة مجتمعنا,0,1.0,0.0,Ann1,0,3
ArMIS,train,358,مليانة حسابات نسويات تتقفل الذكوريين ويستخدموا معاها اقذر الالفاظ وحتى توصل انهم ينبشوا وراها ويحاولوا يضروها ويدمروا حياتها بالكامل التعصب مشكلة مجتمعنا,0,1.0,0.0,Ann2,0,3
ArMIS,train,358,مليانة حسابات نسويات تتقفل الذكوريين ويستخدموا معاها اقذر الالفاظ وحتى توصل انهم ينبشوا وراها ويحاولوا يضروها ويدمروا حياتها بالكامل التعصب مشكلة مجتمعنا,0,1.0,0.0,Ann3,0,3
ArMIS,train,359,يهين النساء بحجة أنهن ناقصات عقل ودين عقل دين,0,1.0,0.0,Ann1,0,3
ArMIS,train,359,يهين النساء بحجة أنهن ناقصات عقل ودين عقل دين,0,1.0,0.0,Ann2,0,3
ArMIS,train,359,يهين النساء بحجة أنهن ناقصات عقل ودين عقل دين,0,1.0,0.0,Ann3,0,3
ArMIS,train,360,ليه تروحو تركيا وتشوفو التعامل الأنثى ليه تفحصو تحثائيات امريكا العنف المرأة ليش تحلن سمانا أنكن رجعيات بدكن تحسن إحساس محدد قفانا,1,0.33,0.67,Ann1,1,3
ArMIS,train,360,ليه تروحو تركيا وتشوفو التعامل الأنثى ليه تفحصو تحثائيات امريكا العنف المرأة ليش تحلن سمانا أنكن رجعيات بدكن تحسن إحساس محدد قفانا,1,0.33,0.67,Ann2,1,3
ArMIS,train,360,ليه تروحو تركيا وتشوفو التعامل الأنثى ليه تفحصو تحثائيات امريكا العنف المرأة ليش تحلن سمانا أنكن رجعيات بدكن تحسن إحساس محدد قفانا,1,0.33,0.67,Ann3,0,3
ArMIS,train,361,العلم سيدي لاحظنا الترشيح تقدم العمر زمن اوائل النساء وبعد الدراسه الخارج,0,1.0,0.0,Ann1,0,3
ArMIS,train,361,العلم سيدي لاحظنا الترشيح تقدم العمر زمن اوائل النساء وبعد الدراسه الخارج,0,1.0,0.0,Ann2,0,3
ArMIS,train,361,العلم سيدي لاحظنا الترشيح تقدم العمر زمن اوائل النساء وبعد الدراسه الخارج,0,1.0,0.0,Ann3,0,3
ArMIS,train,362,وجالس تجلد الفسويات الحين,1,0.33,0.67,Ann1,1,3
ArMIS,train,362,وجالس تجلد الفسويات الحين,1,0.33,0.67,Ann2,0,3
ArMIS,train,362,وجالس تجلد الفسويات الحين,1,0.33,0.67,Ann3,1,3
ArMIS,train,363,انتي اوسخ النسويات اقسم بالله الواحد صار يخاف يرتبط فيكم وسخات قذرات وهذا وانتي عجوز كبيره ممحونه الاصغر منك وانا اليوم اقولك ماراح نهتم ماتفهمين,1,0.0,1.0,Ann1,1,3
ArMIS,train,363,انتي اوسخ النسويات اقسم بالله الواحد صار يخاف يرتبط فيكم وسخات قذرات وهذا وانتي عجوز كبيره ممحونه الاصغر منك وانا اليوم اقولك ماراح نهتم ماتفهمين,1,0.0,1.0,Ann2,1,3
ArMIS,train,363,انتي اوسخ النسويات اقسم بالله الواحد صار يخاف يرتبط فيكم وسخات قذرات وهذا وانتي عجوز كبيره ممحونه الاصغر منك وانا اليوم اقولك ماراح نهتم ماتفهمين,1,0.0,1.0,Ann3,1,3
ArMIS,train,364,البارح مطلعه صاحبتها وهي نايمه مسويه انها نايمه وطالع ظهرها بدون ملابس غطى وتهدد السعوديين الي ينتقدونها بالمحاكم يعني مايكفونا صايعاتنا نتحمل صايعات باقي الدول وكلهم باسم زوجي سعودي ابني سعودي,1,0.0,1.0,Ann1,1,3
ArMIS,train,364,البارح مطلعه صاحبتها وهي نايمه مسويه انها نايمه وطالع ظهرها بدون ملابس غطى وتهدد السعوديين الي ينتقدونها بالمحاكم يعني مايكفونا صايعاتنا نتحمل صايعات باقي الدول وكلهم باسم زوجي سعودي ابني سعودي,1,0.0,1.0,Ann2,1,3
ArMIS,train,364,البارح مطلعه صاحبتها وهي نايمه مسويه انها نايمه وطالع ظهرها بدون ملابس غطى وتهدد السعوديين الي ينتقدونها بالمحاكم يعني مايكفونا صايعاتنا نتحمل صايعات باقي الدول وكلهم باسم زوجي سعودي ابني سعودي,1,0.0,1.0,Ann3,1,3
ArMIS,train,365,شفتوا شلون تعيبون إوروبا شلون يتهمون النساء بالمس الشيطاني بسبب الجهل اللي انتشر يحرقونهم يسجنونهم يعذبونهم شفتوا شلون كان قتل للنساء لان نافي طلاق كان اذا واحد زوجته ماتبغيه يروح يتهمها بالخيانة يحرق بيتها احيانا يطلب مساعدة القسارسة,0,0.67,0.33,Ann1,1,3
ArMIS,train,365,شفتوا شلون تعيبون إوروبا شلون يتهمون النساء بالمس الشيطاني بسبب الجهل اللي انتشر يحرقونهم يسجنونهم يعذبونهم شفتوا شلون كان قتل للنساء لان نافي طلاق كان اذا واحد زوجته ماتبغيه يروح يتهمها بالخيانة يحرق بيتها احيانا يطلب مساعدة القسارسة,0,0.67,0.33,Ann2,0,3
ArMIS,train,365,شفتوا شلون تعيبون إوروبا شلون يتهمون النساء بالمس الشيطاني بسبب الجهل اللي انتشر يحرقونهم يسجنونهم يعذبونهم شفتوا شلون كان قتل للنساء لان نافي طلاق كان اذا واحد زوجته ماتبغيه يروح يتهمها بالخيانة يحرق بيتها احيانا يطلب مساعدة القسارسة,0,0.67,0.33,Ann3,0,3
ArMIS,train,366,منحلات صايعات ضايعات,1,0.0,1.0,Ann1,1,3
ArMIS,train,366,منحلات صايعات ضايعات,1,0.0,1.0,Ann2,1,3
ArMIS,train,366,منحلات صايعات ضايعات,1,0.0,1.0,Ann3,1,3
ArMIS,train,367,الحوامل وقحات طسي لبيتك مزوجينك يبون الفكه منك وناشبتلهم انتي وورعك,1,0.0,1.0,Ann1,1,3
ArMIS,train,367,الحوامل وقحات طسي لبيتك مزوجينك يبون الفكه منك وناشبتلهم انتي وورعك,1,0.0,1.0,Ann2,1,3
ArMIS,train,367,الحوامل وقحات طسي لبيتك مزوجينك يبون الفكه منك وناشبتلهم انتي وورعك,1,0.0,1.0,Ann3,1,3
ArMIS,train,368,دليل عدك احنا كلنا الرجل ينجذب للمرأة فمنطقيا نسبة الاغتصاب تحرش الخ تزداد النسوان يصيرن سافرات محجبات الرجل ينجذب للمرأة السافرة الي مطلعة جسمها المنتقبة والمحجبة الي ساترة جسمها تحكمون,1,0.0,1.0,Ann1,1,3
ArMIS,train,368,دليل عدك احنا كلنا الرجل ينجذب للمرأة فمنطقيا نسبة الاغتصاب تحرش الخ تزداد النسوان يصيرن سافرات محجبات الرجل ينجذب للمرأة السافرة الي مطلعة جسمها المنتقبة والمحجبة الي ساترة جسمها تحكمون,1,0.0,1.0,Ann2,1,3
ArMIS,train,368,دليل عدك احنا كلنا الرجل ينجذب للمرأة فمنطقيا نسبة الاغتصاب تحرش الخ تزداد النسوان يصيرن سافرات محجبات الرجل ينجذب للمرأة السافرة الي مطلعة جسمها المنتقبة والمحجبة الي ساترة جسمها تحكمون,1,0.0,1.0,Ann3,1,3
ArMIS,train,369,الرسول يقل ناقصات عقل قال ناقصات دين الحائض يجوز تصلي تصوم,0,1.0,0.0,Ann1,0,3
ArMIS,train,369,الرسول يقل ناقصات عقل قال ناقصات دين الحائض يجوز تصلي تصوم,0,1.0,0.0,Ann2,0,3
ArMIS,train,369,الرسول يقل ناقصات عقل قال ناقصات دين الحائض يجوز تصلي تصوم,0,1.0,0.0,Ann3,0,3
ArMIS,train,370,صادق حبوب منع الحمل تسبب عقم للبنت ولاكن بنات كلب يقولن للبنات الي توهن متزوجات اكلن حبوب منع حمل واذا شفتي الوضع طيب وقفي الحبوب والبنات مسكينات يتطلقن واكثر يدمر النساء نساء حاسدات قريبات صديقات امهات اوخوات اووقال ترى بتزوج كأنه يقولها لاتاكلين منع,0,0.67,0.33,Ann1,1,3
ArMIS,train,370,صادق حبوب منع الحمل تسبب عقم للبنت ولاكن بنات كلب يقولن للبنات الي توهن متزوجات اكلن حبوب منع حمل واذا شفتي الوضع طيب وقفي الحبوب والبنات مسكينات يتطلقن واكثر يدمر النساء نساء حاسدات قريبات صديقات امهات اوخوات اووقال ترى بتزوج كأنه يقولها لاتاكلين منع,0,0.67,0.33,Ann2,0,3
ArMIS,train,370,صادق حبوب منع الحمل تسبب عقم للبنت ولاكن بنات كلب يقولن للبنات الي توهن متزوجات اكلن حبوب منع حمل واذا شفتي الوضع طيب وقفي الحبوب والبنات مسكينات يتطلقن واكثر يدمر النساء نساء حاسدات قريبات صديقات امهات اوخوات اووقال ترى بتزوج كأنه يقولها لاتاكلين منع,0,0.67,0.33,Ann3,0,3
ArMIS,train,371,طبعا بإستثناء النسويه,0,1.0,0.0,Ann1,0,3
ArMIS,train,371,طبعا بإستثناء النسويه,0,1.0,0.0,Ann2,0,3
ArMIS,train,371,طبعا بإستثناء النسويه,0,1.0,0.0,Ann3,0,3
ArMIS,train,372,أولا ثقي ثقة تامة انك لستي وحدك مشكلتك مشكلة الكثير النساء الشرق الاوسط ثانيا تضعفي أبدا تعطي فرصة للمتحرش انه يدمر حياتك ادرك انه امر غاية الصعوبة انتي قوية مريتي بمواقف صعبة تخطيتيها انتي قادرة تخطي المستقبل,0,1.0,0.0,Ann1,0,3
ArMIS,train,372,أولا ثقي ثقة تامة انك لستي وحدك مشكلتك مشكلة الكثير النساء الشرق الاوسط ثانيا تضعفي أبدا تعطي فرصة للمتحرش انه يدمر حياتك ادرك انه امر غاية الصعوبة انتي قوية مريتي بمواقف صعبة تخطيتيها انتي قادرة تخطي المستقبل,0,1.0,0.0,Ann2,0,3
ArMIS,train,372,أولا ثقي ثقة تامة انك لستي وحدك مشكلتك مشكلة الكثير النساء الشرق الاوسط ثانيا تضعفي أبدا تعطي فرصة للمتحرش انه يدمر حياتك ادرك انه امر غاية الصعوبة انتي قوية مريتي بمواقف صعبة تخطيتيها انتي قادرة تخطي المستقبل,0,1.0,0.0,Ann3,0,3
ArMIS,train,373,انصحك وغيرك بكتاب فتاة الضباب عدة مقالات احاديث المرأة وبتعرفوا وقتها الاسلام كرم المرأة الخلل بالاسلام الخلل فينا اننا مافهمنا ولاتعبنا نفسنا نفهم الاسلام والاحاديث ووقت مايجي يقول فيكم كلمه مثلا ناقصات عقل ثرتوا وقلبتوها قيامة وكذبتوا الاحاديث,0,1.0,0.0,Ann1,0,3
ArMIS,train,373,انصحك وغيرك بكتاب فتاة الضباب عدة مقالات احاديث المرأة وبتعرفوا وقتها الاسلام كرم المرأة الخلل بالاسلام الخلل فينا اننا مافهمنا ولاتعبنا نفسنا نفهم الاسلام والاحاديث ووقت مايجي يقول فيكم كلمه مثلا ناقصات عقل ثرتوا وقلبتوها قيامة وكذبتوا الاحاديث,0,1.0,0.0,Ann2,0,3
ArMIS,train,373,انصحك وغيرك بكتاب فتاة الضباب عدة مقالات احاديث المرأة وبتعرفوا وقتها الاسلام كرم المرأة الخلل بالاسلام الخلل فينا اننا مافهمنا ولاتعبنا نفسنا نفهم الاسلام والاحاديث ووقت مايجي يقول فيكم كلمه مثلا ناقصات عقل ثرتوا وقلبتوها قيامة وكذبتوا الاحاديث,0,1.0,0.0,Ann3,0,3
ArMIS,train,374,شكد كحاب بنات شوارع,1,0.0,1.0,Ann1,1,3
ArMIS,train,374,شكد كحاب بنات شوارع,1,0.0,1.0,Ann2,1,3
ArMIS,train,374,شكد كحاب بنات شوارع,1,0.0,1.0,Ann3,1,3
ArMIS,train,375,انتي فصلتيني ضحك النسويه اساس المساواه ومش عايزه تخلي الرجل اقل المراه العكس المجتمع الي انتي عايشه رافض النسويه بسبب انهم رافضين المساواه فهل انتي فاهمه كلامك هبد,0,0.67,0.33,Ann1,0,3
ArMIS,train,375,انتي فصلتيني ضحك النسويه اساس المساواه ومش عايزه تخلي الرجل اقل المراه العكس المجتمع الي انتي عايشه رافض النسويه بسبب انهم رافضين المساواه فهل انتي فاهمه كلامك هبد,0,0.67,0.33,Ann2,0,3
ArMIS,train,375,انتي فصلتيني ضحك النسويه اساس المساواه ومش عايزه تخلي الرجل اقل المراه العكس المجتمع الي انتي عايشه رافض النسويه بسبب انهم رافضين المساواه فهل انتي فاهمه كلامك هبد,0,0.67,0.33,Ann3,1,3
ArMIS,train,376,خلاص ماشي تحيا المرأة المتحررة,0,1.0,0.0,Ann1,0,3
ArMIS,train,376,خلاص ماشي تحيا المرأة المتحررة,0,1.0,0.0,Ann2,0,3
ArMIS,train,376,خلاص ماشي تحيا المرأة المتحررة,0,1.0,0.0,Ann3,0,3
ArMIS,train,377,قال ابن القيم رحمه الله الطرق الحكمية صـ٤٠٧ أعظم أسباب الموت العام كثرة الزنا بسبب تمكين النساء اختلاطهن بالرجال والمشي بينهم متبرجات متجملات علم أولياء الأمر فساد الدنيا والرعية قبل الدين لكانوا أشد شيء منع لذلك,1,0.33,0.67,Ann1,1,3
ArMIS,train,377,قال ابن القيم رحمه الله الطرق الحكمية صـ٤٠٧ أعظم أسباب الموت العام كثرة الزنا بسبب تمكين النساء اختلاطهن بالرجال والمشي بينهم متبرجات متجملات علم أولياء الأمر فساد الدنيا والرعية قبل الدين لكانوا أشد شيء منع لذلك,1,0.33,0.67,Ann2,1,3
ArMIS,train,377,قال ابن القيم رحمه الله الطرق الحكمية صـ٤٠٧ أعظم أسباب الموت العام كثرة الزنا بسبب تمكين النساء اختلاطهن بالرجال والمشي بينهم متبرجات متجملات علم أولياء الأمر فساد الدنيا والرعية قبل الدين لكانوا أشد شيء منع لذلك,1,0.33,0.67,Ann3,0,3
ArMIS,train,378,خلها ربك يمنعونهن زيارة والديهن بدون سبب تحكم فقط الله سلط عليهم هالجيل نساء عاصيات متسلطات لاتتورع سحره والعياذ بالله,1,0.33,0.67,Ann1,1,3
ArMIS,train,378,خلها ربك يمنعونهن زيارة والديهن بدون سبب تحكم فقط الله سلط عليهم هالجيل نساء عاصيات متسلطات لاتتورع سحره والعياذ بالله,1,0.33,0.67,Ann2,1,3
ArMIS,train,378,خلها ربك يمنعونهن زيارة والديهن بدون سبب تحكم فقط الله سلط عليهم هالجيل نساء عاصيات متسلطات لاتتورع سحره والعياذ بالله,1,0.33,0.67,Ann3,0,3
ArMIS,train,379,المقصد المراءة العاقلة اللتي تساعد المجتمع والوطن مراءة مثل النسويات يساعدن تفكيك المجتمع وطمس العادات والتقاليد وادخال افكار دخيله كالشذوذ,1,0.33,0.67,Ann1,1,3
ArMIS,train,379,المقصد المراءة العاقلة اللتي تساعد المجتمع والوطن مراءة مثل النسويات يساعدن تفكيك المجتمع وطمس العادات والتقاليد وادخال افكار دخيله كالشذوذ,1,0.33,0.67,Ann2,1,3
ArMIS,train,379,المقصد المراءة العاقلة اللتي تساعد المجتمع والوطن مراءة مثل النسويات يساعدن تفكيك المجتمع وطمس العادات والتقاليد وادخال افكار دخيله كالشذوذ,1,0.33,0.67,Ann3,0,3
ArMIS,train,380,الإمام الطيب ودعم حقوق المرأة والطفل دعم فضيلته حقوق الطفل بشكل دائم ومستمر فقد أطلق حملات توعوية إلكترونية لمناهضة العنف الأطفال مثل حملة وحملة إنها رحمة وغير جهود فضيلة الإمام الأكبر نشر الس الم جتمعي ودعم حقوق المرأة والطفل موسى,0,1.0,0.0,Ann1,0,3
ArMIS,train,380,الإمام الطيب ودعم حقوق المرأة والطفل دعم فضيلته حقوق الطفل بشكل دائم ومستمر فقد أطلق حملات توعوية إلكترونية لمناهضة العنف الأطفال مثل حملة وحملة إنها رحمة وغير جهود فضيلة الإمام الأكبر نشر الس الم جتمعي ودعم حقوق المرأة والطفل موسى,0,1.0,0.0,Ann2,0,3
ArMIS,train,380,الإمام الطيب ودعم حقوق المرأة والطفل دعم فضيلته حقوق الطفل بشكل دائم ومستمر فقد أطلق حملات توعوية إلكترونية لمناهضة العنف الأطفال مثل حملة وحملة إنها رحمة وغير جهود فضيلة الإمام الأكبر نشر الس الم جتمعي ودعم حقوق المرأة والطفل موسى,0,1.0,0.0,Ann3,0,3
ArMIS,train,381,هذول تابعتهم رخيصات الرخص الحلو,1,0.0,1.0,Ann1,1,3
ArMIS,train,381,هذول تابعتهم رخيصات الرخص الحلو,1,0.0,1.0,Ann2,1,3
ArMIS,train,381,هذول تابعتهم رخيصات الرخص الحلو,1,0.0,1.0,Ann3,1,3
ArMIS,train,382,صادقه بعضهن متسلطات مريضات,1,0.33,0.67,Ann1,1,3
ArMIS,train,382,صادقه بعضهن متسلطات مريضات,1,0.33,0.67,Ann2,1,3
ArMIS,train,382,صادقه بعضهن متسلطات مريضات,1,0.33,0.67,Ann3,0,3
ArMIS,train,383,اول قلت الي نزلوا صورهم محترمين رخيصات نفسها وقحي وبعدين فسوية معليك شرهه عاد تفكرون مؤخرتكم خساره وقتي ضيعته فسويه اصلا يدافع المقح الا فسويات لان يبونها ويكذبون يقولون حقوق المراءة وهم يبون,1,0.0,1.0,Ann1,1,3
ArMIS,train,383,اول قلت الي نزلوا صورهم محترمين رخيصات نفسها وقحي وبعدين فسوية معليك شرهه عاد تفكرون مؤخرتكم خساره وقتي ضيعته فسويه اصلا يدافع المقح الا فسويات لان يبونها ويكذبون يقولون حقوق المراءة وهم يبون,1,0.0,1.0,Ann2,1,3
ArMIS,train,383,اول قلت الي نزلوا صورهم محترمين رخيصات نفسها وقحي وبعدين فسوية معليك شرهه عاد تفكرون مؤخرتكم خساره وقتي ضيعته فسويه اصلا يدافع المقح الا فسويات لان يبونها ويكذبون يقولون حقوق المراءة وهم يبون,1,0.0,1.0,Ann3,1,3
ArMIS,train,384,فجور النساء راح يدمر هالديره فوق الفساد المالي فساد اخلاقي,1,0.0,1.0,Ann1,1,3
ArMIS,train,384,فجور النساء راح يدمر هالديره فوق الفساد المالي فساد اخلاقي,1,0.0,1.0,Ann2,1,3
ArMIS,train,384,فجور النساء راح يدمر هالديره فوق الفساد المالي فساد اخلاقي,1,0.0,1.0,Ann3,1,3
ArMIS,train,385,محمد العود الأخضر النساء عود اخضر قابل بأن ثمر وقابل بأن زهر قابل بأن لقد اثمرت الأم باالولد والبنت وازهرت الأخت بالعلم والمعرفة وضحت الزوجة بعمرها أجل سكن القلب وتغلغل الفؤاد برغم لهيب الحياة أنها تحترق,0,1.0,0.0,Ann1,0,3
ArMIS,train,385,محمد العود الأخضر النساء عود اخضر قابل بأن ثمر وقابل بأن زهر قابل بأن لقد اثمرت الأم باالولد والبنت وازهرت الأخت بالعلم والمعرفة وضحت الزوجة بعمرها أجل سكن القلب وتغلغل الفؤاد برغم لهيب الحياة أنها تحترق,0,1.0,0.0,Ann2,0,3
ArMIS,train,385,محمد العود الأخضر النساء عود اخضر قابل بأن ثمر وقابل بأن زهر قابل بأن لقد اثمرت الأم باالولد والبنت وازهرت الأخت بالعلم والمعرفة وضحت الزوجة بعمرها أجل سكن القلب وتغلغل الفؤاد برغم لهيب الحياة أنها تحترق,0,1.0,0.0,Ann3,0,3
ArMIS,train,386,مافي اسمه رخيصات ذولي بنات بعدين يجي خنيـث ويستغلهم وبعدين يجي واحد مريض يسميهم رخيصات وبس والله,0,1.0,0.0,Ann1,0,3
ArMIS,train,386,مافي اسمه رخيصات ذولي بنات بعدين يجي خنيـث ويستغلهم وبعدين يجي واحد مريض يسميهم رخيصات وبس والله,0,1.0,0.0,Ann2,0,3
ArMIS,train,386,مافي اسمه رخيصات ذولي بنات بعدين يجي خنيـث ويستغلهم وبعدين يجي واحد مريض يسميهم رخيصات وبس والله,0,1.0,0.0,Ann3,0,3
ArMIS,train,387,ناقصات عقل بسبب شهادتها تعادل شهادة الرجل وأيضا بسبب عاطفتها حسب ماقرأت ناقصات دين بسبب الحيض والدوره الشهريه والحمل وهي معذورة الله انها لاتصلي ولاتصوم الظروف الثلاثه ولاكن عليها قضاء الصوم فقظ,0,1.0,0.0,Ann1,0,3
ArMIS,train,387,ناقصات عقل بسبب شهادتها تعادل شهادة الرجل وأيضا بسبب عاطفتها حسب ماقرأت ناقصات دين بسبب الحيض والدوره الشهريه والحمل وهي معذورة الله انها لاتصلي ولاتصوم الظروف الثلاثه ولاكن عليها قضاء الصوم فقظ,0,1.0,0.0,Ann2,0,3
ArMIS,train,387,ناقصات عقل بسبب شهادتها تعادل شهادة الرجل وأيضا بسبب عاطفتها حسب ماقرأت ناقصات دين بسبب الحيض والدوره الشهريه والحمل وهي معذورة الله انها لاتصلي ولاتصوم الظروف الثلاثه ولاكن عليها قضاء الصوم فقظ,0,1.0,0.0,Ann3,0,3
ArMIS,train,388,نسوية امرأة امرأة نسويه,0,1.0,0.0,Ann1,0,3
ArMIS,train,388,نسوية امرأة امرأة نسويه,0,1.0,0.0,Ann2,0,3
ArMIS,train,388,نسوية امرأة امرأة نسويه,0,1.0,0.0,Ann3,0,3
ArMIS,train,389,يتطلب الوصول للعدالة للنساء الناجيات النظر موضوع العنف الجنسي منظور هيكلي يأخذ تداخل العوامل والكلفة السياسية والاقتصادية والاجتماعية والثقافية للعنف الجنسي والمجتمعات,0,1.0,0.0,Ann1,0,3
ArMIS,train,389,يتطلب الوصول للعدالة للنساء الناجيات النظر موضوع العنف الجنسي منظور هيكلي يأخذ تداخل العوامل والكلفة السياسية والاقتصادية والاجتماعية والثقافية للعنف الجنسي والمجتمعات,0,1.0,0.0,Ann2,0,3
ArMIS,train,389,يتطلب الوصول للعدالة للنساء الناجيات النظر موضوع العنف الجنسي منظور هيكلي يأخذ تداخل العوامل والكلفة السياسية والاقتصادية والاجتماعية والثقافية للعنف الجنسي والمجتمعات,0,1.0,0.0,Ann3,0,3
ArMIS,train,390,حكت العنف الممارس المرأة واحد تنين انا بدافع وجهة نظرها انا بحترم حكت منظورها الشخصي حكت انا هيك بشوف تشوف تشوف هيي حرة انا يلي حكته بالفيديو واجب احترام رأيها لانه فرضته اذت,0,1.0,0.0,Ann1,0,3
ArMIS,train,390,حكت العنف الممارس المرأة واحد تنين انا بدافع وجهة نظرها انا بحترم حكت منظورها الشخصي حكت انا هيك بشوف تشوف تشوف هيي حرة انا يلي حكته بالفيديو واجب احترام رأيها لانه فرضته اذت,0,1.0,0.0,Ann2,0,3
ArMIS,train,390,حكت العنف الممارس المرأة واحد تنين انا بدافع وجهة نظرها انا بحترم حكت منظورها الشخصي حكت انا هيك بشوف تشوف تشوف هيي حرة انا يلي حكته بالفيديو واجب احترام رأيها لانه فرضته اذت,0,1.0,0.0,Ann3,0,3
ArMIS,train,391,والله بنتسابق نسويه,0,1.0,0.0,Ann1,0,3
ArMIS,train,391,والله بنتسابق نسويه,0,1.0,0.0,Ann2,0,3
ArMIS,train,391,والله بنتسابق نسويه,0,1.0,0.0,Ann3,0,3
ArMIS,train,392,فعلا النسويات متمردات يريدون حماية الاطفال التعرض المبكر للجنس زواج الاطفال يعترضون خيانة الزوجة لعنهم الله ندعم الذكوريين فقط فنحن قوم نمارس الجنس الاطفال نخون زوجاتنا نغتصب الأسيرات ننكح الاخضر اليابس يعارض شهوات قضيبنا نجعله عدوا لله,1,0.0,1.0,Ann1,1,3
ArMIS,train,392,فعلا النسويات متمردات يريدون حماية الاطفال التعرض المبكر للجنس زواج الاطفال يعترضون خيانة الزوجة لعنهم الله ندعم الذكوريين فقط فنحن قوم نمارس الجنس الاطفال نخون زوجاتنا نغتصب الأسيرات ننكح الاخضر اليابس يعارض شهوات قضيبنا نجعله عدوا لله,1,0.0,1.0,Ann2,1,3
ArMIS,train,392,فعلا النسويات متمردات يريدون حماية الاطفال التعرض المبكر للجنس زواج الاطفال يعترضون خيانة الزوجة لعنهم الله ندعم الذكوريين فقط فنحن قوم نمارس الجنس الاطفال نخون زوجاتنا نغتصب الأسيرات ننكح الاخضر اليابس يعارض شهوات قضيبنا نجعله عدوا لله,1,0.0,1.0,Ann3,1,3
ArMIS,train,393,نطالب الداخلية بعودة الدوريات الراكبة شوارع مصر تزامنا بداية العام الدراسى لمنع التحرش والمعاكسات والسرقات,0,1.0,0.0,Ann1,0,3
ArMIS,train,393,نطالب الداخلية بعودة الدوريات الراكبة شوارع مصر تزامنا بداية العام الدراسى لمنع التحرش والمعاكسات والسرقات,0,1.0,0.0,Ann2,0,3
ArMIS,train,393,نطالب الداخلية بعودة الدوريات الراكبة شوارع مصر تزامنا بداية العام الدراسى لمنع التحرش والمعاكسات والسرقات,0,1.0,0.0,Ann3,0,3
ArMIS,train,394,التسلط اهل صار شيئين جعلهم متسلطات وقوف القانون الدولي بالوقوف صفها واضعاف الرجل ضعف الغيرة والرجولة والقوامة كصفة الرجل وحلول مظاهر الدياثة محلها,1,0.33,0.67,Ann1,1,3
ArMIS,train,394,التسلط اهل صار شيئين جعلهم متسلطات وقوف القانون الدولي بالوقوف صفها واضعاف الرجل ضعف الغيرة والرجولة والقوامة كصفة الرجل وحلول مظاهر الدياثة محلها,1,0.33,0.67,Ann2,0,3
ArMIS,train,394,التسلط اهل صار شيئين جعلهم متسلطات وقوف القانون الدولي بالوقوف صفها واضعاف الرجل ضعف الغيرة والرجولة والقوامة كصفة الرجل وحلول مظاهر الدياثة محلها,1,0.33,0.67,Ann3,1,3
ArMIS,train,395,ناقصات عقل وقادرات سلب عقلك بأكمله فكيف اكتمل لعلها رحمة الله,0,0.67,0.33,Ann1,0,3
ArMIS,train,395,ناقصات عقل وقادرات سلب عقلك بأكمله فكيف اكتمل لعلها رحمة الله,0,0.67,0.33,Ann2,1,3
ArMIS,train,395,ناقصات عقل وقادرات سلب عقلك بأكمله فكيف اكتمل لعلها رحمة الله,0,0.67,0.33,Ann3,0,3
ArMIS,train,396,يالله ايش المعلمات وقحات,1,0.33,0.67,Ann1,1,3
ArMIS,train,396,يالله ايش المعلمات وقحات,1,0.33,0.67,Ann2,1,3
ArMIS,train,396,يالله ايش المعلمات وقحات,1,0.33,0.67,Ann3,0,3
ArMIS,train,397,والله الي اشوفه انه مركز اخص بحسابه سعوديات الله ياخذه ويحرمه اغلى مايملك الكلب مايتوب كلامه وقذفه ومحسني انه سعودي ولوانه سعودي فهو يهين امه وخواته ويذم فيهم ويقذهم بنهايه يحب بلده كيفكم هالفتنه تنشال الله ياخذ النسويات والذكورر كانكم وباء علينا وربي,1,0.33,0.67,Ann1,1,3
ArMIS,train,397,والله الي اشوفه انه مركز اخص بحسابه سعوديات الله ياخذه ويحرمه اغلى مايملك الكلب مايتوب كلامه وقذفه ومحسني انه سعودي ولوانه سعودي فهو يهين امه وخواته ويذم فيهم ويقذهم بنهايه يحب بلده كيفكم هالفتنه تنشال الله ياخذ النسويات والذكورر كانكم وباء علينا وربي,1,0.33,0.67,Ann2,1,3
ArMIS,train,397,والله الي اشوفه انه مركز اخص بحسابه سعوديات الله ياخذه ويحرمه اغلى مايملك الكلب مايتوب كلامه وقذفه ومحسني انه سعودي ولوانه سعودي فهو يهين امه وخواته ويذم فيهم ويقذهم بنهايه يحب بلده كيفكم هالفتنه تنشال الله ياخذ النسويات والذكورر كانكم وباء علينا وربي,1,0.33,0.67,Ann3,0,3
ArMIS,train,398,سدو حلقها القرده يعني الواحد لازم يكون عنده ثقه بنفسه يقعد يتفسخ وينزل شكله شرط انتي رخيصه كلهم رخيصات زين الوجه يوم تستعرضينه اكلتيها تنمر وادعمك حصحص التنمر استمري,1,0.0,1.0,Ann1,1,3
ArMIS,train,398,سدو حلقها القرده يعني الواحد لازم يكون عنده ثقه بنفسه يقعد يتفسخ وينزل شكله شرط انتي رخيصه كلهم رخيصات زين الوجه يوم تستعرضينه اكلتيها تنمر وادعمك حصحص التنمر استمري,1,0.0,1.0,Ann2,1,3
ArMIS,train,398,سدو حلقها القرده يعني الواحد لازم يكون عنده ثقه بنفسه يقعد يتفسخ وينزل شكله شرط انتي رخيصه كلهم رخيصات زين الوجه يوم تستعرضينه اكلتيها تنمر وادعمك حصحص التنمر استمري,1,0.0,1.0,Ann3,1,3
ArMIS,train,399,شدو حيلكم لين ينقطع السعوديات مستحيل يطالبون بإسقاط الولايه مين وراك عشان تعبون رووس بناتنا المراهقات,1,0.33,0.67,Ann1,1,3
ArMIS,train,399,شدو حيلكم لين ينقطع السعوديات مستحيل يطالبون بإسقاط الولايه مين وراك عشان تعبون رووس بناتنا المراهقات,1,0.33,0.67,Ann2,0,3
ArMIS,train,399,شدو حيلكم لين ينقطع السعوديات مستحيل يطالبون بإسقاط الولايه مين وراك عشان تعبون رووس بناتنا المراهقات,1,0.33,0.67,Ann3,1,3
ArMIS,train,400,يعاقب بالسجن مدة تزيد سنة وبغرامة تزيد 500 ألف ريال بإحداهما يقوم بالمساس بالحياة الخاصة طريق إساءة استخدام بتصوير الرجل المرأة وهي تقود السيارة بالهواتف النقالة المزودة بالكاميرا حكمها,0,1.0,0.0,Ann1,0,3
ArMIS,train,400,يعاقب بالسجن مدة تزيد سنة وبغرامة تزيد 500 ألف ريال بإحداهما يقوم بالمساس بالحياة الخاصة طريق إساءة استخدام بتصوير الرجل المرأة وهي تقود السيارة بالهواتف النقالة المزودة بالكاميرا حكمها,0,1.0,0.0,Ann2,0,3
ArMIS,train,400,يعاقب بالسجن مدة تزيد سنة وبغرامة تزيد 500 ألف ريال بإحداهما يقوم بالمساس بالحياة الخاصة طريق إساءة استخدام بتصوير الرجل المرأة وهي تقود السيارة بالهواتف النقالة المزودة بالكاميرا حكمها,0,1.0,0.0,Ann3,0,3
ArMIS,train,401,يحاول يقنعك أنه بيحب المرأة المتحررة,0,1.0,0.0,Ann1,0,3
ArMIS,train,401,يحاول يقنعك أنه بيحب المرأة المتحررة,0,1.0,0.0,Ann2,0,3
ArMIS,train,401,يحاول يقنعك أنه بيحب المرأة المتحررة,0,1.0,0.0,Ann3,0,3
ArMIS,train,402,البشرية تترك مرضا فتاكا وخصصت يوما يوم السل يوم السرطان ويوم المرأة العالمي,1,0.33,0.67,Ann1,1,3
ArMIS,train,402,البشرية تترك مرضا فتاكا وخصصت يوما يوم السل يوم السرطان ويوم المرأة العالمي,1,0.33,0.67,Ann2,0,3
ArMIS,train,402,البشرية تترك مرضا فتاكا وخصصت يوما يوم السل يوم السرطان ويوم المرأة العالمي,1,0.33,0.67,Ann3,1,3
ArMIS,train,403,سمعتها تتحدث قيادة المرأة للعربة تقول أصبحت ماما تقود السيارة مثل بابا صغيراتي عهد الملك سلمان صارت المرأة قادرة شيء بسيط الحديث عنه مؤلم كونه حدث طبيعي الوقت كنت سعيدة بسماع شيء كهذا,0,1.0,0.0,Ann1,0,3
ArMIS,train,403,سمعتها تتحدث قيادة المرأة للعربة تقول أصبحت ماما تقود السيارة مثل بابا صغيراتي عهد الملك سلمان صارت المرأة قادرة شيء بسيط الحديث عنه مؤلم كونه حدث طبيعي الوقت كنت سعيدة بسماع شيء كهذا,0,1.0,0.0,Ann2,0,3
ArMIS,train,403,سمعتها تتحدث قيادة المرأة للعربة تقول أصبحت ماما تقود السيارة مثل بابا صغيراتي عهد الملك سلمان صارت المرأة قادرة شيء بسيط الحديث عنه مؤلم كونه حدث طبيعي الوقت كنت سعيدة بسماع شيء كهذا,0,1.0,0.0,Ann3,0,3
ArMIS,train,404,النساء غييير والنسويات غيير ترا المجتمع مليان بالنساء الصالحات الطبيعيات السوي اما النسويات منحطات متخلفات وكثير منهم موجود تويتر فقط يطبقون اجنده معينه وجود ارض الواقع انكر المراهقات المتأثرات بهذا الفكر اذا اسرتها صالحه مصيرها تكبر وتعقل,1,0.0,1.0,Ann1,1,3
ArMIS,train,404,النساء غييير والنسويات غيير ترا المجتمع مليان بالنساء الصالحات الطبيعيات السوي اما النسويات منحطات متخلفات وكثير منهم موجود تويتر فقط يطبقون اجنده معينه وجود ارض الواقع انكر المراهقات المتأثرات بهذا الفكر اذا اسرتها صالحه مصيرها تكبر وتعقل,1,0.0,1.0,Ann2,1,3
ArMIS,train,404,النساء غييير والنسويات غيير ترا المجتمع مليان بالنساء الصالحات الطبيعيات السوي اما النسويات منحطات متخلفات وكثير منهم موجود تويتر فقط يطبقون اجنده معينه وجود ارض الواقع انكر المراهقات المتأثرات بهذا الفكر اذا اسرتها صالحه مصيرها تكبر وتعقل,1,0.0,1.0,Ann3,1,3
ArMIS,train,405,وانتي منو كلج النسويات يعارضن الدين شدخل بهذا,0,1.0,0.0,Ann1,0,3
ArMIS,train,405,وانتي منو كلج النسويات يعارضن الدين شدخل بهذا,0,1.0,0.0,Ann2,0,3
ArMIS,train,405,وانتي منو كلج النسويات يعارضن الدين شدخل بهذا,0,1.0,0.0,Ann3,0,3
ArMIS,train,406,النسويات قاموا يقتلون القتيل ويمشون بجنازته,1,0.33,0.67,Ann1,1,3
ArMIS,train,406,النسويات قاموا يقتلون القتيل ويمشون بجنازته,1,0.33,0.67,Ann2,1,3
ArMIS,train,406,النسويات قاموا يقتلون القتيل ويمشون بجنازته,1,0.33,0.67,Ann3,0,3
ArMIS,train,407,اكثر يحارب حقوق المرأه المتحرره الحره الي عايشه حياتها بالطول والعرض الي مايطبق عليها الموروث,1,0.33,0.67,Ann1,1,3
ArMIS,train,407,اكثر يحارب حقوق المرأه المتحرره الحره الي عايشه حياتها بالطول والعرض الي مايطبق عليها الموروث,1,0.33,0.67,Ann2,0,3
ArMIS,train,407,اكثر يحارب حقوق المرأه المتحرره الحره الي عايشه حياتها بالطول والعرض الي مايطبق عليها الموروث,1,0.33,0.67,Ann3,1,3
ArMIS,train,408,يجب تعلموا أول النسوية مقسمة أنواع بحسب الحق تحتاجه أنثى فهناك نسويات متدينات يطالبن بحقوقهن كفلها الدين وتم حرمانهن النهاية النسويات رغم اختلاف انواعهن يتفقن ويدعمن بعضهن محاربة الظلم والعنصرية,0,1.0,0.0,Ann1,0,3
ArMIS,train,408,يجب تعلموا أول النسوية مقسمة أنواع بحسب الحق تحتاجه أنثى فهناك نسويات متدينات يطالبن بحقوقهن كفلها الدين وتم حرمانهن النهاية النسويات رغم اختلاف انواعهن يتفقن ويدعمن بعضهن محاربة الظلم والعنصرية,0,1.0,0.0,Ann2,0,3
ArMIS,train,408,يجب تعلموا أول النسوية مقسمة أنواع بحسب الحق تحتاجه أنثى فهناك نسويات متدينات يطالبن بحقوقهن كفلها الدين وتم حرمانهن النهاية النسويات رغم اختلاف انواعهن يتفقن ويدعمن بعضهن محاربة الظلم والعنصرية,0,1.0,0.0,Ann3,0,3
ArMIS,train,409,عجبا لزمان نرى نساء العرب المسلمين سافرات ونساء الغرب المعتنقات للإسلام مؤخرا محجبات فينا المسلمة الصادقة فينا المسلمة المزيفة,0,0.67,0.33,Ann1,0,3
ArMIS,train,409,عجبا لزمان نرى نساء العرب المسلمين سافرات ونساء الغرب المعتنقات للإسلام مؤخرا محجبات فينا المسلمة الصادقة فينا المسلمة المزيفة,0,0.67,0.33,Ann2,0,3
ArMIS,train,409,عجبا لزمان نرى نساء العرب المسلمين سافرات ونساء الغرب المعتنقات للإسلام مؤخرا محجبات فينا المسلمة الصادقة فينا المسلمة المزيفة,0,0.67,0.33,Ann3,1,3
ArMIS,train,410,٩٩.٩ كلهم سفراء رجال وقالت راحت صدق قال ناقصات عقل ودين,1,0.0,1.0,Ann1,1,3
ArMIS,train,410,٩٩.٩ كلهم سفراء رجال وقالت راحت صدق قال ناقصات عقل ودين,1,0.0,1.0,Ann2,1,3
ArMIS,train,410,٩٩.٩ كلهم سفراء رجال وقالت راحت صدق قال ناقصات عقل ودين,1,0.0,1.0,Ann3,1,3
ArMIS,train,411,طيب خلينا نقول امريكا مثلا مجتمع منفتح وعلى الحقوق الي عندهم يحاربون ويطالبون بأكثر لانهم يدرون النساء يستحقون الافضل مايحتاج احد يوعيهم الشيء ولله انا كنت طفله وانا اتأمل حولي وكيف النساء مظلومات ماكان وقتها نسويات احد يعلمني,0,1.0,0.0,Ann1,0,3
ArMIS,train,411,طيب خلينا نقول امريكا مثلا مجتمع منفتح وعلى الحقوق الي عندهم يحاربون ويطالبون بأكثر لانهم يدرون النساء يستحقون الافضل مايحتاج احد يوعيهم الشيء ولله انا كنت طفله وانا اتأمل حولي وكيف النساء مظلومات ماكان وقتها نسويات احد يعلمني,0,1.0,0.0,Ann2,0,3
ArMIS,train,411,طيب خلينا نقول امريكا مثلا مجتمع منفتح وعلى الحقوق الي عندهم يحاربون ويطالبون بأكثر لانهم يدرون النساء يستحقون الافضل مايحتاج احد يوعيهم الشيء ولله انا كنت طفله وانا اتأمل حولي وكيف النساء مظلومات ماكان وقتها نسويات احد يعلمني,0,1.0,0.0,Ann3,0,3
ArMIS,train,412,مستحيل ادخل تويتر واطلع انسانه طبيعيه الان اللي يصير بحق النساء يضيق الخلق ويخليني اكل نفسي حرام عايشين هالعيشه ذنبهم تنحسر حياتهم شرف غلطه صارت عشان تحت حكم ازباب اولياء الامور الارهابين مايعرفون شرع الله همهم يعبدون كلام الناس الله ياخذ هاذي البقعه,0,1.0,0.0,Ann1,0,3
ArMIS,train,412,مستحيل ادخل تويتر واطلع انسانه طبيعيه الان اللي يصير بحق النساء يضيق الخلق ويخليني اكل نفسي حرام عايشين هالعيشه ذنبهم تنحسر حياتهم شرف غلطه صارت عشان تحت حكم ازباب اولياء الامور الارهابين مايعرفون شرع الله همهم يعبدون كلام الناس الله ياخذ هاذي البقعه,0,1.0,0.0,Ann2,0,3
ArMIS,train,412,مستحيل ادخل تويتر واطلع انسانه طبيعيه الان اللي يصير بحق النساء يضيق الخلق ويخليني اكل نفسي حرام عايشين هالعيشه ذنبهم تنحسر حياتهم شرف غلطه صارت عشان تحت حكم ازباب اولياء الامور الارهابين مايعرفون شرع الله همهم يعبدون كلام الناس الله ياخذ هاذي البقعه,0,1.0,0.0,Ann3,0,3
ArMIS,train,413,يوم يوم بيثبت حديث ناقصات عقل ودين,1,0.0,1.0,Ann1,1,3
ArMIS,train,413,يوم يوم بيثبت حديث ناقصات عقل ودين,1,0.0,1.0,Ann2,1,3
ArMIS,train,413,يوم يوم بيثبت حديث ناقصات عقل ودين,1,0.0,1.0,Ann3,1,3
ArMIS,train,414,تلقه متحرش بممرضه وبلغت ونسجن وطلع يعبر حقده وقهره وحده دعست علي وجه عشان مسوي حملة تشوية ويبث حقده دخله فاسدات صالحات اكيد وحده دعست علي وجه,0,1.0,0.0,Ann1,0,3
ArMIS,train,414,تلقه متحرش بممرضه وبلغت ونسجن وطلع يعبر حقده وقهره وحده دعست علي وجه عشان مسوي حملة تشوية ويبث حقده دخله فاسدات صالحات اكيد وحده دعست علي وجه,0,1.0,0.0,Ann2,0,3
ArMIS,train,414,تلقه متحرش بممرضه وبلغت ونسجن وطلع يعبر حقده وقهره وحده دعست علي وجه عشان مسوي حملة تشوية ويبث حقده دخله فاسدات صالحات اكيد وحده دعست علي وجه,0,1.0,0.0,Ann3,0,3
ArMIS,train,415,تعبت اذا اسخخفف نسويه بحياتنا الطبيعيه بيصير ياخي ابلعو عااد,0,0.67,0.33,Ann1,0,3
ArMIS,train,415,تعبت اذا اسخخفف نسويه بحياتنا الطبيعيه بيصير ياخي ابلعو عااد,0,0.67,0.33,Ann2,1,3
ArMIS,train,415,تعبت اذا اسخخفف نسويه بحياتنا الطبيعيه بيصير ياخي ابلعو عااد,0,0.67,0.33,Ann3,0,3
ArMIS,train,416,النسويه مرأه المراه نسويه,0,1.0,0.0,Ann1,0,3
ArMIS,train,416,النسويه مرأه المراه نسويه,0,1.0,0.0,Ann2,0,3
ArMIS,train,416,النسويه مرأه المراه نسويه,0,1.0,0.0,Ann3,0,3
ArMIS,train,417,جلاد الفسويات الفسوييين,1,0.0,1.0,Ann1,1,3
ArMIS,train,417,جلاد الفسويات الفسوييين,1,0.0,1.0,Ann2,1,3
ArMIS,train,417,جلاد الفسويات الفسوييين,1,0.0,1.0,Ann3,1,3
ArMIS,train,418,مافي اسمه الوظيفه للمرأه اساسي النساء شقائق الرجال وكل منهم مطلوب اعمار الارض والعمل والانتاج وتحريم الاختلاط مدري مين ابتدعه ايه القران مكتوب حرام الاختلاط زمن الرسول والناس مختلطين وبالحرم نختلط والكره الارضيه بكبرها مختلطه,0,1.0,0.0,Ann1,0,3
ArMIS,train,418,مافي اسمه الوظيفه للمرأه اساسي النساء شقائق الرجال وكل منهم مطلوب اعمار الارض والعمل والانتاج وتحريم الاختلاط مدري مين ابتدعه ايه القران مكتوب حرام الاختلاط زمن الرسول والناس مختلطين وبالحرم نختلط والكره الارضيه بكبرها مختلطه,0,1.0,0.0,Ann2,0,3
ArMIS,train,418,مافي اسمه الوظيفه للمرأه اساسي النساء شقائق الرجال وكل منهم مطلوب اعمار الارض والعمل والانتاج وتحريم الاختلاط مدري مين ابتدعه ايه القران مكتوب حرام الاختلاط زمن الرسول والناس مختلطين وبالحرم نختلط والكره الارضيه بكبرها مختلطه,0,1.0,0.0,Ann3,0,3
ArMIS,train,419,امرأة تقود سيارة بسرعة عالية ورجل جاءها بالاتجاه المعاكس بنفس السرعة فصاح عليها بقرة ... فمدت رأسها شباك السيارة وصاحت ثور ... وخلال ثواني اصطدمت المرأة ببقرة وتحطمت سيارتها دائما تسيء فهم احد قبل تتأكد الهدف الرجال أراد النصيحة فيد بيهن النصح,0,0.67,0.33,Ann1,1,3
ArMIS,train,419,امرأة تقود سيارة بسرعة عالية ورجل جاءها بالاتجاه المعاكس بنفس السرعة فصاح عليها بقرة ... فمدت رأسها شباك السيارة وصاحت ثور ... وخلال ثواني اصطدمت المرأة ببقرة وتحطمت سيارتها دائما تسيء فهم احد قبل تتأكد الهدف الرجال أراد النصيحة فيد بيهن النصح,0,0.67,0.33,Ann2,0,3
ArMIS,train,419,امرأة تقود سيارة بسرعة عالية ورجل جاءها بالاتجاه المعاكس بنفس السرعة فصاح عليها بقرة ... فمدت رأسها شباك السيارة وصاحت ثور ... وخلال ثواني اصطدمت المرأة ببقرة وتحطمت سيارتها دائما تسيء فهم احد قبل تتأكد الهدف الرجال أراد النصيحة فيد بيهن النصح,0,0.67,0.33,Ann3,0,3
ArMIS,train,420,يربون العيال انهم افضل البنات ومربين عيالهم البنات ناقصات عقل ودين ولما يقولون البنت انتي حقك مكانك المطبخ هالشي المملكه بكثير اماكن,0,1.0,0.0,Ann1,0,3
ArMIS,train,420,يربون العيال انهم افضل البنات ومربين عيالهم البنات ناقصات عقل ودين ولما يقولون البنت انتي حقك مكانك المطبخ هالشي المملكه بكثير اماكن,0,1.0,0.0,Ann2,0,3
ArMIS,train,420,يربون العيال انهم افضل البنات ومربين عيالهم البنات ناقصات عقل ودين ولما يقولون البنت انتي حقك مكانك المطبخ هالشي المملكه بكثير اماكن,0,1.0,0.0,Ann3,0,3
ArMIS,train,421,طبعا قال مربيات الاجيال قال مفسدات الاجيال المطالبين بالاشياء المحرمة الفسويات,1,0.0,1.0,Ann1,1,3
ArMIS,train,421,طبعا قال مربيات الاجيال قال مفسدات الاجيال المطالبين بالاشياء المحرمة الفسويات,1,0.0,1.0,Ann2,1,3
ArMIS,train,421,طبعا قال مربيات الاجيال قال مفسدات الاجيال المطالبين بالاشياء المحرمة الفسويات,1,0.0,1.0,Ann3,1,3
ArMIS,train,422,لاحول ولاقوه الا بالله علامات قيام الساعه الصغرى الظلم والقسوه بالذات النساء يرجع عليهم الظلم وبقوه ربي ياخذ حقهم يارب,0,1.0,0.0,Ann1,0,3
ArMIS,train,422,لاحول ولاقوه الا بالله علامات قيام الساعه الصغرى الظلم والقسوه بالذات النساء يرجع عليهم الظلم وبقوه ربي ياخذ حقهم يارب,0,1.0,0.0,Ann2,0,3
ArMIS,train,422,لاحول ولاقوه الا بالله علامات قيام الساعه الصغرى الظلم والقسوه بالذات النساء يرجع عليهم الظلم وبقوه ربي ياخذ حقهم يارب,0,1.0,0.0,Ann3,0,3
ArMIS,train,423,يبه تخيل بعضهم يطالبون بإسقاط الولاية عشان لايتحكم فيهم أوليائهم يبه مايضيعون أبوهم يايبه صدق جعلني أموت طالبت بحق ضدك ياضي عيني فوالله أحبك أحد يسواك,0,0.67,0.33,Ann1,0,3
ArMIS,train,423,يبه تخيل بعضهم يطالبون بإسقاط الولاية عشان لايتحكم فيهم أوليائهم يبه مايضيعون أبوهم يايبه صدق جعلني أموت طالبت بحق ضدك ياضي عيني فوالله أحبك أحد يسواك,0,0.67,0.33,Ann2,0,3
ArMIS,train,423,يبه تخيل بعضهم يطالبون بإسقاط الولاية عشان لايتحكم فيهم أوليائهم يبه مايضيعون أبوهم يايبه صدق جعلني أموت طالبت بحق ضدك ياضي عيني فوالله أحبك أحد يسواك,0,0.67,0.33,Ann3,1,3
ArMIS,train,424,انا اصلا احارب المتبرجة لأن حسابها ربنا انا احارب اللي تحارب الحجاب والنقاب كيفكم تتبرجون وتبغون البنات يصيرون مثلكم متبرجات فهمتي كيفكم اقليات,0,0.67,0.33,Ann1,0,3
ArMIS,train,424,انا اصلا احارب المتبرجة لأن حسابها ربنا انا احارب اللي تحارب الحجاب والنقاب كيفكم تتبرجون وتبغون البنات يصيرون مثلكم متبرجات فهمتي كيفكم اقليات,0,0.67,0.33,Ann2,0,3
ArMIS,train,424,انا اصلا احارب المتبرجة لأن حسابها ربنا انا احارب اللي تحارب الحجاب والنقاب كيفكم تتبرجون وتبغون البنات يصيرون مثلكم متبرجات فهمتي كيفكم اقليات,0,0.67,0.33,Ann3,1,3
ArMIS,train,425,الأنبار تفرضه السنة رحتلهم زيارة اكو سافرات قليل,0,0.67,0.33,Ann1,0,3
ArMIS,train,425,الأنبار تفرضه السنة رحتلهم زيارة اكو سافرات قليل,0,0.67,0.33,Ann2,0,3
ArMIS,train,425,الأنبار تفرضه السنة رحتلهم زيارة اكو سافرات قليل,0,0.67,0.33,Ann3,1,3
ArMIS,train,426,عذولا الجيل القديم الحين نصهم داشرات اكثرهم اكثرهم خربانين يبو زواج اصلا ليه بنت ابوها يتشرططط ويقطعون جدفك اخرتها تجيك وحده الجن ينفر حسبي الله ونعم الوكيل,1,0.0,1.0,Ann1,1,3
ArMIS,train,426,عذولا الجيل القديم الحين نصهم داشرات اكثرهم اكثرهم خربانين يبو زواج اصلا ليه بنت ابوها يتشرططط ويقطعون جدفك اخرتها تجيك وحده الجن ينفر حسبي الله ونعم الوكيل,1,0.0,1.0,Ann2,1,3
ArMIS,train,426,عذولا الجيل القديم الحين نصهم داشرات اكثرهم اكثرهم خربانين يبو زواج اصلا ليه بنت ابوها يتشرططط ويقطعون جدفك اخرتها تجيك وحده الجن ينفر حسبي الله ونعم الوكيل,1,0.0,1.0,Ann3,1,3
ArMIS,train,427,حقوق المرأة محفوظه ابن الحلال بالدين الاسلامي الصحيح ... دينجية الوقت رجعوا المرأة لعصر الجاهليه وخلوها عبده للمجتمع الي خلقوا حررها الاسلام قبل اكثر ١٤٠٠ سنه,0,0.67,0.33,Ann1,1,3
ArMIS,train,427,حقوق المرأة محفوظه ابن الحلال بالدين الاسلامي الصحيح ... دينجية الوقت رجعوا المرأة لعصر الجاهليه وخلوها عبده للمجتمع الي خلقوا حررها الاسلام قبل اكثر ١٤٠٠ سنه,0,0.67,0.33,Ann2,0,3
ArMIS,train,427,حقوق المرأة محفوظه ابن الحلال بالدين الاسلامي الصحيح ... دينجية الوقت رجعوا المرأة لعصر الجاهليه وخلوها عبده للمجتمع الي خلقوا حررها الاسلام قبل اكثر ١٤٠٠ سنه,0,0.67,0.33,Ann3,0,3
ArMIS,train,428,أفا طلعتوا صايعات,1,0.33,0.67,Ann1,1,3
ArMIS,train,428,أفا طلعتوا صايعات,1,0.33,0.67,Ann2,1,3
ArMIS,train,428,أفا طلعتوا صايعات,1,0.33,0.67,Ann3,0,3
ArMIS,train,429,لقيت تجاوب بسالفه الابلاغ عالحسابات بلغت عحسابين نسويات وحده تسب الدين والثانيه تسمي التحرش بالاطفال ميول وقفلوا حساباتهم جميل صراحه لاتبخلون هالعينات النجسه اللي تسئ للدين تنشر عهرها بتويتر,0,1.0,0.0,Ann1,0,3
ArMIS,train,429,لقيت تجاوب بسالفه الابلاغ عالحسابات بلغت عحسابين نسويات وحده تسب الدين والثانيه تسمي التحرش بالاطفال ميول وقفلوا حساباتهم جميل صراحه لاتبخلون هالعينات النجسه اللي تسئ للدين تنشر عهرها بتويتر,0,1.0,0.0,Ann2,0,3
ArMIS,train,429,لقيت تجاوب بسالفه الابلاغ عالحسابات بلغت عحسابين نسويات وحده تسب الدين والثانيه تسمي التحرش بالاطفال ميول وقفلوا حساباتهم جميل صراحه لاتبخلون هالعينات النجسه اللي تسئ للدين تنشر عهرها بتويتر,0,1.0,0.0,Ann3,0,3
ArMIS,train,430,وين اكو زوج متسلط انتن متسلطات,1,0.33,0.67,Ann1,1,3
ArMIS,train,430,وين اكو زوج متسلط انتن متسلطات,1,0.33,0.67,Ann2,1,3
ArMIS,train,430,وين اكو زوج متسلط انتن متسلطات,1,0.33,0.67,Ann3,0,3
ArMIS,train,431,محد بينكر انه افضل واحد يجلد المتفصخات الا اسمتر وحش واقهر الفسويات,1,0.0,1.0,Ann1,1,3
ArMIS,train,431,محد بينكر انه افضل واحد يجلد المتفصخات الا اسمتر وحش واقهر الفسويات,1,0.0,1.0,Ann2,1,3
ArMIS,train,431,محد بينكر انه افضل واحد يجلد المتفصخات الا اسمتر وحش واقهر الفسويات,1,0.0,1.0,Ann3,1,3
ArMIS,train,432,شباب عبالهم البنات كلهن صايعات الا خواتهم العشره المبشرين بالجنه,0,1.0,0.0,Ann1,0,3
ArMIS,train,432,شباب عبالهم البنات كلهن صايعات الا خواتهم العشره المبشرين بالجنه,0,1.0,0.0,Ann2,0,3
ArMIS,train,432,شباب عبالهم البنات كلهن صايعات الا خواتهم العشره المبشرين بالجنه,0,1.0,0.0,Ann3,0,3
ArMIS,train,433,نصيحتي اقرا الادب العربي ماقبل الجاهليه ستجد ابيات شعرهم يخلد تاريخهم تذكر الامور اما قضية توريث النساء فطبيعي الرجال كانوا يموتوت بالحروب ولازم الواحد ياخذ نساء اخوه عنده يرعاهم وهي شيم العرب مافيها اهانه,0,1.0,0.0,Ann1,0,3
ArMIS,train,433,نصيحتي اقرا الادب العربي ماقبل الجاهليه ستجد ابيات شعرهم يخلد تاريخهم تذكر الامور اما قضية توريث النساء فطبيعي الرجال كانوا يموتوت بالحروب ولازم الواحد ياخذ نساء اخوه عنده يرعاهم وهي شيم العرب مافيها اهانه,0,1.0,0.0,Ann2,0,3
ArMIS,train,433,نصيحتي اقرا الادب العربي ماقبل الجاهليه ستجد ابيات شعرهم يخلد تاريخهم تذكر الامور اما قضية توريث النساء فطبيعي الرجال كانوا يموتوت بالحروب ولازم الواحد ياخذ نساء اخوه عنده يرعاهم وهي شيم العرب مافيها اهانه,0,1.0,0.0,Ann3,0,3
ArMIS,train,434,فجأة الدكتورة تقول تحطوا صور حريم سافرات إحنا بمحاضرة,0,0.67,0.33,Ann1,0,3
ArMIS,train,434,فجأة الدكتورة تقول تحطوا صور حريم سافرات إحنا بمحاضرة,0,0.67,0.33,Ann2,0,3
ArMIS,train,434,فجأة الدكتورة تقول تحطوا صور حريم سافرات إحنا بمحاضرة,0,0.67,0.33,Ann3,1,3
ArMIS,train,435,احترامي لإجابتك السائل يحتاج مستند تعميم إجابه طريق تغريده حسب أسمع أقرب الناس كثير مديرات المدارس متسلطات لذلك ينفع معها مثل الكلام,0,1.0,0.0,Ann1,0,3
ArMIS,train,435,احترامي لإجابتك السائل يحتاج مستند تعميم إجابه طريق تغريده حسب أسمع أقرب الناس كثير مديرات المدارس متسلطات لذلك ينفع معها مثل الكلام,0,1.0,0.0,Ann2,0,3
ArMIS,train,435,احترامي لإجابتك السائل يحتاج مستند تعميم إجابه طريق تغريده حسب أسمع أقرب الناس كثير مديرات المدارس متسلطات لذلك ينفع معها مثل الكلام,0,1.0,0.0,Ann3,0,3
ArMIS,train,436,المشكل ماكانش متحررات الجزائر,0,1.0,0.0,Ann1,0,3
ArMIS,train,436,المشكل ماكانش متحررات الجزائر,0,1.0,0.0,Ann2,0,3
ArMIS,train,436,المشكل ماكانش متحررات الجزائر,0,1.0,0.0,Ann3,0,3
ArMIS,train,437,أنواع العنف المرأة قدر جريمة,0,1.0,0.0,Ann1,0,3
ArMIS,train,437,أنواع العنف المرأة قدر جريمة,0,1.0,0.0,Ann2,0,3
ArMIS,train,437,أنواع العنف المرأة قدر جريمة,0,1.0,0.0,Ann3,0,3
ArMIS,train,438,طيب النسوية المساواه الحقوق حافظه فاهمه,0,1.0,0.0,Ann1,0,3
ArMIS,train,438,طيب النسوية المساواه الحقوق حافظه فاهمه,0,1.0,0.0,Ann2,0,3
ArMIS,train,438,طيب النسوية المساواه الحقوق حافظه فاهمه,0,1.0,0.0,Ann3,0,3
ArMIS,train,439,عاهرات مصريات هنديات رهف ابوها سعودي أصل مصري سمالوط طيب المصرية قلة الحفلات العري فبلدها رايحة تتعرى عندكم,1,0.0,1.0,Ann1,1,3
ArMIS,train,439,عاهرات مصريات هنديات رهف ابوها سعودي أصل مصري سمالوط طيب المصرية قلة الحفلات العري فبلدها رايحة تتعرى عندكم,1,0.0,1.0,Ann2,1,3
ArMIS,train,439,عاهرات مصريات هنديات رهف ابوها سعودي أصل مصري سمالوط طيب المصرية قلة الحفلات العري فبلدها رايحة تتعرى عندكم,1,0.0,1.0,Ann3,1,3
ArMIS,train,440,انا اليوم سافرات,0,1.0,0.0,Ann1,0,3
ArMIS,train,440,انا اليوم سافرات,0,1.0,0.0,Ann2,0,3
ArMIS,train,440,انا اليوم سافرات,0,1.0,0.0,Ann3,0,3
ArMIS,train,441,امسكي الخدمه انا قريت النسويات بدأ حملتهم الغرب وصل اطرافه لين كمامتك,0,1.0,0.0,Ann1,0,3
ArMIS,train,441,امسكي الخدمه انا قريت النسويات بدأ حملتهم الغرب وصل اطرافه لين كمامتك,0,1.0,0.0,Ann2,0,3
ArMIS,train,441,امسكي الخدمه انا قريت النسويات بدأ حملتهم الغرب وصل اطرافه لين كمامتك,0,1.0,0.0,Ann3,0,3
ArMIS,train,442,نشتي النواشط اليمن يناصرنه المنقبات اليهوديات حرام مايوقفن معاهن لانهن اصلا مضطهدات ويشتين يوقعين نواشط اعرافنا يابطله معروفه ولغيركم النساء عوره فقط شيئين الزوج القبر لانه اذا اعطيناكن الحرية ايوقعين مثلش صايعات قدها غريزه عندكن,1,0.0,1.0,Ann1,1,3
ArMIS,train,442,نشتي النواشط اليمن يناصرنه المنقبات اليهوديات حرام مايوقفن معاهن لانهن اصلا مضطهدات ويشتين يوقعين نواشط اعرافنا يابطله معروفه ولغيركم النساء عوره فقط شيئين الزوج القبر لانه اذا اعطيناكن الحرية ايوقعين مثلش صايعات قدها غريزه عندكن,1,0.0,1.0,Ann2,1,3
ArMIS,train,442,نشتي النواشط اليمن يناصرنه المنقبات اليهوديات حرام مايوقفن معاهن لانهن اصلا مضطهدات ويشتين يوقعين نواشط اعرافنا يابطله معروفه ولغيركم النساء عوره فقط شيئين الزوج القبر لانه اذا اعطيناكن الحرية ايوقعين مثلش صايعات قدها غريزه عندكن,1,0.0,1.0,Ann3,1,3
ArMIS,train,443,كان هدف النسويات القضاء أشكال القهر والظلم الواقع المرأة وكما قلت بعضهن عندما حصلوا حقوقهن نسوا بأن مقابل الحقوق واجبات فأصبحن يطالبن بإلغاء واجباتهن متناسين طبيعة المرأة الفكر الفسوي المتطرف للأسف بدأ يتوغل الى المجتمع العماني,1,0.33,0.67,Ann1,1,3
ArMIS,train,443,كان هدف النسويات القضاء أشكال القهر والظلم الواقع المرأة وكما قلت بعضهن عندما حصلوا حقوقهن نسوا بأن مقابل الحقوق واجبات فأصبحن يطالبن بإلغاء واجباتهن متناسين طبيعة المرأة الفكر الفسوي المتطرف للأسف بدأ يتوغل الى المجتمع العماني,1,0.33,0.67,Ann2,1,3
ArMIS,train,443,كان هدف النسويات القضاء أشكال القهر والظلم الواقع المرأة وكما قلت بعضهن عندما حصلوا حقوقهن نسوا بأن مقابل الحقوق واجبات فأصبحن يطالبن بإلغاء واجباتهن متناسين طبيعة المرأة الفكر الفسوي المتطرف للأسف بدأ يتوغل الى المجتمع العماني,1,0.33,0.67,Ann3,0,3
ArMIS,train,444,ذحين رجع لتربيتي ترى قاعد تدين نفسك زياده والله تربيتك شفتها محسب بنات الناس رخيصات وكلبات فلوس ويجرون ورى جوال,0,1.0,0.0,Ann1,0,3
ArMIS,train,444,ذحين رجع لتربيتي ترى قاعد تدين نفسك زياده والله تربيتك شفتها محسب بنات الناس رخيصات وكلبات فلوس ويجرون ورى جوال,0,1.0,0.0,Ann2,0,3
ArMIS,train,444,ذحين رجع لتربيتي ترى قاعد تدين نفسك زياده والله تربيتك شفتها محسب بنات الناس رخيصات وكلبات فلوس ويجرون ورى جوال,0,1.0,0.0,Ann3,0,3
ArMIS,train,445,ليش يعني النسويه امرآه يعني,0,1.0,0.0,Ann1,0,3
ArMIS,train,445,ليش يعني النسويه امرآه يعني,0,1.0,0.0,Ann2,0,3
ArMIS,train,445,ليش يعني النسويه امرآه يعني,0,1.0,0.0,Ann3,0,3
ArMIS,train,446,لقد قصر النساء الملاءة أصبعا أصبعا خرجن سافرات بالأكمام اليابانية وحتى اختلط الجامعات الفتيات المسلمات بنات الصالحين بالشباب الأجانب فلنرجع الصلاح خطوة خطوة وأصبعا أصبعا,0,0.67,0.33,Ann1,0,3
ArMIS,train,446,لقد قصر النساء الملاءة أصبعا أصبعا خرجن سافرات بالأكمام اليابانية وحتى اختلط الجامعات الفتيات المسلمات بنات الصالحين بالشباب الأجانب فلنرجع الصلاح خطوة خطوة وأصبعا أصبعا,0,0.67,0.33,Ann2,0,3
ArMIS,train,446,لقد قصر النساء الملاءة أصبعا أصبعا خرجن سافرات بالأكمام اليابانية وحتى اختلط الجامعات الفتيات المسلمات بنات الصالحين بالشباب الأجانب فلنرجع الصلاح خطوة خطوة وأصبعا أصبعا,0,0.67,0.33,Ann3,1,3
ArMIS,train,447,تخلف الدين الي الديه اذا اهل المقتول يبون قصاص ديه نسيت انتم نسويات تاخذون الي يعجبكم الي يمشي التطور الاشياء الثانيه تسحبون عليها,0,0.67,0.33,Ann1,1,3
ArMIS,train,447,تخلف الدين الي الديه اذا اهل المقتول يبون قصاص ديه نسيت انتم نسويات تاخذون الي يعجبكم الي يمشي التطور الاشياء الثانيه تسحبون عليها,0,0.67,0.33,Ann2,0,3
ArMIS,train,447,تخلف الدين الي الديه اذا اهل المقتول يبون قصاص ديه نسيت انتم نسويات تاخذون الي يعجبكم الي يمشي التطور الاشياء الثانيه تسحبون عليها,0,0.67,0.33,Ann3,0,3
ArMIS,train,448,دكتور ترى اغلب المسلمات السنيات والشيعيات سافرات يعني وجاي نشوفهم بالاسواق بغداد والمحافظات يعني ليش نريد نتهجم طبعا والله دفاعا الطالقاني لكونه معمم وانا الفكرة ليش منصير ريلاكس قليل ومو كلشي نستهجنه ونستنكره وندينه خلي نكون عاديين يعني,0,0.67,0.33,Ann1,0,3
ArMIS,train,448,دكتور ترى اغلب المسلمات السنيات والشيعيات سافرات يعني وجاي نشوفهم بالاسواق بغداد والمحافظات يعني ليش نريد نتهجم طبعا والله دفاعا الطالقاني لكونه معمم وانا الفكرة ليش منصير ريلاكس قليل ومو كلشي نستهجنه ونستنكره وندينه خلي نكون عاديين يعني,0,0.67,0.33,Ann2,1,3
ArMIS,train,448,دكتور ترى اغلب المسلمات السنيات والشيعيات سافرات يعني وجاي نشوفهم بالاسواق بغداد والمحافظات يعني ليش نريد نتهجم طبعا والله دفاعا الطالقاني لكونه معمم وانا الفكرة ليش منصير ريلاكس قليل ومو كلشي نستهجنه ونستنكره وندينه خلي نكون عاديين يعني,0,0.67,0.33,Ann3,0,3
ArMIS,train,449,كلكم رخيصات,1,0.0,1.0,Ann1,1,3
ArMIS,train,449,كلكم رخيصات,1,0.0,1.0,Ann2,1,3
ArMIS,train,449,كلكم رخيصات,1,0.0,1.0,Ann3,1,3
ArMIS,train,450,حريمنا الحمدلله ماقيدين بغطاء الوجه ليش تمثلونهم بالدعايات ماهم زباين اغلب اللي يشترون منكم الحمدلله سافرات فاعطوهم شوي اهتمام,0,0.67,0.33,Ann1,0,3
ArMIS,train,450,حريمنا الحمدلله ماقيدين بغطاء الوجه ليش تمثلونهم بالدعايات ماهم زباين اغلب اللي يشترون منكم الحمدلله سافرات فاعطوهم شوي اهتمام,0,0.67,0.33,Ann2,0,3
ArMIS,train,450,حريمنا الحمدلله ماقيدين بغطاء الوجه ليش تمثلونهم بالدعايات ماهم زباين اغلب اللي يشترون منكم الحمدلله سافرات فاعطوهم شوي اهتمام,0,0.67,0.33,Ann3,1,3
ArMIS,train,451,النسويات قليلات أدب وقحات سافلات منحطات كذابات بلا عقل بلا تربية ساقطات منحلات أخلاقي عاقات عاهات عبء المجتع مالهن هدف المجون الخلاعة وقلة الحيا قاتل الله نسوية حقيرة,1,0.0,1.0,Ann1,1,3
ArMIS,train,451,النسويات قليلات أدب وقحات سافلات منحطات كذابات بلا عقل بلا تربية ساقطات منحلات أخلاقي عاقات عاهات عبء المجتع مالهن هدف المجون الخلاعة وقلة الحيا قاتل الله نسوية حقيرة,1,0.0,1.0,Ann2,1,3
ArMIS,train,451,النسويات قليلات أدب وقحات سافلات منحطات كذابات بلا عقل بلا تربية ساقطات منحلات أخلاقي عاقات عاهات عبء المجتع مالهن هدف المجون الخلاعة وقلة الحيا قاتل الله نسوية حقيرة,1,0.0,1.0,Ann3,1,3
ArMIS,train,452,قلتي لحجية فسوية زبالة وسخة تربية شوارع مريضات بقرة وفي الآخر تقولين ألفاظهم وسخة وهم ماقالوا لفظ وسخ مجرد انتقدوا كلامك ألفاظهم وسخة انت ألفاظك الي قوسين فوق إيش تسمينها,0,1.0,0.0,Ann1,0,3
ArMIS,train,452,قلتي لحجية فسوية زبالة وسخة تربية شوارع مريضات بقرة وفي الآخر تقولين ألفاظهم وسخة وهم ماقالوا لفظ وسخ مجرد انتقدوا كلامك ألفاظهم وسخة انت ألفاظك الي قوسين فوق إيش تسمينها,0,1.0,0.0,Ann2,0,3
ArMIS,train,452,قلتي لحجية فسوية زبالة وسخة تربية شوارع مريضات بقرة وفي الآخر تقولين ألفاظهم وسخة وهم ماقالوا لفظ وسخ مجرد انتقدوا كلامك ألفاظهم وسخة انت ألفاظك الي قوسين فوق إيش تسمينها,0,1.0,0.0,Ann3,0,3
ArMIS,train,453,واحد يقول النساء فاسقات واحد وقاله طيب والانثى اللي جابتك وضعها ... عطاه اياها العيون منتصف الجبهه خله يستاهل,0,1.0,0.0,Ann1,0,3
ArMIS,train,453,واحد يقول النساء فاسقات واحد وقاله طيب والانثى اللي جابتك وضعها ... عطاه اياها العيون منتصف الجبهه خله يستاهل,0,1.0,0.0,Ann2,0,3
ArMIS,train,453,واحد يقول النساء فاسقات واحد وقاله طيب والانثى اللي جابتك وضعها ... عطاه اياها العيون منتصف الجبهه خله يستاهل,0,1.0,0.0,Ann3,0,3
ArMIS,train,454,تلاحظي اغلب الي يوقفوا مدعين الرجولة تبريرهم نسويات بنات محد يتسلط عليهم مرتاحات يعني بختصار منشعم ومنطم ببلاده احسن عاد يكفي الي نمر الله ياخذه يارب,0,1.0,0.0,Ann1,0,3
ArMIS,train,454,تلاحظي اغلب الي يوقفوا مدعين الرجولة تبريرهم نسويات بنات محد يتسلط عليهم مرتاحات يعني بختصار منشعم ومنطم ببلاده احسن عاد يكفي الي نمر الله ياخذه يارب,0,1.0,0.0,Ann2,0,3
ArMIS,train,454,تلاحظي اغلب الي يوقفوا مدعين الرجولة تبريرهم نسويات بنات محد يتسلط عليهم مرتاحات يعني بختصار منشعم ومنطم ببلاده احسن عاد يكفي الي نمر الله ياخذه يارب,0,1.0,0.0,Ann3,0,3
ArMIS,train,455,اسطوانة فارغة ومستهلكة وأسلوب نسوي لاستخدام الاحاديث والدين موضعهم ... والهدف تقديس الأنثى وكأنها آلهة فوق المجتمع والقانون كلامكم مكرر وسبق نسويات السعودية قالوه وفي النهاية شفنا النتيجة رهف القنون وغيرها ...,1,0.33,0.67,Ann1,1,3
ArMIS,train,455,اسطوانة فارغة ومستهلكة وأسلوب نسوي لاستخدام الاحاديث والدين موضعهم ... والهدف تقديس الأنثى وكأنها آلهة فوق المجتمع والقانون كلامكم مكرر وسبق نسويات السعودية قالوه وفي النهاية شفنا النتيجة رهف القنون وغيرها ...,1,0.33,0.67,Ann2,0,3
ArMIS,train,455,اسطوانة فارغة ومستهلكة وأسلوب نسوي لاستخدام الاحاديث والدين موضعهم ... والهدف تقديس الأنثى وكأنها آلهة فوق المجتمع والقانون كلامكم مكرر وسبق نسويات السعودية قالوه وفي النهاية شفنا النتيجة رهف القنون وغيرها ...,1,0.33,0.67,Ann3,1,3
ArMIS,train,456,بنات فلسطين مايطلعو بشعرهم سافرات بنات فلسطين محشومات ... الفخر بالاخلاق والعفه وليس بالنسب لوطن معين ...,0,0.67,0.33,Ann1,0,3
ArMIS,train,456,بنات فلسطين مايطلعو بشعرهم سافرات بنات فلسطين محشومات ... الفخر بالاخلاق والعفه وليس بالنسب لوطن معين ...,0,0.67,0.33,Ann2,0,3
ArMIS,train,456,بنات فلسطين مايطلعو بشعرهم سافرات بنات فلسطين محشومات ... الفخر بالاخلاق والعفه وليس بالنسب لوطن معين ...,0,0.67,0.33,Ann3,1,3
ArMIS,train,457,توظف سافرات ههه,1,0.33,0.67,Ann1,1,3
ArMIS,train,457,توظف سافرات ههه,1,0.33,0.67,Ann2,0,3
ArMIS,train,457,توظف سافرات ههه,1,0.33,0.67,Ann3,1,3
ArMIS,train,458,تخصص مسلمات جميلات متبرجات,0,0.67,0.33,Ann1,1,3
ArMIS,train,458,تخصص مسلمات جميلات متبرجات,0,0.67,0.33,Ann2,0,3
ArMIS,train,458,تخصص مسلمات جميلات متبرجات,0,0.67,0.33,Ann3,0,3
ArMIS,train,459,هالكائنات الوسخه خالد اللي تتباهى علينا وتشوفنا ناقصات عقل ودين اللي يقرأ كلامه يفهم خالد واشكاله بلا عقل دين مباديء أخلاق تربية كمان,0,1.0,0.0,Ann1,0,3
ArMIS,train,459,هالكائنات الوسخه خالد اللي تتباهى علينا وتشوفنا ناقصات عقل ودين اللي يقرأ كلامه يفهم خالد واشكاله بلا عقل دين مباديء أخلاق تربية كمان,0,1.0,0.0,Ann2,0,3
ArMIS,train,459,هالكائنات الوسخه خالد اللي تتباهى علينا وتشوفنا ناقصات عقل ودين اللي يقرأ كلامه يفهم خالد واشكاله بلا عقل دين مباديء أخلاق تربية كمان,0,1.0,0.0,Ann3,0,3
ArMIS,train,460,شوفتي الكلمة اللي قلتيها الله اكبر قدرتي تكتبيها اتحملي ذنبهم يوم القيامة اول شيء لانك هرجة فيهم ثاني شيء لانك ذميتيهم وحتى كانوا رخيصات فمهو حقك تهرجي خلق الله بالطريقة قولت القايل يرى الناس بعين طبعه ...,0,1.0,0.0,Ann1,0,3
ArMIS,train,460,شوفتي الكلمة اللي قلتيها الله اكبر قدرتي تكتبيها اتحملي ذنبهم يوم القيامة اول شيء لانك هرجة فيهم ثاني شيء لانك ذميتيهم وحتى كانوا رخيصات فمهو حقك تهرجي خلق الله بالطريقة قولت القايل يرى الناس بعين طبعه ...,0,1.0,0.0,Ann2,0,3
ArMIS,train,460,شوفتي الكلمة اللي قلتيها الله اكبر قدرتي تكتبيها اتحملي ذنبهم يوم القيامة اول شيء لانك هرجة فيهم ثاني شيء لانك ذميتيهم وحتى كانوا رخيصات فمهو حقك تهرجي خلق الله بالطريقة قولت القايل يرى الناس بعين طبعه ...,0,1.0,0.0,Ann3,0,3
ArMIS,train,461,حسب المنطق كلمه سافرات تعني كاشفات الرأس متفرعات لبسهن سافرات تعني محجبه وكاشفه وجهها يعني تخصنا المحجبات وجب التوضيح,0,1.0,0.0,Ann1,0,3
ArMIS,train,461,حسب المنطق كلمه سافرات تعني كاشفات الرأس متفرعات لبسهن سافرات تعني محجبه وكاشفه وجهها يعني تخصنا المحجبات وجب التوضيح,0,1.0,0.0,Ann2,0,3
ArMIS,train,461,حسب المنطق كلمه سافرات تعني كاشفات الرأس متفرعات لبسهن سافرات تعني محجبه وكاشفه وجهها يعني تخصنا المحجبات وجب التوضيح,0,1.0,0.0,Ann3,0,3
ArMIS,train,462,المناظر اسعدتني الصباح فتاة تقود السيارة بوالدها الكبير بالسن لشراء الافطار تخيلت السنين الماضية الاي نعت المرأة القيادة لحجج واهية وتافهة فقلت الحمد لله نعمت وتبا لكل كان السبب المنع سابقا,0,1.0,0.0,Ann1,0,3
ArMIS,train,462,المناظر اسعدتني الصباح فتاة تقود السيارة بوالدها الكبير بالسن لشراء الافطار تخيلت السنين الماضية الاي نعت المرأة القيادة لحجج واهية وتافهة فقلت الحمد لله نعمت وتبا لكل كان السبب المنع سابقا,0,1.0,0.0,Ann2,0,3
ArMIS,train,462,المناظر اسعدتني الصباح فتاة تقود السيارة بوالدها الكبير بالسن لشراء الافطار تخيلت السنين الماضية الاي نعت المرأة القيادة لحجج واهية وتافهة فقلت الحمد لله نعمت وتبا لكل كان السبب المنع سابقا,0,1.0,0.0,Ann3,0,3
ArMIS,train,463,حريم متمردات والعياذ بالله,1,0.0,1.0,Ann1,1,3
ArMIS,train,463,حريم متمردات والعياذ بالله,1,0.0,1.0,Ann2,1,3
ArMIS,train,463,حريم متمردات والعياذ بالله,1,0.0,1.0,Ann3,1,3
ArMIS,train,464,كتاب دين الرجل الشرقي رأى منكم منكرا فليغيره بيده ناقصات عقل دين الرجال قوامون النساء,0,0.67,0.33,Ann1,0,3
ArMIS,train,464,كتاب دين الرجل الشرقي رأى منكم منكرا فليغيره بيده ناقصات عقل دين الرجال قوامون النساء,0,0.67,0.33,Ann2,0,3
ArMIS,train,464,كتاب دين الرجل الشرقي رأى منكم منكرا فليغيره بيده ناقصات عقل دين الرجال قوامون النساء,0,0.67,0.33,Ann3,1,3
ArMIS,train,465,استطيع الا اقول ويا البسمه كانت الاحساس وياليت الدنيا خانتني وكل الناس خنتي هواي انتي قلتي أمان الله عشان تعرفون ليش انتو يالنساء ودي اقول ناقصات دين وعقل طلعتو اخس,1,0.0,1.0,Ann1,1,3
ArMIS,train,465,استطيع الا اقول ويا البسمه كانت الاحساس وياليت الدنيا خانتني وكل الناس خنتي هواي انتي قلتي أمان الله عشان تعرفون ليش انتو يالنساء ودي اقول ناقصات دين وعقل طلعتو اخس,1,0.0,1.0,Ann2,1,3
ArMIS,train,465,استطيع الا اقول ويا البسمه كانت الاحساس وياليت الدنيا خانتني وكل الناس خنتي هواي انتي قلتي أمان الله عشان تعرفون ليش انتو يالنساء ودي اقول ناقصات دين وعقل طلعتو اخس,1,0.0,1.0,Ann3,1,3
ArMIS,train,466,لقد افتضح المجتمع الدولي أمام شعوب العالم يدعيه انه الراعي للحقوق الانسان والطفل والمرأة والديمقراطية وحريةالتعبير والسلام كلها زيف وتضليل وخداع الشعوب فقد رأينا وشاهدنا المجمتع الدولي يقف يقتل المرأة والطفل ويقف عائقا الشعوب المتحررة ظلم وطغيان حكامها,0,1.0,0.0,Ann1,0,3
ArMIS,train,466,لقد افتضح المجتمع الدولي أمام شعوب العالم يدعيه انه الراعي للحقوق الانسان والطفل والمرأة والديمقراطية وحريةالتعبير والسلام كلها زيف وتضليل وخداع الشعوب فقد رأينا وشاهدنا المجمتع الدولي يقف يقتل المرأة والطفل ويقف عائقا الشعوب المتحررة ظلم وطغيان حكامها,0,1.0,0.0,Ann2,0,3
ArMIS,train,466,لقد افتضح المجتمع الدولي أمام شعوب العالم يدعيه انه الراعي للحقوق الانسان والطفل والمرأة والديمقراطية وحريةالتعبير والسلام كلها زيف وتضليل وخداع الشعوب فقد رأينا وشاهدنا المجمتع الدولي يقف يقتل المرأة والطفل ويقف عائقا الشعوب المتحررة ظلم وطغيان حكامها,0,1.0,0.0,Ann3,0,3
ArMIS,train,467,هدف الجمعيات الخلاف الرجل وزوجته وتمردها والهدف الأساسي بعثرة الأسرة وإفساد المجتمع لأن المرأة الصالحة تبني الأسرة الصالحه بمساعدة الأسرة وبيئة البيت المستقر أعداء الأسرة والدولة السعودية تسعى للإفساد خلال عناصر خارجية تعاونت فاسدات الداخل,0,0.67,0.33,Ann1,0,3
ArMIS,train,467,هدف الجمعيات الخلاف الرجل وزوجته وتمردها والهدف الأساسي بعثرة الأسرة وإفساد المجتمع لأن المرأة الصالحة تبني الأسرة الصالحه بمساعدة الأسرة وبيئة البيت المستقر أعداء الأسرة والدولة السعودية تسعى للإفساد خلال عناصر خارجية تعاونت فاسدات الداخل,0,0.67,0.33,Ann2,0,3
ArMIS,train,467,هدف الجمعيات الخلاف الرجل وزوجته وتمردها والهدف الأساسي بعثرة الأسرة وإفساد المجتمع لأن المرأة الصالحة تبني الأسرة الصالحه بمساعدة الأسرة وبيئة البيت المستقر أعداء الأسرة والدولة السعودية تسعى للإفساد خلال عناصر خارجية تعاونت فاسدات الداخل,0,0.67,0.33,Ann3,1,3
ArMIS,train,468,ياااوك يالأسلوب النسويات بطلوه زمان,0,1.0,0.0,Ann1,0,3
ArMIS,train,468,ياااوك يالأسلوب النسويات بطلوه زمان,0,1.0,0.0,Ann2,0,3
ArMIS,train,468,ياااوك يالأسلوب النسويات بطلوه زمان,0,1.0,0.0,Ann3,0,3
ArMIS,train,469,المرأة مصدر التطور لأي مجتمع نصف المجتمع وهن مربيات الأجيال المرأة أثبتت عبر التاريخ دورها البارز والفعال قيادة التغير وصنع القرار المملكة انطلقت رحلة إصلاحية مسبوقة لتمكين المرأة ودعم مشاركتها التنمية الوطنية,0,1.0,0.0,Ann1,0,3
ArMIS,train,469,المرأة مصدر التطور لأي مجتمع نصف المجتمع وهن مربيات الأجيال المرأة أثبتت عبر التاريخ دورها البارز والفعال قيادة التغير وصنع القرار المملكة انطلقت رحلة إصلاحية مسبوقة لتمكين المرأة ودعم مشاركتها التنمية الوطنية,0,1.0,0.0,Ann2,0,3
ArMIS,train,469,المرأة مصدر التطور لأي مجتمع نصف المجتمع وهن مربيات الأجيال المرأة أثبتت عبر التاريخ دورها البارز والفعال قيادة التغير وصنع القرار المملكة انطلقت رحلة إصلاحية مسبوقة لتمكين المرأة ودعم مشاركتها التنمية الوطنية,0,1.0,0.0,Ann3,0,3
ArMIS,train,470,يطالبون باسقاط الولاية انفسهم يتحكمون باعيالهم اذا كانوا اعيال,0,0.67,0.33,Ann1,1,3
ArMIS,train,470,يطالبون باسقاط الولاية انفسهم يتحكمون باعيالهم اذا كانوا اعيال,0,0.67,0.33,Ann2,0,3
ArMIS,train,470,يطالبون باسقاط الولاية انفسهم يتحكمون باعيالهم اذا كانوا اعيال,0,0.67,0.33,Ann3,0,3
ArMIS,train,471,بكل النساء تدعا نساءا مقاومات وهناك عاهرات الف تحية إجلال واحترام للمقاومات,1,0.33,0.67,Ann1,1,3
ArMIS,train,471,بكل النساء تدعا نساءا مقاومات وهناك عاهرات الف تحية إجلال واحترام للمقاومات,1,0.33,0.67,Ann2,1,3
ArMIS,train,471,بكل النساء تدعا نساءا مقاومات وهناك عاهرات الف تحية إجلال واحترام للمقاومات,1,0.33,0.67,Ann3,0,3
ArMIS,train,472,ماشاء الله واثق وانت كاتب الكلام مجرد صاحب البشت قام يلعلع بدون محاكمه دليلك ياصايد الاستغلال الغبي والله انت تستغل حقوق المراه اصل واساس صوت المراه ورمز طبعا طالما واجههت موباقي الا عاجز نقد البنزين مثلا ينتقدها هزلت,0,1.0,0.0,Ann1,0,3
ArMIS,train,472,ماشاء الله واثق وانت كاتب الكلام مجرد صاحب البشت قام يلعلع بدون محاكمه دليلك ياصايد الاستغلال الغبي والله انت تستغل حقوق المراه اصل واساس صوت المراه ورمز طبعا طالما واجههت موباقي الا عاجز نقد البنزين مثلا ينتقدها هزلت,0,1.0,0.0,Ann2,0,3
ArMIS,train,472,ماشاء الله واثق وانت كاتب الكلام مجرد صاحب البشت قام يلعلع بدون محاكمه دليلك ياصايد الاستغلال الغبي والله انت تستغل حقوق المراه اصل واساس صوت المراه ورمز طبعا طالما واجههت موباقي الا عاجز نقد البنزين مثلا ينتقدها هزلت,0,1.0,0.0,Ann3,0,3
ArMIS,train,473,أتمنى ليلى النجار تتخذ الإجراءات اللازمة تجاه العنف المرأة,0,1.0,0.0,Ann1,0,3
ArMIS,train,473,أتمنى ليلى النجار تتخذ الإجراءات اللازمة تجاه العنف المرأة,0,1.0,0.0,Ann2,0,3
ArMIS,train,473,أتمنى ليلى النجار تتخذ الإجراءات اللازمة تجاه العنف المرأة,0,1.0,0.0,Ann3,0,3
ArMIS,train,474,violence against women problem that unfortunately continues every day and must strive stop this problem العنف المرأة مشكلة للأسف تحدث يوم ويجب علينا نسعي جاهدين لتوقف المشكلة,0,1.0,0.0,Ann1,0,3
ArMIS,train,474,violence against women problem that unfortunately continues every day and must strive stop this problem العنف المرأة مشكلة للأسف تحدث يوم ويجب علينا نسعي جاهدين لتوقف المشكلة,0,1.0,0.0,Ann2,0,3
ArMIS,train,474,violence against women problem that unfortunately continues every day and must strive stop this problem العنف المرأة مشكلة للأسف تحدث يوم ويجب علينا نسعي جاهدين لتوقف المشكلة,0,1.0,0.0,Ann3,0,3
ArMIS,train,475,النساء الحاصلات حقوقهم فاسدات وحقيرات ورخيصات ترخص جميع النساء لرفع شأنها الذكور,1,0.33,0.67,Ann1,1,3
ArMIS,train,475,النساء الحاصلات حقوقهم فاسدات وحقيرات ورخيصات ترخص جميع النساء لرفع شأنها الذكور,1,0.33,0.67,Ann2,1,3
ArMIS,train,475,النساء الحاصلات حقوقهم فاسدات وحقيرات ورخيصات ترخص جميع النساء لرفع شأنها الذكور,1,0.33,0.67,Ann3,0,3
ArMIS,train,476,وضعها مثل وضع رشا حريم ماعندهن والي رجال صايعات,0,0.67,0.33,Ann1,1,3
ArMIS,train,476,وضعها مثل وضع رشا حريم ماعندهن والي رجال صايعات,0,0.67,0.33,Ann2,0,3
ArMIS,train,476,وضعها مثل وضع رشا حريم ماعندهن والي رجال صايعات,0,0.67,0.33,Ann3,0,3
ArMIS,train,477,تقولي الكل لانه بنات وقحات واخس الشباب يستوي نعمم عالكل,1,0.33,0.67,Ann1,1,3
ArMIS,train,477,تقولي الكل لانه بنات وقحات واخس الشباب يستوي نعمم عالكل,1,0.33,0.67,Ann2,1,3
ArMIS,train,477,تقولي الكل لانه بنات وقحات واخس الشباب يستوي نعمم عالكل,1,0.33,0.67,Ann3,0,3
ArMIS,train,478,ههه أولا الحديث ضعيف روح ابحث عنها وثانيا عندنا عاطفية أكبر الرجل لان نتبع قلبنا شهوتنا وثالثا دخل العاطفية النقص واذا ناقصات عقل دين فعلا يحق لله يعاقبنا عقاب الرجل شخص كامل يعني عقابنا يكون أخف أخف تقول النساء بالنار تناقض,0,1.0,0.0,Ann1,0,3
ArMIS,train,478,ههه أولا الحديث ضعيف روح ابحث عنها وثانيا عندنا عاطفية أكبر الرجل لان نتبع قلبنا شهوتنا وثالثا دخل العاطفية النقص واذا ناقصات عقل دين فعلا يحق لله يعاقبنا عقاب الرجل شخص كامل يعني عقابنا يكون أخف أخف تقول النساء بالنار تناقض,0,1.0,0.0,Ann2,0,3
ArMIS,train,478,ههه أولا الحديث ضعيف روح ابحث عنها وثانيا عندنا عاطفية أكبر الرجل لان نتبع قلبنا شهوتنا وثالثا دخل العاطفية النقص واذا ناقصات عقل دين فعلا يحق لله يعاقبنا عقاب الرجل شخص كامل يعني عقابنا يكون أخف أخف تقول النساء بالنار تناقض,0,1.0,0.0,Ann3,0,3
ArMIS,train,479,كلام مظبوط مايمنعش متمردات كافرات العشير,0,0.67,0.33,Ann1,0,3
ArMIS,train,479,كلام مظبوط مايمنعش متمردات كافرات العشير,0,0.67,0.33,Ann2,1,3
ArMIS,train,479,كلام مظبوط مايمنعش متمردات كافرات العشير,0,0.67,0.33,Ann3,0,3
ArMIS,train,480,عاد والله البلديات محترمات متمردات عندهم غلاء المهور هاي طتك وانت اختيارك أمل نلاقيلك راقية بنت حلال قريب,0,0.67,0.33,Ann1,0,3
ArMIS,train,480,عاد والله البلديات محترمات متمردات عندهم غلاء المهور هاي طتك وانت اختيارك أمل نلاقيلك راقية بنت حلال قريب,0,0.67,0.33,Ann2,0,3
ArMIS,train,480,عاد والله البلديات محترمات متمردات عندهم غلاء المهور هاي طتك وانت اختيارك أمل نلاقيلك راقية بنت حلال قريب,0,0.67,0.33,Ann3,1,3
ArMIS,train,481,مساكين البنات اذا ضحكنا قالوا قليلات أدب اذا بكينا قالوا دلوعات واذا تكلمنا قالوا لسان طويل واذا سكتنا قالوا ضعيفة شخصيه واذا قعدنا بالبيت قالوا معقدات واذا طلعنا قالوا صايعات نروح نموت احسن المشكله بيقولوا المسكينه انتحرت اكيد كانت تحب,0,1.0,0.0,Ann1,0,3
ArMIS,train,481,مساكين البنات اذا ضحكنا قالوا قليلات أدب اذا بكينا قالوا دلوعات واذا تكلمنا قالوا لسان طويل واذا سكتنا قالوا ضعيفة شخصيه واذا قعدنا بالبيت قالوا معقدات واذا طلعنا قالوا صايعات نروح نموت احسن المشكله بيقولوا المسكينه انتحرت اكيد كانت تحب,0,1.0,0.0,Ann2,0,3
ArMIS,train,481,مساكين البنات اذا ضحكنا قالوا قليلات أدب اذا بكينا قالوا دلوعات واذا تكلمنا قالوا لسان طويل واذا سكتنا قالوا ضعيفة شخصيه واذا قعدنا بالبيت قالوا معقدات واذا طلعنا قالوا صايعات نروح نموت احسن المشكله بيقولوا المسكينه انتحرت اكيد كانت تحب,0,1.0,0.0,Ann3,0,3
ArMIS,train,482,المرأة الكاملة المثقفة الواعية ارقى انها تتكلم بهذا الاسلوب الغبي الوضيع النسوية قوة عقلية وليست شذوذ فكري مريضة ابشرك انك اقنعتيني زيادة فأة تنطبق عليهم ناقصات عقل ودين بالحرف الواحد اشكالك تستحقون اللقب بجدارة,1,0.33,0.67,Ann1,1,3
ArMIS,train,482,المرأة الكاملة المثقفة الواعية ارقى انها تتكلم بهذا الاسلوب الغبي الوضيع النسوية قوة عقلية وليست شذوذ فكري مريضة ابشرك انك اقنعتيني زيادة فأة تنطبق عليهم ناقصات عقل ودين بالحرف الواحد اشكالك تستحقون اللقب بجدارة,1,0.33,0.67,Ann2,1,3
ArMIS,train,482,المرأة الكاملة المثقفة الواعية ارقى انها تتكلم بهذا الاسلوب الغبي الوضيع النسوية قوة عقلية وليست شذوذ فكري مريضة ابشرك انك اقنعتيني زيادة فأة تنطبق عليهم ناقصات عقل ودين بالحرف الواحد اشكالك تستحقون اللقب بجدارة,1,0.33,0.67,Ann3,0,3
ArMIS,train,483,لاحول قوة الا بالله العلي العظيم اصبحو البنات منحطات وهم بالهم انهم بالنقاب والعبايه ساتره نفسها الله يسترنا بستره والله الوضع ماعاد يحتمل,0,0.67,0.33,Ann1,0,3
ArMIS,train,483,لاحول قوة الا بالله العلي العظيم اصبحو البنات منحطات وهم بالهم انهم بالنقاب والعبايه ساتره نفسها الله يسترنا بستره والله الوضع ماعاد يحتمل,0,0.67,0.33,Ann2,1,3
ArMIS,train,483,لاحول قوة الا بالله العلي العظيم اصبحو البنات منحطات وهم بالهم انهم بالنقاب والعبايه ساتره نفسها الله يسترنا بستره والله الوضع ماعاد يحتمل,0,0.67,0.33,Ann3,0,3
ArMIS,train,484,انقلعي تكفين تتكلمي اعراض الناس وتقولي رخيصات تشوفي نفسك,0,0.67,0.33,Ann1,0,3
ArMIS,train,484,انقلعي تكفين تتكلمي اعراض الناس وتقولي رخيصات تشوفي نفسك,0,0.67,0.33,Ann2,0,3
ArMIS,train,484,انقلعي تكفين تتكلمي اعراض الناس وتقولي رخيصات تشوفي نفسك,0,0.67,0.33,Ann3,1,3
ArMIS,train,485,يعمل بمذهب أهل الكوفة النبيذ وأهل المدينة السماع وأهل مكة المتعة لكان فاسقا وقال معمر رجلا يأخذ بقول أهل المدينة السماع يعني الغناء وإتيان النساء أدبارهن وبقول أهل مكة المتعة والصرف وبقول أهل الكوفة المسكر كان أشر عباد الله تعالى,0,1.0,0.0,Ann1,0,3
ArMIS,train,485,يعمل بمذهب أهل الكوفة النبيذ وأهل المدينة السماع وأهل مكة المتعة لكان فاسقا وقال معمر رجلا يأخذ بقول أهل المدينة السماع يعني الغناء وإتيان النساء أدبارهن وبقول أهل مكة المتعة والصرف وبقول أهل الكوفة المسكر كان أشر عباد الله تعالى,0,1.0,0.0,Ann2,0,3
ArMIS,train,485,يعمل بمذهب أهل الكوفة النبيذ وأهل المدينة السماع وأهل مكة المتعة لكان فاسقا وقال معمر رجلا يأخذ بقول أهل المدينة السماع يعني الغناء وإتيان النساء أدبارهن وبقول أهل مكة المتعة والصرف وبقول أهل الكوفة المسكر كان أشر عباد الله تعالى,0,1.0,0.0,Ann3,0,3
ArMIS,train,486,انا مشرفي لطيف وخفيف الظل وراقي تعامله الجميع فلذلك نعمل باريحية تامة وايضا عندنا قائد ممتاز جدا وراقي التعامل فالله يعينكم يالمعلمات صحيح عندكم المشرفات متسلطات للاسف,0,0.67,0.33,Ann1,1,3
ArMIS,train,486,انا مشرفي لطيف وخفيف الظل وراقي تعامله الجميع فلذلك نعمل باريحية تامة وايضا عندنا قائد ممتاز جدا وراقي التعامل فالله يعينكم يالمعلمات صحيح عندكم المشرفات متسلطات للاسف,0,0.67,0.33,Ann2,0,3
ArMIS,train,486,انا مشرفي لطيف وخفيف الظل وراقي تعامله الجميع فلذلك نعمل باريحية تامة وايضا عندنا قائد ممتاز جدا وراقي التعامل فالله يعينكم يالمعلمات صحيح عندكم المشرفات متسلطات للاسف,0,0.67,0.33,Ann3,0,3
ArMIS,train,487,شفت كلام الذكوريين بحسابات الدعم انهم يبون نكون محاميات وقاضيات لأن اغلبنا نسويات وراح ندعسهم,0,1.0,0.0,Ann1,0,3
ArMIS,train,487,شفت كلام الذكوريين بحسابات الدعم انهم يبون نكون محاميات وقاضيات لأن اغلبنا نسويات وراح ندعسهم,0,1.0,0.0,Ann2,0,3
ArMIS,train,487,شفت كلام الذكوريين بحسابات الدعم انهم يبون نكون محاميات وقاضيات لأن اغلبنا نسويات وراح ندعسهم,0,1.0,0.0,Ann3,0,3
ArMIS,train,488,سوء الاستخدام بهذا الغموض علاقة بمداراة مشاعر النساء يكون تحريف مراد النصوص الشرعية ذكرها سياقها كمن يقول النساء بلا عقل دين يستدل بحديث ناقصات عقل دين مراد النص الشرعي سياقه,0,1.0,0.0,Ann1,0,3
ArMIS,train,488,سوء الاستخدام بهذا الغموض علاقة بمداراة مشاعر النساء يكون تحريف مراد النصوص الشرعية ذكرها سياقها كمن يقول النساء بلا عقل دين يستدل بحديث ناقصات عقل دين مراد النص الشرعي سياقه,0,1.0,0.0,Ann2,0,3
ArMIS,train,488,سوء الاستخدام بهذا الغموض علاقة بمداراة مشاعر النساء يكون تحريف مراد النصوص الشرعية ذكرها سياقها كمن يقول النساء بلا عقل دين يستدل بحديث ناقصات عقل دين مراد النص الشرعي سياقه,0,1.0,0.0,Ann3,0,3
ArMIS,train,489,ماهي مسألة نسويات اتوقع ماهو متحكم انتخاب طبيعي لازم يحصل عشان التطور يهم زعلنا الحاصل,0,1.0,0.0,Ann1,0,3
ArMIS,train,489,ماهي مسألة نسويات اتوقع ماهو متحكم انتخاب طبيعي لازم يحصل عشان التطور يهم زعلنا الحاصل,0,1.0,0.0,Ann2,0,3
ArMIS,train,489,ماهي مسألة نسويات اتوقع ماهو متحكم انتخاب طبيعي لازم يحصل عشان التطور يهم زعلنا الحاصل,0,1.0,0.0,Ann3,0,3
ArMIS,train,490,فكر الفسويات يبررون لنفسهم تبرجهم حجه كانت وهم الي يدعموها ويصرفون عليها,1,0.0,1.0,Ann1,1,3
ArMIS,train,490,فكر الفسويات يبررون لنفسهم تبرجهم حجه كانت وهم الي يدعموها ويصرفون عليها,1,0.0,1.0,Ann2,1,3
ArMIS,train,490,فكر الفسويات يبررون لنفسهم تبرجهم حجه كانت وهم الي يدعموها ويصرفون عليها,1,0.0,1.0,Ann3,1,3
ArMIS,train,491,ابشرك نسويات كثر النمل تقلصو شافو العالم فضيحتهم وفكرهم المنحط,1,0.33,0.67,Ann1,1,3
ArMIS,train,491,ابشرك نسويات كثر النمل تقلصو شافو العالم فضيحتهم وفكرهم المنحط,1,0.33,0.67,Ann2,0,3
ArMIS,train,491,ابشرك نسويات كثر النمل تقلصو شافو العالم فضيحتهم وفكرهم المنحط,1,0.33,0.67,Ann3,1,3
ArMIS,train,492,بكلامه يوصف وضعه الدين ياخذ الأحاديث اللي تمس النساء الآيات والأحاديث اللي تنهى القذف وسوء الظن يشوفها,0,1.0,0.0,Ann1,0,3
ArMIS,train,492,بكلامه يوصف وضعه الدين ياخذ الأحاديث اللي تمس النساء الآيات والأحاديث اللي تنهى القذف وسوء الظن يشوفها,0,1.0,0.0,Ann2,0,3
ArMIS,train,492,بكلامه يوصف وضعه الدين ياخذ الأحاديث اللي تمس النساء الآيات والأحاديث اللي تنهى القذف وسوء الظن يشوفها,0,1.0,0.0,Ann3,0,3
ArMIS,train,493,الحين يجونك النسويات ويشغلونا الله ياخذهم,1,0.0,1.0,Ann1,1,3
ArMIS,train,493,الحين يجونك النسويات ويشغلونا الله ياخذهم,1,0.0,1.0,Ann2,1,3
ArMIS,train,493,الحين يجونك النسويات ويشغلونا الله ياخذهم,1,0.0,1.0,Ann3,1,3
ArMIS,train,494,عرفتهن فاسدات تجربة خاصة,0,1.0,0.0,Ann1,0,3
ArMIS,train,494,عرفتهن فاسدات تجربة خاصة,0,1.0,0.0,Ann2,0,3
ArMIS,train,494,عرفتهن فاسدات تجربة خاصة,0,1.0,0.0,Ann3,0,3
ArMIS,train,495,الله يلعن تويتر ويلعن النسويات خربوا البنات وتفكيرهم اشوف قروب الشعبه نقاشات غبيه وافكار محرمه واشياء كثثثير تخوف مره,1,0.0,1.0,Ann1,1,3
ArMIS,train,495,الله يلعن تويتر ويلعن النسويات خربوا البنات وتفكيرهم اشوف قروب الشعبه نقاشات غبيه وافكار محرمه واشياء كثثثير تخوف مره,1,0.0,1.0,Ann2,1,3
ArMIS,train,495,الله يلعن تويتر ويلعن النسويات خربوا البنات وتفكيرهم اشوف قروب الشعبه نقاشات غبيه وافكار محرمه واشياء كثثثير تخوف مره,1,0.0,1.0,Ann3,1,3
ArMIS,train,496,نبي الكلمه فعلا كثير النساء ناقصات عقل مثل الي تعمم انتي زيها انتي ناقصه عقل,1,0.0,1.0,Ann1,1,3
ArMIS,train,496,نبي الكلمه فعلا كثير النساء ناقصات عقل مثل الي تعمم انتي زيها انتي ناقصه عقل,1,0.0,1.0,Ann2,1,3
ArMIS,train,496,نبي الكلمه فعلا كثير النساء ناقصات عقل مثل الي تعمم انتي زيها انتي ناقصه عقل,1,0.0,1.0,Ann3,1,3
ArMIS,train,497,فعلا فضفضة نسوان وهذا زمن النسوان قال النبي السلام أطلعت النار فرأيت أهل النار النساء الوظيفة للنساء الزمان فهي فتنة الزمان,1,0.0,1.0,Ann1,1,3
ArMIS,train,497,فعلا فضفضة نسوان وهذا زمن النسوان قال النبي السلام أطلعت النار فرأيت أهل النار النساء الوظيفة للنساء الزمان فهي فتنة الزمان,1,0.0,1.0,Ann2,1,3
ArMIS,train,497,فعلا فضفضة نسوان وهذا زمن النسوان قال النبي السلام أطلعت النار فرأيت أهل النار النساء الوظيفة للنساء الزمان فهي فتنة الزمان,1,0.0,1.0,Ann3,1,3
ArMIS,train,498, الفسويات النسويات,1,0.33,0.67,Ann1,1,3
ArMIS,train,498, الفسويات النسويات,1,0.33,0.67,Ann2,0,3
ArMIS,train,498, الفسويات النسويات,1,0.33,0.67,Ann3,1,3
ArMIS,train,499,قوله ناقصات عقل ودين استنقاص مفهوم بالك وان تدركه أبدا طالما انك بلا عقل دين,0,1.0,0.0,Ann1,0,3
ArMIS,train,499,قوله ناقصات عقل ودين استنقاص مفهوم بالك وان تدركه أبدا طالما انك بلا عقل دين,0,1.0,0.0,Ann2,0,3
ArMIS,train,499,قوله ناقصات عقل ودين استنقاص مفهوم بالك وان تدركه أبدا طالما انك بلا عقل دين,0,1.0,0.0,Ann3,0,3
ArMIS,train,500,والتعميم لغة الجهلاء وكما قلت سابقا المحليات فاسدات معظمهن ربما والحل بأخد أجنبية فالصلاح مكان تتفاوت نسبه مكان لمكان الطبيعي قلت الخير الزمان يبقى موجودا فالتعميم ظلم للصالحات,0,1.0,0.0,Ann1,0,3
ArMIS,train,500,والتعميم لغة الجهلاء وكما قلت سابقا المحليات فاسدات معظمهن ربما والحل بأخد أجنبية فالصلاح مكان تتفاوت نسبه مكان لمكان الطبيعي قلت الخير الزمان يبقى موجودا فالتعميم ظلم للصالحات,0,1.0,0.0,Ann2,0,3
ArMIS,train,500,والتعميم لغة الجهلاء وكما قلت سابقا المحليات فاسدات معظمهن ربما والحل بأخد أجنبية فالصلاح مكان تتفاوت نسبه مكان لمكان الطبيعي قلت الخير الزمان يبقى موجودا فالتعميم ظلم للصالحات,0,1.0,0.0,Ann3,0,3
ArMIS,train,501,الردود الذكوريه الخارجه الأدب العام ممكن تعبرو روح النكته البذيئه اصحابكم الاستراحه اما السوشيال ميديا يقرأ بنات سيدات الالفاظ حقك خفة وقاحه تربيه شوارع فقط,0,1.0,0.0,Ann1,0,3
ArMIS,train,501,الردود الذكوريه الخارجه الأدب العام ممكن تعبرو روح النكته البذيئه اصحابكم الاستراحه اما السوشيال ميديا يقرأ بنات سيدات الالفاظ حقك خفة وقاحه تربيه شوارع فقط,0,1.0,0.0,Ann2,0,3
ArMIS,train,501,الردود الذكوريه الخارجه الأدب العام ممكن تعبرو روح النكته البذيئه اصحابكم الاستراحه اما السوشيال ميديا يقرأ بنات سيدات الالفاظ حقك خفة وقاحه تربيه شوارع فقط,0,1.0,0.0,Ann3,0,3
ArMIS,train,502,التايم كله عباره تشامبيونز والاستاذة بتتكلم النسوية ومبدأ المساواة وحرية المرأة ومصدعانه شيخه اتنيلي,1,0.33,0.67,Ann1,1,3
ArMIS,train,502,التايم كله عباره تشامبيونز والاستاذة بتتكلم النسوية ومبدأ المساواة وحرية المرأة ومصدعانه شيخه اتنيلي,1,0.33,0.67,Ann2,0,3
ArMIS,train,502,التايم كله عباره تشامبيونز والاستاذة بتتكلم النسوية ومبدأ المساواة وحرية المرأة ومصدعانه شيخه اتنيلي,1,0.33,0.67,Ann3,1,3
ArMIS,train,503,بالعكس الامعات الي مثلك وشرواك نساء صالحات عفيفات انا اعلمك لصالحك الظاهر ماعندك الا لغة السب هند القحطاني وامثالها يؤيدها فاسقات فاسدات حقيرات,1,0.0,1.0,Ann1,1,3
ArMIS,train,503,بالعكس الامعات الي مثلك وشرواك نساء صالحات عفيفات انا اعلمك لصالحك الظاهر ماعندك الا لغة السب هند القحطاني وامثالها يؤيدها فاسقات فاسدات حقيرات,1,0.0,1.0,Ann2,1,3
ArMIS,train,503,بالعكس الامعات الي مثلك وشرواك نساء صالحات عفيفات انا اعلمك لصالحك الظاهر ماعندك الا لغة السب هند القحطاني وامثالها يؤيدها فاسقات فاسدات حقيرات,1,0.0,1.0,Ann3,1,3
ArMIS,train,504,الزوج يتعامل زوجته بالقهر يستطيع كسب قلبها ولائها وسيفقد محبتها ومرحمتها ومودتها وكونها سكن ننسى نساء متمردات يصونن النعم يعشن فيتعمدن خراب بيوتهن بأيديهن,0,0.67,0.33,Ann1,0,3
ArMIS,train,504,الزوج يتعامل زوجته بالقهر يستطيع كسب قلبها ولائها وسيفقد محبتها ومرحمتها ومودتها وكونها سكن ننسى نساء متمردات يصونن النعم يعشن فيتعمدن خراب بيوتهن بأيديهن,0,0.67,0.33,Ann2,1,3
ArMIS,train,504,الزوج يتعامل زوجته بالقهر يستطيع كسب قلبها ولائها وسيفقد محبتها ومرحمتها ومودتها وكونها سكن ننسى نساء متمردات يصونن النعم يعشن فيتعمدن خراب بيوتهن بأيديهن,0,0.67,0.33,Ann3,0,3
ArMIS,train,505,بنات ساقطات يبحثن مال بكافة الطرق الغير شريفه ليله حضن رجل آخر ولمن يدفع ستأجرن لأهداف معينه أوقات معينه لفظن رخيصات بمعنى الكلمه,1,0.0,1.0,Ann1,1,3
ArMIS,train,505,بنات ساقطات يبحثن مال بكافة الطرق الغير شريفه ليله حضن رجل آخر ولمن يدفع ستأجرن لأهداف معينه أوقات معينه لفظن رخيصات بمعنى الكلمه,1,0.0,1.0,Ann2,1,3
ArMIS,train,505,بنات ساقطات يبحثن مال بكافة الطرق الغير شريفه ليله حضن رجل آخر ولمن يدفع ستأجرن لأهداف معينه أوقات معينه لفظن رخيصات بمعنى الكلمه,1,0.0,1.0,Ann3,1,3
ArMIS,train,506,خنبدل تسوين نسوية,0,1.0,0.0,Ann1,0,3
ArMIS,train,506,خنبدل تسوين نسوية,0,1.0,0.0,Ann2,0,3
ArMIS,train,506,خنبدل تسوين نسوية,0,1.0,0.0,Ann3,0,3
ArMIS,train,507,انتي وامك وقحات يارب يجرجرونكم بالمحاكم باقي برقبتك الف الناس مدري هالضمير عندك والله الفقر ياكلك اكل الناس يرجع للناس يابجيحه,1,0.0,1.0,Ann1,1,3
ArMIS,train,507,انتي وامك وقحات يارب يجرجرونكم بالمحاكم باقي برقبتك الف الناس مدري هالضمير عندك والله الفقر ياكلك اكل الناس يرجع للناس يابجيحه,1,0.0,1.0,Ann2,1,3
ArMIS,train,507,انتي وامك وقحات يارب يجرجرونكم بالمحاكم باقي برقبتك الف الناس مدري هالضمير عندك والله الفقر ياكلك اكل الناس يرجع للناس يابجيحه,1,0.0,1.0,Ann3,1,3
ArMIS,train,508,يقول ناقصات عقل يلاحقهم شارع لشارع العاقل,0,1.0,0.0,Ann1,0,3
ArMIS,train,508,يقول ناقصات عقل يلاحقهم شارع لشارع العاقل,0,1.0,0.0,Ann2,0,3
ArMIS,train,508,يقول ناقصات عقل يلاحقهم شارع لشارع العاقل,0,1.0,0.0,Ann3,0,3
ArMIS,train,509,لديك احمر بخصوص أدوارك فتره يتزايد العنف المرأة لطالما كانت الجرائم النساء موجوده اصبح اكثر وضوحا برامج التواصل الاجتماعي اهتم بشكل خاص المسلسلات اريد التواجد عمل يكون عنف المرأه لانه بشكل يجعلونه مبررا,0,1.0,0.0,Ann1,0,3
ArMIS,train,509,لديك احمر بخصوص أدوارك فتره يتزايد العنف المرأة لطالما كانت الجرائم النساء موجوده اصبح اكثر وضوحا برامج التواصل الاجتماعي اهتم بشكل خاص المسلسلات اريد التواجد عمل يكون عنف المرأه لانه بشكل يجعلونه مبررا,0,1.0,0.0,Ann2,0,3
ArMIS,train,509,لديك احمر بخصوص أدوارك فتره يتزايد العنف المرأة لطالما كانت الجرائم النساء موجوده اصبح اكثر وضوحا برامج التواصل الاجتماعي اهتم بشكل خاص المسلسلات اريد التواجد عمل يكون عنف المرأه لانه بشكل يجعلونه مبررا,0,1.0,0.0,Ann3,0,3
ArMIS,train,510,استمعت جيدا تطرق للاختلاف ذكر المذاهب الاربعه اولا ثانيا ذكره امام الحرم سافرات الوجوه يقصد الكاشفات فقط يقصد الكاشفات بالزينه الشي الآخر اختي العباد سيحاسب بالنيات حرصك تغطية الوجه يدل انك حريصه اخذ الفضل باب الحجاب,0,0.67,0.33,Ann1,0,3
ArMIS,train,510,استمعت جيدا تطرق للاختلاف ذكر المذاهب الاربعه اولا ثانيا ذكره امام الحرم سافرات الوجوه يقصد الكاشفات فقط يقصد الكاشفات بالزينه الشي الآخر اختي العباد سيحاسب بالنيات حرصك تغطية الوجه يدل انك حريصه اخذ الفضل باب الحجاب,0,0.67,0.33,Ann2,0,3
ArMIS,train,510,استمعت جيدا تطرق للاختلاف ذكر المذاهب الاربعه اولا ثانيا ذكره امام الحرم سافرات الوجوه يقصد الكاشفات فقط يقصد الكاشفات بالزينه الشي الآخر اختي العباد سيحاسب بالنيات حرصك تغطية الوجه يدل انك حريصه اخذ الفضل باب الحجاب,0,0.67,0.33,Ann3,1,3
ArMIS,train,511,نسويه عبده ذكور نسويه ذكوريه برأيي صارت فكر متطرف حقوق النساء ومع حقوق الرجال ومع حقوق الحيوانات وأتمنى الكل ياخذ حقوقه بشرط يتعدا لشرع الله وعدلي أسلوبك قسم بالله اصيدك,0,0.67,0.33,Ann1,1,3
ArMIS,train,511,نسويه عبده ذكور نسويه ذكوريه برأيي صارت فكر متطرف حقوق النساء ومع حقوق الرجال ومع حقوق الحيوانات وأتمنى الكل ياخذ حقوقه بشرط يتعدا لشرع الله وعدلي أسلوبك قسم بالله اصيدك,0,0.67,0.33,Ann2,0,3
ArMIS,train,511,نسويه عبده ذكور نسويه ذكوريه برأيي صارت فكر متطرف حقوق النساء ومع حقوق الرجال ومع حقوق الحيوانات وأتمنى الكل ياخذ حقوقه بشرط يتعدا لشرع الله وعدلي أسلوبك قسم بالله اصيدك,0,0.67,0.33,Ann3,0,3
ArMIS,train,512,طيب النسويه الي تتكلمين عنها الي شوهوها صلا مقصد النسويه,0,0.67,0.33,Ann1,0,3
ArMIS,train,512,طيب النسويه الي تتكلمين عنها الي شوهوها صلا مقصد النسويه,0,0.67,0.33,Ann2,0,3
ArMIS,train,512,طيب النسويه الي تتكلمين عنها الي شوهوها صلا مقصد النسويه,0,0.67,0.33,Ann3,1,3
ArMIS,train,513,يوه نفسك عشاني نسويه وضد الفكر ذكوري عبالهم كسوله زيهم ماطبخ اشتغل لنفسي فاشلين معليك منهم احب طبخ مرا وناسه,0,1.0,0.0,Ann1,0,3
ArMIS,train,513,يوه نفسك عشاني نسويه وضد الفكر ذكوري عبالهم كسوله زيهم ماطبخ اشتغل لنفسي فاشلين معليك منهم احب طبخ مرا وناسه,0,1.0,0.0,Ann2,0,3
ArMIS,train,513,يوه نفسك عشاني نسويه وضد الفكر ذكوري عبالهم كسوله زيهم ماطبخ اشتغل لنفسي فاشلين معليك منهم احب طبخ مرا وناسه,0,1.0,0.0,Ann3,0,3
ArMIS,train,514,مين قال إنها بنصف عقل تقصدي حديث الرسول افضل الصلاة والسلام فأنتي أكيد عارفه ناقصات عقل بمعني عاطفتها بتغلبها علي تفكيرها العقلاني معروفه الست بتدخل مجال بتنجح جداا,0,1.0,0.0,Ann1,0,3
ArMIS,train,514,مين قال إنها بنصف عقل تقصدي حديث الرسول افضل الصلاة والسلام فأنتي أكيد عارفه ناقصات عقل بمعني عاطفتها بتغلبها علي تفكيرها العقلاني معروفه الست بتدخل مجال بتنجح جداا,0,1.0,0.0,Ann2,0,3
ArMIS,train,514,مين قال إنها بنصف عقل تقصدي حديث الرسول افضل الصلاة والسلام فأنتي أكيد عارفه ناقصات عقل بمعني عاطفتها بتغلبها علي تفكيرها العقلاني معروفه الست بتدخل مجال بتنجح جداا,0,1.0,0.0,Ann3,0,3
ArMIS,train,515,زبدة الكلام مجرمة وبمكان نشوفها كمجرمة دخلنا النسوية بالموضوع والقانون مراح يأخذ انها امرأة بنظر الاعتبار وحيعاقبها ياليت ندخل النسوية بالموضوع واذا البوست الي ناشرته هذيك فما شفت حرف واحد انها رمت اللوم رجال وقالت اوه رجال سواها مجرمة,0,1.0,0.0,Ann1,0,3
ArMIS,train,515,زبدة الكلام مجرمة وبمكان نشوفها كمجرمة دخلنا النسوية بالموضوع والقانون مراح يأخذ انها امرأة بنظر الاعتبار وحيعاقبها ياليت ندخل النسوية بالموضوع واذا البوست الي ناشرته هذيك فما شفت حرف واحد انها رمت اللوم رجال وقالت اوه رجال سواها مجرمة,0,1.0,0.0,Ann2,0,3
ArMIS,train,515,زبدة الكلام مجرمة وبمكان نشوفها كمجرمة دخلنا النسوية بالموضوع والقانون مراح يأخذ انها امرأة بنظر الاعتبار وحيعاقبها ياليت ندخل النسوية بالموضوع واذا البوست الي ناشرته هذيك فما شفت حرف واحد انها رمت اللوم رجال وقالت اوه رجال سواها مجرمة,0,1.0,0.0,Ann3,0,3
ArMIS,train,516,نسويات ركزوا مربيات الأجيال لأن الوظيفة عجبتكم الملك بكبره يعلمكم,0,0.67,0.33,Ann1,1,3
ArMIS,train,516,نسويات ركزوا مربيات الأجيال لأن الوظيفة عجبتكم الملك بكبره يعلمكم,0,0.67,0.33,Ann2,0,3
ArMIS,train,516,نسويات ركزوا مربيات الأجيال لأن الوظيفة عجبتكم الملك بكبره يعلمكم,0,0.67,0.33,Ann3,0,3
ArMIS,train,517,المشرفات متسلطات تستقعد للمسكينه اللي ترفض وتدور عليها الزله الله يزلزل يضيق مسلمه ويشغلها بنفسها,1,0.33,0.67,Ann1,1,3
ArMIS,train,517,المشرفات متسلطات تستقعد للمسكينه اللي ترفض وتدور عليها الزله الله يزلزل يضيق مسلمه ويشغلها بنفسها,1,0.33,0.67,Ann2,1,3
ArMIS,train,517,المشرفات متسلطات تستقعد للمسكينه اللي ترفض وتدور عليها الزله الله يزلزل يضيق مسلمه ويشغلها بنفسها,1,0.33,0.67,Ann3,0,3
ArMIS,train,518,اقول اهجدي محد قال اني اشوف نفسي سلعه المهر الطبيعي يكون الف الى ١٠٠ الف يعني امهاتنا خواتنا رخيصات عشان مهورهم كانت عاديه اتنمى تفكرين قبل تتهجمين كانك ثور بعدين رجال صدق يوم ياخذها بسعر اقل الطبيعي يقولها ترا تزوجتك بسعر اقل العادي,0,0.67,0.33,Ann1,0,3
ArMIS,train,518,اقول اهجدي محد قال اني اشوف نفسي سلعه المهر الطبيعي يكون الف الى ١٠٠ الف يعني امهاتنا خواتنا رخيصات عشان مهورهم كانت عاديه اتنمى تفكرين قبل تتهجمين كانك ثور بعدين رجال صدق يوم ياخذها بسعر اقل الطبيعي يقولها ترا تزوجتك بسعر اقل العادي,0,0.67,0.33,Ann2,0,3
ArMIS,train,518,اقول اهجدي محد قال اني اشوف نفسي سلعه المهر الطبيعي يكون الف الى ١٠٠ الف يعني امهاتنا خواتنا رخيصات عشان مهورهم كانت عاديه اتنمى تفكرين قبل تتهجمين كانك ثور بعدين رجال صدق يوم ياخذها بسعر اقل الطبيعي يقولها ترا تزوجتك بسعر اقل العادي,0,0.67,0.33,Ann3,1,3
ArMIS,train,519,الوضع خطر النسا صارو متمردات والرجل صار يهين المراه,0,0.67,0.33,Ann1,0,3
ArMIS,train,519,الوضع خطر النسا صارو متمردات والرجل صار يهين المراه,0,0.67,0.33,Ann2,0,3
ArMIS,train,519,الوضع خطر النسا صارو متمردات والرجل صار يهين المراه,0,0.67,0.33,Ann3,1,3
ArMIS,train,520,ارجعي للردود يقصد انه زمن السيطره المطلقه والعبوديه واذا دخل الرجال البيت الكل يخاف وانه الان اصبح النساء متمردات,0,0.67,0.33,Ann1,1,3
ArMIS,train,520,ارجعي للردود يقصد انه زمن السيطره المطلقه والعبوديه واذا دخل الرجال البيت الكل يخاف وانه الان اصبح النساء متمردات,0,0.67,0.33,Ann2,0,3
ArMIS,train,520,ارجعي للردود يقصد انه زمن السيطره المطلقه والعبوديه واذا دخل الرجال البيت الكل يخاف وانه الان اصبح النساء متمردات,0,0.67,0.33,Ann3,0,3
ArMIS,train,521,ترا فخر لمن تقولون قحبه وهالكلام الوصخ ماتاخذون الا ذنوب مدري اهلكم ربوكم عدل بنات شوارع طيب قلتيها انا باخذ انت ليه حاشر خشمك,0,0.67,0.33,Ann1,1,3
ArMIS,train,521,ترا فخر لمن تقولون قحبه وهالكلام الوصخ ماتاخذون الا ذنوب مدري اهلكم ربوكم عدل بنات شوارع طيب قلتيها انا باخذ انت ليه حاشر خشمك,0,0.67,0.33,Ann2,0,3
ArMIS,train,521,ترا فخر لمن تقولون قحبه وهالكلام الوصخ ماتاخذون الا ذنوب مدري اهلكم ربوكم عدل بنات شوارع طيب قلتيها انا باخذ انت ليه حاشر خشمك,0,0.67,0.33,Ann3,0,3
ArMIS,train,522,الله ياخذ النسويات,1,0.0,1.0,Ann1,1,3
ArMIS,train,522,الله ياخذ النسويات,1,0.0,1.0,Ann2,1,3
ArMIS,train,522,الله ياخذ النسويات,1,0.0,1.0,Ann3,1,3
ArMIS,train,523,يوضح الشخص الي ياخذ الكلام الي يملى اول مايقول كانت مسالمة اقص يدي كنت مؤيد لاي حقوق النساء,0,1.0,0.0,Ann1,0,3
ArMIS,train,523,يوضح الشخص الي ياخذ الكلام الي يملى اول مايقول كانت مسالمة اقص يدي كنت مؤيد لاي حقوق النساء,0,1.0,0.0,Ann2,0,3
ArMIS,train,523,يوضح الشخص الي ياخذ الكلام الي يملى اول مايقول كانت مسالمة اقص يدي كنت مؤيد لاي حقوق النساء,0,1.0,0.0,Ann3,0,3
ArMIS,train,524,يازين الطعوس لعن الله الفسويات بالعالم ختفففوا عليكم متخلفين,1,0.0,1.0,Ann1,1,3
ArMIS,train,524,يازين الطعوس لعن الله الفسويات بالعالم ختفففوا عليكم متخلفين,1,0.0,1.0,Ann2,1,3
ArMIS,train,524,يازين الطعوس لعن الله الفسويات بالعالم ختفففوا عليكم متخلفين,1,0.0,1.0,Ann3,1,3
ArMIS,train,525,عدد باس النساء تعيينهم بمجلس الشورى المساواه الجنسين عداله اجتماعيه تصب تلاحم المجتمع دور المرأه عظيم ويجب ياخذ وضعه الطبيعي عقودا التغييب بسبب الصحوه حاربت المجتمع وعطلت عمل المرأه,0,1.0,0.0,Ann1,0,3
ArMIS,train,525,عدد باس النساء تعيينهم بمجلس الشورى المساواه الجنسين عداله اجتماعيه تصب تلاحم المجتمع دور المرأه عظيم ويجب ياخذ وضعه الطبيعي عقودا التغييب بسبب الصحوه حاربت المجتمع وعطلت عمل المرأه,0,1.0,0.0,Ann2,0,3
ArMIS,train,525,عدد باس النساء تعيينهم بمجلس الشورى المساواه الجنسين عداله اجتماعيه تصب تلاحم المجتمع دور المرأه عظيم ويجب ياخذ وضعه الطبيعي عقودا التغييب بسبب الصحوه حاربت المجتمع وعطلت عمل المرأه,0,1.0,0.0,Ann3,0,3
ArMIS,train,526,يستاهلون هالقطط طالعين متبرجات,1,0.33,0.67,Ann1,0,3
ArMIS,train,526,يستاهلون هالقطط طالعين متبرجات,1,0.33,0.67,Ann2,1,3
ArMIS,train,526,يستاهلون هالقطط طالعين متبرجات,1,0.33,0.67,Ann3,1,3
ArMIS,train,527,الله ياخذ النساء متخلفات وقالها ناصر القصبي النساء حطب جهى,1,0.0,1.0,Ann1,1,3
ArMIS,train,527,الله ياخذ النساء متخلفات وقالها ناصر القصبي النساء حطب جهى,1,0.0,1.0,Ann2,1,3
ArMIS,train,527,الله ياخذ النساء متخلفات وقالها ناصر القصبي النساء حطب جهى,1,0.0,1.0,Ann3,1,3
ArMIS,train,528,يوم الشعب يحبسلي مخي كثر خلاو حكاية الاغتصاب القتل العنف المرأة سمانة بصح مقدروش يفوتو واش قالت مونيا عليهم راني معاها 100 كلامها حكات فئة معينة جاه الكلام قدو يلبسو يوم نكره البلاد هادي كثر بيها بلي الله يجيب ضربة لكل واحد شمت,0,1.0,0.0,Ann1,0,3
ArMIS,train,528,يوم الشعب يحبسلي مخي كثر خلاو حكاية الاغتصاب القتل العنف المرأة سمانة بصح مقدروش يفوتو واش قالت مونيا عليهم راني معاها 100 كلامها حكات فئة معينة جاه الكلام قدو يلبسو يوم نكره البلاد هادي كثر بيها بلي الله يجيب ضربة لكل واحد شمت,0,1.0,0.0,Ann2,0,3
ArMIS,train,528,يوم الشعب يحبسلي مخي كثر خلاو حكاية الاغتصاب القتل العنف المرأة سمانة بصح مقدروش يفوتو واش قالت مونيا عليهم راني معاها 100 كلامها حكات فئة معينة جاه الكلام قدو يلبسو يوم نكره البلاد هادي كثر بيها بلي الله يجيب ضربة لكل واحد شمت,0,1.0,0.0,Ann3,0,3
ArMIS,train,529,ليه الدكتورات وقحات للان ننتظرها تشرف الزفت,1,0.33,0.67,Ann1,1,3
ArMIS,train,529,ليه الدكتورات وقحات للان ننتظرها تشرف الزفت,1,0.33,0.67,Ann2,1,3
ArMIS,train,529,ليه الدكتورات وقحات للان ننتظرها تشرف الزفت,1,0.33,0.67,Ann3,0,3
ArMIS,train,530,اما ناقصات دين فكل يعلم المرأة فيزيولوجيا تستطيع اكمال عبادتها مثل الرجل بمعنى الحيض يمنعها اتمام تأدية صلاتها صيامها شهر المرة القادمة قبل تتبجح بأحاجيك فهمك المنقوص لشريعة الله تعالى ... ادرسها جيدا حاول فهمها قبل طرحك لأسئلة بفهم منقوص,0,1.0,0.0,Ann1,0,3
ArMIS,train,530,اما ناقصات دين فكل يعلم المرأة فيزيولوجيا تستطيع اكمال عبادتها مثل الرجل بمعنى الحيض يمنعها اتمام تأدية صلاتها صيامها شهر المرة القادمة قبل تتبجح بأحاجيك فهمك المنقوص لشريعة الله تعالى ... ادرسها جيدا حاول فهمها قبل طرحك لأسئلة بفهم منقوص,0,1.0,0.0,Ann2,0,3
ArMIS,train,530,اما ناقصات دين فكل يعلم المرأة فيزيولوجيا تستطيع اكمال عبادتها مثل الرجل بمعنى الحيض يمنعها اتمام تأدية صلاتها صيامها شهر المرة القادمة قبل تتبجح بأحاجيك فهمك المنقوص لشريعة الله تعالى ... ادرسها جيدا حاول فهمها قبل طرحك لأسئلة بفهم منقوص,0,1.0,0.0,Ann3,0,3
ArMIS,train,531,الله يلعن النسويات المرة صمصوم قلبي طالعة يحسسني مظطهدات قادرات يتنفسن الظلم وهيه ممنوع نحتفل بيوم المرأة يعتبرونا مطبلين رحمن نفسكن بناتي الدنياا مستاهلة خلاااعصصص,1,0.0,1.0,Ann1,1,3
ArMIS,train,531,الله يلعن النسويات المرة صمصوم قلبي طالعة يحسسني مظطهدات قادرات يتنفسن الظلم وهيه ممنوع نحتفل بيوم المرأة يعتبرونا مطبلين رحمن نفسكن بناتي الدنياا مستاهلة خلاااعصصص,1,0.0,1.0,Ann2,1,3
ArMIS,train,531,الله يلعن النسويات المرة صمصوم قلبي طالعة يحسسني مظطهدات قادرات يتنفسن الظلم وهيه ممنوع نحتفل بيوم المرأة يعتبرونا مطبلين رحمن نفسكن بناتي الدنياا مستاهلة خلاااعصصص,1,0.0,1.0,Ann3,1,3
ArMIS,train,532,صدق بعدين حنا عايشين معاهم نعرف تربيتهم مانعرف حياتهم يمكن اتربت الشيء صغرها ويمكن محد يقولها غلط وعيب والخ الكل متربي كويس كلمه رخيصات اوفرر ببنده,0,1.0,0.0,Ann1,0,3
ArMIS,train,532,صدق بعدين حنا عايشين معاهم نعرف تربيتهم مانعرف حياتهم يمكن اتربت الشيء صغرها ويمكن محد يقولها غلط وعيب والخ الكل متربي كويس كلمه رخيصات اوفرر ببنده,0,1.0,0.0,Ann2,0,3
ArMIS,train,532,صدق بعدين حنا عايشين معاهم نعرف تربيتهم مانعرف حياتهم يمكن اتربت الشيء صغرها ويمكن محد يقولها غلط وعيب والخ الكل متربي كويس كلمه رخيصات اوفرر ببنده,0,1.0,0.0,Ann3,0,3
ArMIS,train,533,عندما يكون النساء محتشمات وغير متبرجات يكون اضهار للزينة عندا الرجل يغض بصره لحشمة النساء,1,0.33,0.67,Ann1,1,3
ArMIS,train,533,عندما يكون النساء محتشمات وغير متبرجات يكون اضهار للزينة عندا الرجل يغض بصره لحشمة النساء,1,0.33,0.67,Ann2,0,3
ArMIS,train,533,عندما يكون النساء محتشمات وغير متبرجات يكون اضهار للزينة عندا الرجل يغض بصره لحشمة النساء,1,0.33,0.67,Ann3,1,3
ArMIS,train,534,تبون تقسون الحريم وتخلونهن متمردات,0,1.0,0.0,Ann1,0,3
ArMIS,train,534,تبون تقسون الحريم وتخلونهن متمردات,0,1.0,0.0,Ann2,0,3
ArMIS,train,534,تبون تقسون الحريم وتخلونهن متمردات,0,1.0,0.0,Ann3,0,3
ArMIS,train,535,استيقظي غفلتك وهذا الكلام صحيح يجوز وكأنك تكذبين كلام الرسول قال رسول الله معشر النساء تصد وأكثرن الاستغفار فإني رأيتكن أهل النار استغرب اللي يأخذ بكلامك ويصدق أقوالك الكاذبة والتي صحة راجعي معلوماتك جاهلة,1,0.33,0.67,Ann1,1,3
ArMIS,train,535,استيقظي غفلتك وهذا الكلام صحيح يجوز وكأنك تكذبين كلام الرسول قال رسول الله معشر النساء تصد وأكثرن الاستغفار فإني رأيتكن أهل النار استغرب اللي يأخذ بكلامك ويصدق أقوالك الكاذبة والتي صحة راجعي معلوماتك جاهلة,1,0.33,0.67,Ann2,1,3
ArMIS,train,535,استيقظي غفلتك وهذا الكلام صحيح يجوز وكأنك تكذبين كلام الرسول قال رسول الله معشر النساء تصد وأكثرن الاستغفار فإني رأيتكن أهل النار استغرب اللي يأخذ بكلامك ويصدق أقوالك الكاذبة والتي صحة راجعي معلوماتك جاهلة,1,0.33,0.67,Ann3,0,3
ArMIS,train,536,انثى السلطعون السرطان تعيش بأمان واطمئنان وتحظى بالكرامة والاستقلاليه بأحضان وليها وماعندهم زينا فسويات يطالبون بإسقاط الولايه شاهد ترتمي بأحضانه يحميها اليد العابثه,1,0.0,1.0,Ann1,1,3
ArMIS,train,536,انثى السلطعون السرطان تعيش بأمان واطمئنان وتحظى بالكرامة والاستقلاليه بأحضان وليها وماعندهم زينا فسويات يطالبون بإسقاط الولايه شاهد ترتمي بأحضانه يحميها اليد العابثه,1,0.0,1.0,Ann2,1,3
ArMIS,train,536,انثى السلطعون السرطان تعيش بأمان واطمئنان وتحظى بالكرامة والاستقلاليه بأحضان وليها وماعندهم زينا فسويات يطالبون بإسقاط الولايه شاهد ترتمي بأحضانه يحميها اليد العابثه,1,0.0,1.0,Ann3,1,3
ArMIS,train,537,حبيبي مثقف روح مستشفى الرسول الاعظم مستشفى السان جورج وشوف اديش سافرات وبعدين تعا احكي شعب تعود عالعنصرية وادعاء انو كلاس وبيفهم بالاتيكات بيفهم ...,0,0.67,0.33,Ann1,1,3
ArMIS,train,537,حبيبي مثقف روح مستشفى الرسول الاعظم مستشفى السان جورج وشوف اديش سافرات وبعدين تعا احكي شعب تعود عالعنصرية وادعاء انو كلاس وبيفهم بالاتيكات بيفهم ...,0,0.67,0.33,Ann2,0,3
ArMIS,train,537,حبيبي مثقف روح مستشفى الرسول الاعظم مستشفى السان جورج وشوف اديش سافرات وبعدين تعا احكي شعب تعود عالعنصرية وادعاء انو كلاس وبيفهم بالاتيكات بيفهم ...,0,0.67,0.33,Ann3,0,3
ArMIS,train,538,عقليات الفسويات تكفير والحاد وشذوذ الله المستعان وللأسف يطبل,1,0.0,1.0,Ann1,1,3
ArMIS,train,538,عقليات الفسويات تكفير والحاد وشذوذ الله المستعان وللأسف يطبل,1,0.0,1.0,Ann2,1,3
ArMIS,train,538,عقليات الفسويات تكفير والحاد وشذوذ الله المستعان وللأسف يطبل,1,0.0,1.0,Ann3,1,3
ArMIS,train,539,تعايشنا الوضع خلص هاد صار زيادة رقم ضحايا العنف المرأة ... بهاي السنة ...,0,1.0,0.0,Ann1,0,3
ArMIS,train,539,تعايشنا الوضع خلص هاد صار زيادة رقم ضحايا العنف المرأة ... بهاي السنة ...,0,1.0,0.0,Ann2,0,3
ArMIS,train,539,تعايشنا الوضع خلص هاد صار زيادة رقم ضحايا العنف المرأة ... بهاي السنة ...,0,1.0,0.0,Ann3,0,3
ArMIS,train,540,ازوج متحررات حياكمم,0,1.0,0.0,Ann1,0,3
ArMIS,train,540,ازوج متحررات حياكمم,0,1.0,0.0,Ann2,0,3
ArMIS,train,540,ازوج متحررات حياكمم,0,1.0,0.0,Ann3,0,3
ArMIS,train,541,مكانة المرأة الإسلام الشيخ ابن باز الإسلام أنصفها ورفع مكانتها وكانت مظلومة الجاهلية العرب وفي اليهودية والنصرانية والإسلام رفعها وعظم شأنها وأنصفها وأعطاها حقوقها فجعلها كريمة وزوجةكريمة وبنتا مرحومة البقية,0,1.0,0.0,Ann1,0,3
ArMIS,train,541,مكانة المرأة الإسلام الشيخ ابن باز الإسلام أنصفها ورفع مكانتها وكانت مظلومة الجاهلية العرب وفي اليهودية والنصرانية والإسلام رفعها وعظم شأنها وأنصفها وأعطاها حقوقها فجعلها كريمة وزوجةكريمة وبنتا مرحومة البقية,0,1.0,0.0,Ann2,0,3
ArMIS,train,541,مكانة المرأة الإسلام الشيخ ابن باز الإسلام أنصفها ورفع مكانتها وكانت مظلومة الجاهلية العرب وفي اليهودية والنصرانية والإسلام رفعها وعظم شأنها وأنصفها وأعطاها حقوقها فجعلها كريمة وزوجةكريمة وبنتا مرحومة البقية,0,1.0,0.0,Ann3,0,3
ArMIS,train,542,مره تاخذينها هالجانب لان احنا مجتمعنا بشكل عام يحب يتدخل ويتلقف مثلا انا موشيعيه ياكثر الشيعيات اللي قطعوني عشان لبسي عاجبهم وان السنيات فاسدات والخ,0,1.0,0.0,Ann1,0,3
ArMIS,train,542,مره تاخذينها هالجانب لان احنا مجتمعنا بشكل عام يحب يتدخل ويتلقف مثلا انا موشيعيه ياكثر الشيعيات اللي قطعوني عشان لبسي عاجبهم وان السنيات فاسدات والخ,0,1.0,0.0,Ann2,0,3
ArMIS,train,542,مره تاخذينها هالجانب لان احنا مجتمعنا بشكل عام يحب يتدخل ويتلقف مثلا انا موشيعيه ياكثر الشيعيات اللي قطعوني عشان لبسي عاجبهم وان السنيات فاسدات والخ,0,1.0,0.0,Ann3,0,3
ArMIS,train,543,بنات شوارع خخلها ترفع بلاغ انتظرها الرخيصه المتعريه,1,0.0,1.0,Ann1,1,3
ArMIS,train,543,بنات شوارع خخلها ترفع بلاغ انتظرها الرخيصه المتعريه,1,0.0,1.0,Ann2,1,3
ArMIS,train,543,بنات شوارع خخلها ترفع بلاغ انتظرها الرخيصه المتعريه,1,0.0,1.0,Ann3,1,3
ArMIS,train,544,ماهو صحيح يغرك تويتر حسابات نسويات ترا بعضهن سعوديات المفترض تااخذك الحميه لبنات ديرتك ولاهله,0,1.0,0.0,Ann1,0,3
ArMIS,train,544,ماهو صحيح يغرك تويتر حسابات نسويات ترا بعضهن سعوديات المفترض تااخذك الحميه لبنات ديرتك ولاهله,0,1.0,0.0,Ann2,0,3
ArMIS,train,544,ماهو صحيح يغرك تويتر حسابات نسويات ترا بعضهن سعوديات المفترض تااخذك الحميه لبنات ديرتك ولاهله,0,1.0,0.0,Ann3,0,3
ArMIS,train,545,للاسف الاغلب متسلطات,1,0.33,0.67,Ann1,1,3
ArMIS,train,545,للاسف الاغلب متسلطات,1,0.33,0.67,Ann2,0,3
ArMIS,train,545,للاسف الاغلب متسلطات,1,0.33,0.67,Ann3,1,3
ArMIS,train,546,الاختلاط بالمدارس موجود بالصفوف الأوليه سفر المرأه محرم موجود البنات ادخلو العسكرية وكل الأشياء موجودة والحكومه سامحه قبل ماتطالبها يعني بالله الجديد وانا متأكدة طالبت بقيادة المرأة ذيك الفترة بتطلعونها فاسقه ومنحطه,0,1.0,0.0,Ann1,0,3
ArMIS,train,546,الاختلاط بالمدارس موجود بالصفوف الأوليه سفر المرأه محرم موجود البنات ادخلو العسكرية وكل الأشياء موجودة والحكومه سامحه قبل ماتطالبها يعني بالله الجديد وانا متأكدة طالبت بقيادة المرأة ذيك الفترة بتطلعونها فاسقه ومنحطه,0,1.0,0.0,Ann2,0,3
ArMIS,train,546,الاختلاط بالمدارس موجود بالصفوف الأوليه سفر المرأه محرم موجود البنات ادخلو العسكرية وكل الأشياء موجودة والحكومه سامحه قبل ماتطالبها يعني بالله الجديد وانا متأكدة طالبت بقيادة المرأة ذيك الفترة بتطلعونها فاسقه ومنحطه,0,1.0,0.0,Ann3,0,3
ArMIS,train,547,بالاول كنت معترض بشدة الان فرقت تجنيس ابناء المواطنات نسويات ومتدثرات وسيمبات وليبرالية وشذوذ وانحلال وفجور باسم الحرية الشخصية وتمادي الاسلام والطعن والتشكيك زمن الرويبضات,1,0.0,1.0,Ann1,1,3
ArMIS,train,547,بالاول كنت معترض بشدة الان فرقت تجنيس ابناء المواطنات نسويات ومتدثرات وسيمبات وليبرالية وشذوذ وانحلال وفجور باسم الحرية الشخصية وتمادي الاسلام والطعن والتشكيك زمن الرويبضات,1,0.0,1.0,Ann2,1,3
ArMIS,train,547,بالاول كنت معترض بشدة الان فرقت تجنيس ابناء المواطنات نسويات ومتدثرات وسيمبات وليبرالية وشذوذ وانحلال وفجور باسم الحرية الشخصية وتمادي الاسلام والطعن والتشكيك زمن الرويبضات,1,0.0,1.0,Ann3,1,3
ArMIS,train,548,يغير تفكيره ويتطور يلعن النسويات,1,0.33,0.67,Ann1,1,3
ArMIS,train,548,يغير تفكيره ويتطور يلعن النسويات,1,0.33,0.67,Ann2,1,3
ArMIS,train,548,يغير تفكيره ويتطور يلعن النسويات,1,0.33,0.67,Ann3,0,3
ArMIS,train,549,ليث بغداد الي الشرف بصداقة الجميع سادي عنيف اعشق المراة المطيعة والمازوخية واللي اتحب العنف والعوائل المتحررة,0,1.0,0.0,Ann1,0,3
ArMIS,train,549,ليث بغداد الي الشرف بصداقة الجميع سادي عنيف اعشق المراة المطيعة والمازوخية واللي اتحب العنف والعوائل المتحررة,0,1.0,0.0,Ann2,0,3
ArMIS,train,549,ليث بغداد الي الشرف بصداقة الجميع سادي عنيف اعشق المراة المطيعة والمازوخية واللي اتحب العنف والعوائل المتحررة,0,1.0,0.0,Ann3,0,3
ArMIS,train,550,ويش المشورة اللي قدمتيها إقبال سفر البنات محرم تزوبج الفتاة نفسها وتقييد ولي الامر بعدم البلاغ ابنته اذا تغيبت المنزل تسألين إقبال ولوحدك ولن احد يستطيع مساعدتك الإجابة عنك خبتي وخاب مسعاك وحمدا لله وعقبال تطردي الجامعة اهلا لذلك,1,0.33,0.67,Ann1,1,3
ArMIS,train,550,ويش المشورة اللي قدمتيها إقبال سفر البنات محرم تزوبج الفتاة نفسها وتقييد ولي الامر بعدم البلاغ ابنته اذا تغيبت المنزل تسألين إقبال ولوحدك ولن احد يستطيع مساعدتك الإجابة عنك خبتي وخاب مسعاك وحمدا لله وعقبال تطردي الجامعة اهلا لذلك,1,0.33,0.67,Ann2,1,3
ArMIS,train,550,ويش المشورة اللي قدمتيها إقبال سفر البنات محرم تزوبج الفتاة نفسها وتقييد ولي الامر بعدم البلاغ ابنته اذا تغيبت المنزل تسألين إقبال ولوحدك ولن احد يستطيع مساعدتك الإجابة عنك خبتي وخاب مسعاك وحمدا لله وعقبال تطردي الجامعة اهلا لذلك,1,0.33,0.67,Ann3,0,3
ArMIS,train,551,سونار الوسم ترى محد معطينهم وجه يريدوا يتدخلوا قرارات الدولة ويحاولوا يغيروا قوانينها أغلبها متمردات اللاشيء فقط تقليد الأعمى الدولة أعطت الحرية للمرأة وزيادة الحمقاء تمردت وتريد مثل الغربيات,1,0.0,1.0,Ann1,1,3
ArMIS,train,551,سونار الوسم ترى محد معطينهم وجه يريدوا يتدخلوا قرارات الدولة ويحاولوا يغيروا قوانينها أغلبها متمردات اللاشيء فقط تقليد الأعمى الدولة أعطت الحرية للمرأة وزيادة الحمقاء تمردت وتريد مثل الغربيات,1,0.0,1.0,Ann2,1,3
ArMIS,train,551,سونار الوسم ترى محد معطينهم وجه يريدوا يتدخلوا قرارات الدولة ويحاولوا يغيروا قوانينها أغلبها متمردات اللاشيء فقط تقليد الأعمى الدولة أعطت الحرية للمرأة وزيادة الحمقاء تمردت وتريد مثل الغربيات,1,0.0,1.0,Ann3,1,3
ArMIS,train,552,استاذه صانعه القائد الفرنسي نابليون بونابرت والحاكم لاوربا قال اذا اردت تسقط امم فتش المراه فاعداؤنا الخارج والداخل استخدموا الاسلوب وطبخوه نار هادئه ليجدوا ثغره لزعزعة امن بلادنا وتحقيق اهدافهم باستخدام عاطفه الانثى واولادها وفرض حقوق للبلاد الله يارب يحفظنا,0,0.67,0.33,Ann1,1,3
ArMIS,train,552,استاذه صانعه القائد الفرنسي نابليون بونابرت والحاكم لاوربا قال اذا اردت تسقط امم فتش المراه فاعداؤنا الخارج والداخل استخدموا الاسلوب وطبخوه نار هادئه ليجدوا ثغره لزعزعة امن بلادنا وتحقيق اهدافهم باستخدام عاطفه الانثى واولادها وفرض حقوق للبلاد الله يارب يحفظنا,0,0.67,0.33,Ann2,0,3
ArMIS,train,552,استاذه صانعه القائد الفرنسي نابليون بونابرت والحاكم لاوربا قال اذا اردت تسقط امم فتش المراه فاعداؤنا الخارج والداخل استخدموا الاسلوب وطبخوه نار هادئه ليجدوا ثغره لزعزعة امن بلادنا وتحقيق اهدافهم باستخدام عاطفه الانثى واولادها وفرض حقوق للبلاد الله يارب يحفظنا,0,0.67,0.33,Ann3,0,3
ArMIS,train,553,ناقصات عقل ودين ... صدق المصطفى تصلح حياتهن بغير وصي قائم عليهن يخضعن ويضبط سلوكهن وتصرفاتهن,1,0.33,0.67,Ann1,1,3
ArMIS,train,553,ناقصات عقل ودين ... صدق المصطفى تصلح حياتهن بغير وصي قائم عليهن يخضعن ويضبط سلوكهن وتصرفاتهن,1,0.33,0.67,Ann2,1,3
ArMIS,train,553,ناقصات عقل ودين ... صدق المصطفى تصلح حياتهن بغير وصي قائم عليهن يخضعن ويضبط سلوكهن وتصرفاتهن,1,0.33,0.67,Ann3,0,3
ArMIS,train,554,يخوف اليوم صرنا صايعات,0,0.67,0.33,Ann1,0,3
ArMIS,train,554,يخوف اليوم صرنا صايعات,0,0.67,0.33,Ann2,0,3
ArMIS,train,554,يخوف اليوم صرنا صايعات,0,0.67,0.33,Ann3,1,3
ArMIS,train,555,لازم ترتفع اصواتنا علشان نوضح ايش مضايقنا لازم تشوفون دموعنا علشان تصدقون انه الموضوع مأثر علينا لازم نظهر شعور علشان تدرون عندنا قلوب زيكم حجر اخترنا السكوت وصراع الذات لانه عارفين مافي بيتغير واقل نسويه اننا نحافظ ثباتنا,0,1.0,0.0,Ann1,0,3
ArMIS,train,555,لازم ترتفع اصواتنا علشان نوضح ايش مضايقنا لازم تشوفون دموعنا علشان تصدقون انه الموضوع مأثر علينا لازم نظهر شعور علشان تدرون عندنا قلوب زيكم حجر اخترنا السكوت وصراع الذات لانه عارفين مافي بيتغير واقل نسويه اننا نحافظ ثباتنا,0,1.0,0.0,Ann2,0,3
ArMIS,train,555,لازم ترتفع اصواتنا علشان نوضح ايش مضايقنا لازم تشوفون دموعنا علشان تصدقون انه الموضوع مأثر علينا لازم نظهر شعور علشان تدرون عندنا قلوب زيكم حجر اخترنا السكوت وصراع الذات لانه عارفين مافي بيتغير واقل نسويه اننا نحافظ ثباتنا,0,1.0,0.0,Ann3,0,3
ArMIS,train,556,تقذف بشرف النساء انهم ليبراليات وتوصفهم بالنعال وانهم اعداء دوله القذف وتقولين ليش ماتدعين عزيزتي قذفت بشرف جميع البنات وشوهت سمعتهم سياره بمبلغ وقدره وين جاء مافي هديه بسعر الضخم ويقول نفسه قيادي ومرتبته ترئ فلوس الحكومه للاستعمال الخاص,0,1.0,0.0,Ann1,0,3
ArMIS,train,556,تقذف بشرف النساء انهم ليبراليات وتوصفهم بالنعال وانهم اعداء دوله القذف وتقولين ليش ماتدعين عزيزتي قذفت بشرف جميع البنات وشوهت سمعتهم سياره بمبلغ وقدره وين جاء مافي هديه بسعر الضخم ويقول نفسه قيادي ومرتبته ترئ فلوس الحكومه للاستعمال الخاص,0,1.0,0.0,Ann2,0,3
ArMIS,train,556,تقذف بشرف النساء انهم ليبراليات وتوصفهم بالنعال وانهم اعداء دوله القذف وتقولين ليش ماتدعين عزيزتي قذفت بشرف جميع البنات وشوهت سمعتهم سياره بمبلغ وقدره وين جاء مافي هديه بسعر الضخم ويقول نفسه قيادي ومرتبته ترئ فلوس الحكومه للاستعمال الخاص,0,1.0,0.0,Ann3,0,3
ArMIS,train,557,التناقض النسويات  الفسويات  النسويات عفن و انحطاط اجتماعي النسويه وعي النسويه فكر منحرف,1,0.0,1.0,Ann1,1,3
ArMIS,train,557,التناقض النسويات  الفسويات  النسويات عفن و انحطاط اجتماعي النسويه وعي النسويه فكر منحرف,1,0.0,1.0,Ann2,1,3
ArMIS,train,557,التناقض النسويات  الفسويات  النسويات عفن و انحطاط اجتماعي النسويه وعي النسويه فكر منحرف,1,0.0,1.0,Ann3,1,3
ArMIS,train,558,يعني بالله شلون شلون نتخلص التسلط الذكوري احنا عبدات ذكور متسلطات اكثر الذكور,0,0.67,0.33,Ann1,1,3
ArMIS,train,558,يعني بالله شلون شلون نتخلص التسلط الذكوري احنا عبدات ذكور متسلطات اكثر الذكور,0,0.67,0.33,Ann2,0,3
ArMIS,train,558,يعني بالله شلون شلون نتخلص التسلط الذكوري احنا عبدات ذكور متسلطات اكثر الذكور,0,0.67,0.33,Ann3,0,3
ArMIS,train,559,منو لاعب بالاعدادات نسوان قتل ذبح شمر بالشط حرق زوجه قتل نفسه يجب حصر النساء الدوله,1,0.33,0.67,Ann1,1,3
ArMIS,train,559,منو لاعب بالاعدادات نسوان قتل ذبح شمر بالشط حرق زوجه قتل نفسه يجب حصر النساء الدوله,1,0.33,0.67,Ann2,0,3
ArMIS,train,559,منو لاعب بالاعدادات نسوان قتل ذبح شمر بالشط حرق زوجه قتل نفسه يجب حصر النساء الدوله,1,0.33,0.67,Ann3,1,3
ArMIS,train,560,لأننهم صاروا اوعى يعني فاسدات متخلف,0,1.0,0.0,Ann1,0,3
ArMIS,train,560,لأننهم صاروا اوعى يعني فاسدات متخلف,0,1.0,0.0,Ann2,0,3
ArMIS,train,560,لأننهم صاروا اوعى يعني فاسدات متخلف,0,1.0,0.0,Ann3,0,3
ArMIS,train,561,تكفرن العشير ما رأيت من ناقصات عقل ودين أذهب للب الرجل الحازم من إحداكن قلن وما نقصان ديننا وعقلنا يا رسول الله قال أليس شهادة المرأة مثل نصف شهادة الرجل ,1,0.33,0.67,Ann1,1,3
ArMIS,train,561,تكفرن العشير ما رأيت من ناقصات عقل ودين أذهب للب الرجل الحازم من إحداكن قلن وما نقصان ديننا وعقلنا يا رسول الله قال أليس شهادة المرأة مثل نصف شهادة الرجل ,1,0.33,0.67,Ann2,1,3
ArMIS,train,561,تكفرن العشير ما رأيت من ناقصات عقل ودين أذهب للب الرجل الحازم من إحداكن قلن وما نقصان ديننا وعقلنا يا رسول الله قال أليس شهادة المرأة مثل نصف شهادة الرجل ,1,0.33,0.67,Ann3,0,3
ArMIS,train,562,حسبنا الله ونعم الوكيل فيمن يريدون تشيع الفاحشه بحجه الدفاع حقوق المرأه,0,0.67,0.33,Ann1,1,3
ArMIS,train,562,حسبنا الله ونعم الوكيل فيمن يريدون تشيع الفاحشه بحجه الدفاع حقوق المرأه,0,0.67,0.33,Ann2,0,3
ArMIS,train,562,حسبنا الله ونعم الوكيل فيمن يريدون تشيع الفاحشه بحجه الدفاع حقوق المرأه,0,0.67,0.33,Ann3,0,3
ArMIS,train,563,معامله بالمثل الاحسان الاسائه اما معامله بالمثل الخيانه عمري سمعتها الا داشرات وناس عايشين حياتهم بدون شرف الفنادق والشاليهات بمقابل مادي تبيع شرفها,0,0.67,0.33,Ann1,0,3
ArMIS,train,563,معامله بالمثل الاحسان الاسائه اما معامله بالمثل الخيانه عمري سمعتها الا داشرات وناس عايشين حياتهم بدون شرف الفنادق والشاليهات بمقابل مادي تبيع شرفها,0,0.67,0.33,Ann2,0,3
ArMIS,train,563,معامله بالمثل الاحسان الاسائه اما معامله بالمثل الخيانه عمري سمعتها الا داشرات وناس عايشين حياتهم بدون شرف الفنادق والشاليهات بمقابل مادي تبيع شرفها,0,0.67,0.33,Ann3,1,3
ArMIS,train,564,القضاء كافة أشكال التمييز المرأة الاساس لضمان حقوق المرأة وتحقيق العدالة الاجتماعية,0,1.0,0.0,Ann1,0,3
ArMIS,train,564,القضاء كافة أشكال التمييز المرأة الاساس لضمان حقوق المرأة وتحقيق العدالة الاجتماعية,0,1.0,0.0,Ann2,0,3
ArMIS,train,564,القضاء كافة أشكال التمييز المرأة الاساس لضمان حقوق المرأة وتحقيق العدالة الاجتماعية,0,1.0,0.0,Ann3,0,3
ArMIS,train,565,وقاحتي وجرئتي وصوتي العالي استطعت النجاه رقي الأخلاق الحقيقيه سيفسدها السفله لايملكون صدق الأخلاقيات النبيله,0,1.0,0.0,Ann1,0,3
ArMIS,train,565,وقاحتي وجرئتي وصوتي العالي استطعت النجاه رقي الأخلاق الحقيقيه سيفسدها السفله لايملكون صدق الأخلاقيات النبيله,0,1.0,0.0,Ann2,0,3
ArMIS,train,565,وقاحتي وجرئتي وصوتي العالي استطعت النجاه رقي الأخلاق الحقيقيه سيفسدها السفله لايملكون صدق الأخلاقيات النبيله,0,1.0,0.0,Ann3,0,3
ArMIS,train,566,صدقت واللاتي يجلسن الكافيهات سافرات مسترجلات ماهن سلع رخيصة سوق النخاسة والمرأة الصالحة الحرة يستدل مكانها ويطرق باب بيتها,1,0.0,1.0,Ann1,1,3
ArMIS,train,566,صدقت واللاتي يجلسن الكافيهات سافرات مسترجلات ماهن سلع رخيصة سوق النخاسة والمرأة الصالحة الحرة يستدل مكانها ويطرق باب بيتها,1,0.0,1.0,Ann2,1,3
ArMIS,train,566,صدقت واللاتي يجلسن الكافيهات سافرات مسترجلات ماهن سلع رخيصة سوق النخاسة والمرأة الصالحة الحرة يستدل مكانها ويطرق باب بيتها,1,0.0,1.0,Ann3,1,3
ArMIS,train,567,التطور المرأة شريكة الرجل معترك الحياة وفي تطور عجلة التنمية كافة المجالات تقود السيارة تذهب الى مدرستها جامعتها المستشفى المصنع بناتنا شريفات وعفيفات ويعملن كافة المجالات والتي فكرها عاهر لتعهر داخل عباتك,0,1.0,0.0,Ann1,0,3
ArMIS,train,567,التطور المرأة شريكة الرجل معترك الحياة وفي تطور عجلة التنمية كافة المجالات تقود السيارة تذهب الى مدرستها جامعتها المستشفى المصنع بناتنا شريفات وعفيفات ويعملن كافة المجالات والتي فكرها عاهر لتعهر داخل عباتك,0,1.0,0.0,Ann2,0,3
ArMIS,train,567,التطور المرأة شريكة الرجل معترك الحياة وفي تطور عجلة التنمية كافة المجالات تقود السيارة تذهب الى مدرستها جامعتها المستشفى المصنع بناتنا شريفات وعفيفات ويعملن كافة المجالات والتي فكرها عاهر لتعهر داخل عباتك,0,1.0,0.0,Ann3,0,3
ArMIS,train,568,تابعت مسلسل ولأول مره شفت المعنى الحقيقي لقهر الرجال وكيد النساء الله يحرق كبودهم تعبت وأنا أشوفه,1,0.33,0.67,Ann1,1,3
ArMIS,train,568,تابعت مسلسل ولأول مره شفت المعنى الحقيقي لقهر الرجال وكيد النساء الله يحرق كبودهم تعبت وأنا أشوفه,1,0.33,0.67,Ann2,1,3
ArMIS,train,568,تابعت مسلسل ولأول مره شفت المعنى الحقيقي لقهر الرجال وكيد النساء الله يحرق كبودهم تعبت وأنا أشوفه,1,0.33,0.67,Ann3,0,3
ArMIS,train,569,وحده تتحدى الثانية أرخص وحده فينا للمعلومية الشعب السعودي عيناتك وعينات هند ماتجيب روسنا بعكس نشوفكم رخيصات اقل اكثر,1,0.0,1.0,Ann1,1,3
ArMIS,train,569,وحده تتحدى الثانية أرخص وحده فينا للمعلومية الشعب السعودي عيناتك وعينات هند ماتجيب روسنا بعكس نشوفكم رخيصات اقل اكثر,1,0.0,1.0,Ann2,1,3
ArMIS,train,569,وحده تتحدى الثانية أرخص وحده فينا للمعلومية الشعب السعودي عيناتك وعينات هند ماتجيب روسنا بعكس نشوفكم رخيصات اقل اكثر,1,0.0,1.0,Ann3,1,3
ArMIS,train,570,مننتقل تحديد وطائف المرأة بالحياة لتبرير العنف المرأة يمكن اقنع ولادي انو ضربني قلتلن ليه ضربني فعلا بتزع يوما تفيق وتحس انو هيدا الكائن يلي حدها خاطفا فكريا ومعنويا,0,1.0,0.0,Ann1,0,3
ArMIS,train,570,مننتقل تحديد وطائف المرأة بالحياة لتبرير العنف المرأة يمكن اقنع ولادي انو ضربني قلتلن ليه ضربني فعلا بتزع يوما تفيق وتحس انو هيدا الكائن يلي حدها خاطفا فكريا ومعنويا,0,1.0,0.0,Ann2,0,3
ArMIS,train,570,مننتقل تحديد وطائف المرأة بالحياة لتبرير العنف المرأة يمكن اقنع ولادي انو ضربني قلتلن ليه ضربني فعلا بتزع يوما تفيق وتحس انو هيدا الكائن يلي حدها خاطفا فكريا ومعنويا,0,1.0,0.0,Ann3,0,3
ArMIS,train,571,اشي بقرارات الحظر وخلافه كوم وقرار اقفال الحضانات كوم ثاني لحال يعني بكامل قواهم العقليه يعني الام وين تروح باطفالها لعاد برأيي إغلاق الحضانات يندرج تحت بند العنف المرأة لأنها جبر ترك العمل,0,1.0,0.0,Ann1,0,3
ArMIS,train,571,اشي بقرارات الحظر وخلافه كوم وقرار اقفال الحضانات كوم ثاني لحال يعني بكامل قواهم العقليه يعني الام وين تروح باطفالها لعاد برأيي إغلاق الحضانات يندرج تحت بند العنف المرأة لأنها جبر ترك العمل,0,1.0,0.0,Ann2,0,3
ArMIS,train,571,اشي بقرارات الحظر وخلافه كوم وقرار اقفال الحضانات كوم ثاني لحال يعني بكامل قواهم العقليه يعني الام وين تروح باطفالها لعاد برأيي إغلاق الحضانات يندرج تحت بند العنف المرأة لأنها جبر ترك العمل,0,1.0,0.0,Ann3,0,3
ArMIS,train,572,تصورت صورة بتنفع غلاف لمجلة محجبات حسيت لمجلة نسويات مجلة بتخص المرأة العربية مثل لمجلة سيدات بشكل عام حبيتها,0,1.0,0.0,Ann1,0,3
ArMIS,train,572,تصورت صورة بتنفع غلاف لمجلة محجبات حسيت لمجلة نسويات مجلة بتخص المرأة العربية مثل لمجلة سيدات بشكل عام حبيتها,0,1.0,0.0,Ann2,0,3
ArMIS,train,572,تصورت صورة بتنفع غلاف لمجلة محجبات حسيت لمجلة نسويات مجلة بتخص المرأة العربية مثل لمجلة سيدات بشكل عام حبيتها,0,1.0,0.0,Ann3,0,3
ArMIS,train,573,وتجي كسرة نسوية تقول انا جبت حقوقكم الملك الله يحفظه وولي عهده اللي جابوا حقوقنا,0,0.67,0.33,Ann1,0,3
ArMIS,train,573,وتجي كسرة نسوية تقول انا جبت حقوقكم الملك الله يحفظه وولي عهده اللي جابوا حقوقنا,0,0.67,0.33,Ann2,0,3
ArMIS,train,573,وتجي كسرة نسوية تقول انا جبت حقوقكم الملك الله يحفظه وولي عهده اللي جابوا حقوقنا,0,0.67,0.33,Ann3,1,3
ArMIS,train,574,الي سوو لايك خرفان نسويات ههه,1,0.33,0.67,Ann1,1,3
ArMIS,train,574,الي سوو لايك خرفان نسويات ههه,1,0.33,0.67,Ann2,0,3
ArMIS,train,574,الي سوو لايك خرفان نسويات ههه,1,0.33,0.67,Ann3,1,3
ArMIS,train,575,تجمعني متابعينك الساقطين نفسك يسبو يغلطو تأكدي انك انتي الخرفان الي لاميتهم يطبلو وراكي وقتها تاكدي انك تافهه وانا الحق علي الي اضيف بنات شوارع لاتربايه اخلاق العموم ختفووو ثنين ربوكي لانهم ربو كلب افضل,1,0.0,1.0,Ann1,1,3
ArMIS,train,575,تجمعني متابعينك الساقطين نفسك يسبو يغلطو تأكدي انك انتي الخرفان الي لاميتهم يطبلو وراكي وقتها تاكدي انك تافهه وانا الحق علي الي اضيف بنات شوارع لاتربايه اخلاق العموم ختفووو ثنين ربوكي لانهم ربو كلب افضل,1,0.0,1.0,Ann2,1,3
ArMIS,train,575,تجمعني متابعينك الساقطين نفسك يسبو يغلطو تأكدي انك انتي الخرفان الي لاميتهم يطبلو وراكي وقتها تاكدي انك تافهه وانا الحق علي الي اضيف بنات شوارع لاتربايه اخلاق العموم ختفووو ثنين ربوكي لانهم ربو كلب افضل,1,0.0,1.0,Ann3,1,3
ArMIS,train,576,متخصص البويضات والثاني اكتشف المرأه عندما تقود السيارة ستذهب لعشيقها والاخر تضرب المرأه بالنعال الا وجهها لانه سيعاشرها ليلا اعتقد احرجت بهذا الابداعات والانجازات اتو يأتي الاولون وكل علماء افادو البشريه بتفوقهم عليهم,1,0.33,0.67,Ann1,1,3
ArMIS,train,576,متخصص البويضات والثاني اكتشف المرأه عندما تقود السيارة ستذهب لعشيقها والاخر تضرب المرأه بالنعال الا وجهها لانه سيعاشرها ليلا اعتقد احرجت بهذا الابداعات والانجازات اتو يأتي الاولون وكل علماء افادو البشريه بتفوقهم عليهم,1,0.33,0.67,Ann2,0,3
ArMIS,train,576,متخصص البويضات والثاني اكتشف المرأه عندما تقود السيارة ستذهب لعشيقها والاخر تضرب المرأه بالنعال الا وجهها لانه سيعاشرها ليلا اعتقد احرجت بهذا الابداعات والانجازات اتو يأتي الاولون وكل علماء افادو البشريه بتفوقهم عليهم,1,0.33,0.67,Ann3,1,3
ArMIS,train,577,والاسلام يقول استرقوا النساء واجعلوا اعراضهم مستباحة الاب والابن والصديق يستطيع معاشرتها واذا انجبت مولود عادي المالك يأخذ الطفل ويهديه كهدية لمن يريد خلط الانساب واضح وتلاعب باالفتاوى واضح اصبح المسلم يتستعبد مسلم مثله اسلام تتحدث يارجل,1,0.33,0.67,Ann1,1,3
ArMIS,train,577,والاسلام يقول استرقوا النساء واجعلوا اعراضهم مستباحة الاب والابن والصديق يستطيع معاشرتها واذا انجبت مولود عادي المالك يأخذ الطفل ويهديه كهدية لمن يريد خلط الانساب واضح وتلاعب باالفتاوى واضح اصبح المسلم يتستعبد مسلم مثله اسلام تتحدث يارجل,1,0.33,0.67,Ann2,0,3
ArMIS,train,577,والاسلام يقول استرقوا النساء واجعلوا اعراضهم مستباحة الاب والابن والصديق يستطيع معاشرتها واذا انجبت مولود عادي المالك يأخذ الطفل ويهديه كهدية لمن يريد خلط الانساب واضح وتلاعب باالفتاوى واضح اصبح المسلم يتستعبد مسلم مثله اسلام تتحدث يارجل,1,0.33,0.67,Ann3,1,3
ArMIS,train,578,هلكونا بالهم البنات رخيصات,0,0.67,0.33,Ann1,0,3
ArMIS,train,578,هلكونا بالهم البنات رخيصات,0,0.67,0.33,Ann2,0,3
ArMIS,train,578,هلكونا بالهم البنات رخيصات,0,0.67,0.33,Ann3,1,3
ArMIS,train,579,متبرجات سافرات,1,0.33,0.67,Ann1,1,3
ArMIS,train,579,متبرجات سافرات,1,0.33,0.67,Ann2,0,3
ArMIS,train,579,متبرجات سافرات,1,0.33,0.67,Ann3,1,3
ArMIS,train,580,صرنا فاجرات الحين,0,1.0,0.0,Ann1,0,3
ArMIS,train,580,صرنا فاجرات الحين,0,1.0,0.0,Ann2,0,3
ArMIS,train,580,صرنا فاجرات الحين,0,1.0,0.0,Ann3,0,3
ArMIS,train,581,تساوي النساء الرجال يحدث الا زيادة رفاهية العصر صاروخ نووي يدمر الحضارة كفيل بأن رجع جنس لمكانته أقصد استنقاص جنس اخر فقط يرجعهم لتكميل ادوارهم اللتي خلقو,1,0.33,0.67,Ann1,1,3
ArMIS,train,581,تساوي النساء الرجال يحدث الا زيادة رفاهية العصر صاروخ نووي يدمر الحضارة كفيل بأن رجع جنس لمكانته أقصد استنقاص جنس اخر فقط يرجعهم لتكميل ادوارهم اللتي خلقو,1,0.33,0.67,Ann2,0,3
ArMIS,train,581,تساوي النساء الرجال يحدث الا زيادة رفاهية العصر صاروخ نووي يدمر الحضارة كفيل بأن رجع جنس لمكانته أقصد استنقاص جنس اخر فقط يرجعهم لتكميل ادوارهم اللتي خلقو,1,0.33,0.67,Ann3,1,3
ArMIS,train,582,اليك القصف ينقصه عقل وكل مرة ينزل بعقله الى مرتبة الحيوانات ناقصات دين تكليف الشعائر الدينية سقط عنها أحي انا كصلا ناقصات عقل فكير القلب يزيد تفكير الع أحيانا كالشهادة,0,1.0,0.0,Ann1,0,3
ArMIS,train,582,اليك القصف ينقصه عقل وكل مرة ينزل بعقله الى مرتبة الحيوانات ناقصات دين تكليف الشعائر الدينية سقط عنها أحي انا كصلا ناقصات عقل فكير القلب يزيد تفكير الع أحيانا كالشهادة,0,1.0,0.0,Ann2,0,3
ArMIS,train,582,اليك القصف ينقصه عقل وكل مرة ينزل بعقله الى مرتبة الحيوانات ناقصات دين تكليف الشعائر الدينية سقط عنها أحي انا كصلا ناقصات عقل فكير القلب يزيد تفكير الع أحيانا كالشهادة,0,1.0,0.0,Ann3,0,3
ArMIS,train,583,دقيقه دقيقه دخل المطلقات سالفه الحين ترا نساء متزوجات وخربو بيوت اخوانهم واخواتهم ماله دخل مررره ترا الحين ذنب مطلقه رقبتك وبعدين تدخل نية احد عشان نطالب بحقوقنا صارنا نبغا الافلات وكلام واذا انت تشوف الحريه صايعات اتمنى اكون صايعه واعيش حياتي,0,1.0,0.0,Ann1,0,3
ArMIS,train,583,دقيقه دقيقه دخل المطلقات سالفه الحين ترا نساء متزوجات وخربو بيوت اخوانهم واخواتهم ماله دخل مررره ترا الحين ذنب مطلقه رقبتك وبعدين تدخل نية احد عشان نطالب بحقوقنا صارنا نبغا الافلات وكلام واذا انت تشوف الحريه صايعات اتمنى اكون صايعه واعيش حياتي,0,1.0,0.0,Ann2,0,3
ArMIS,train,583,دقيقه دقيقه دخل المطلقات سالفه الحين ترا نساء متزوجات وخربو بيوت اخوانهم واخواتهم ماله دخل مررره ترا الحين ذنب مطلقه رقبتك وبعدين تدخل نية احد عشان نطالب بحقوقنا صارنا نبغا الافلات وكلام واذا انت تشوف الحريه صايعات اتمنى اكون صايعه واعيش حياتي,0,1.0,0.0,Ann3,0,3
ArMIS,train,584,المسلسل يبين البنات وقحات قليلات ادب بلا تربيه تحت مسمى القوه independent woman بشكل يقرف وبخصوص الحوارات هبه,1,0.33,0.67,Ann1,1,3
ArMIS,train,584,المسلسل يبين البنات وقحات قليلات ادب بلا تربيه تحت مسمى القوه independent woman بشكل يقرف وبخصوص الحوارات هبه,1,0.33,0.67,Ann2,0,3
ArMIS,train,584,المسلسل يبين البنات وقحات قليلات ادب بلا تربيه تحت مسمى القوه independent woman بشكل يقرف وبخصوص الحوارات هبه,1,0.33,0.67,Ann3,1,3
ArMIS,train,585,الرجل اللي ياخذ زوجته ماهو رجل الله سبحانه يقول الرجال قومون النساء وين رجولتك حرام يصنف اصناف الرجال,0,1.0,0.0,Ann1,0,3
ArMIS,train,585,الرجل اللي ياخذ زوجته ماهو رجل الله سبحانه يقول الرجال قومون النساء وين رجولتك حرام يصنف اصناف الرجال,0,1.0,0.0,Ann2,0,3
ArMIS,train,585,الرجل اللي ياخذ زوجته ماهو رجل الله سبحانه يقول الرجال قومون النساء وين رجولتك حرام يصنف اصناف الرجال,0,1.0,0.0,Ann3,0,3
ArMIS,train,586,صحيح بذكر استاذي الديانة كان دايما يحكي انو اغلبية اهل النار نساء لكونون محجبات ناقصات دين نمامات هالحكي الفاضي كلو,0,0.67,0.33,Ann1,1,3
ArMIS,train,586,صحيح بذكر استاذي الديانة كان دايما يحكي انو اغلبية اهل النار نساء لكونون محجبات ناقصات دين نمامات هالحكي الفاضي كلو,0,0.67,0.33,Ann2,0,3
ArMIS,train,586,صحيح بذكر استاذي الديانة كان دايما يحكي انو اغلبية اهل النار نساء لكونون محجبات ناقصات دين نمامات هالحكي الفاضي كلو,0,0.67,0.33,Ann3,0,3
ArMIS,train,587,الزمن انقلب هسه زمن النساء,0,1.0,0.0,Ann1,0,3
ArMIS,train,587,الزمن انقلب هسه زمن النساء,0,1.0,0.0,Ann2,0,3
ArMIS,train,587,الزمن انقلب هسه زمن النساء,0,1.0,0.0,Ann3,0,3
ArMIS,train,588,ساتر خليت الفسويات يصايحو عندك,1,0.33,0.67,Ann1,1,3
ArMIS,train,588,ساتر خليت الفسويات يصايحو عندك,1,0.33,0.67,Ann2,0,3
ArMIS,train,588,ساتر خليت الفسويات يصايحو عندك,1,0.33,0.67,Ann3,1,3
ArMIS,train,589,لبس فاسدات,1,0.0,1.0,Ann1,1,3
ArMIS,train,589,لبس فاسدات,1,0.0,1.0,Ann2,1,3
ArMIS,train,589,لبس فاسدات,1,0.0,1.0,Ann3,1,3
ArMIS,train,590,كنت النسويات الحين انا معكم واحتمال اصير ليزبيان الله ياخذ الرجال,0,1.0,0.0,Ann1,0,3
ArMIS,train,590,كنت النسويات الحين انا معكم واحتمال اصير ليزبيان الله ياخذ الرجال,0,1.0,0.0,Ann2,0,3
ArMIS,train,590,كنت النسويات الحين انا معكم واحتمال اصير ليزبيان الله ياخذ الرجال,0,1.0,0.0,Ann3,0,3
ArMIS,train,591,دايم يجي ببالي افتح لماما حساب بتويتر واخليها تتابع نسويات يشرحون النسويه بشكل واضح وبقلم ودفتر خايفه تتمسك بذكوريتها اكثر,0,1.0,0.0,Ann1,0,3
ArMIS,train,591,دايم يجي ببالي افتح لماما حساب بتويتر واخليها تتابع نسويات يشرحون النسويه بشكل واضح وبقلم ودفتر خايفه تتمسك بذكوريتها اكثر,0,1.0,0.0,Ann2,0,3
ArMIS,train,591,دايم يجي ببالي افتح لماما حساب بتويتر واخليها تتابع نسويات يشرحون النسويه بشكل واضح وبقلم ودفتر خايفه تتمسك بذكوريتها اكثر,0,1.0,0.0,Ann3,0,3
ArMIS,train,592,النسويات طلعو يطالبون باسقاط الولاية والتعري والخروج بدون محرم وهالتفاهات ويطلبون اشياء مالها داعي انا اترك اسمه نسوية انتو نسيتو دينكم ايش,1,0.33,0.67,Ann1,1,3
ArMIS,train,592,النسويات طلعو يطالبون باسقاط الولاية والتعري والخروج بدون محرم وهالتفاهات ويطلبون اشياء مالها داعي انا اترك اسمه نسوية انتو نسيتو دينكم ايش,1,0.33,0.67,Ann2,0,3
ArMIS,train,592,النسويات طلعو يطالبون باسقاط الولاية والتعري والخروج بدون محرم وهالتفاهات ويطلبون اشياء مالها داعي انا اترك اسمه نسوية انتو نسيتو دينكم ايش,1,0.33,0.67,Ann3,1,3
ArMIS,train,593,ومين قال السبب اكثر اهل النار نساء بسبب عددكم بسبب بلاويكم اغلبكم متبرجات,1,0.0,1.0,Ann1,1,3
ArMIS,train,593,ومين قال السبب اكثر اهل النار نساء بسبب عددكم بسبب بلاويكم اغلبكم متبرجات,1,0.0,1.0,Ann2,1,3
ArMIS,train,593,ومين قال السبب اكثر اهل النار نساء بسبب عددكم بسبب بلاويكم اغلبكم متبرجات,1,0.0,1.0,Ann3,1,3
ArMIS,train,594,ترا يلي تبي تدافع حقوق المراة بجد تكون مهي نسوية حقوق المرأة اما النسوية يلي تبي الشذوذ والتعري وادخال افكار للبنات انه الرجال سيئين وانه الدين اعطى المرأة حقوقها ويبعدونهم الدين بافكارهم وانه اهلهم مهم كويسين وانه لازم يكونوا متساويين الرجال والخ,1,0.33,0.67,Ann1,1,3
ArMIS,train,594,ترا يلي تبي تدافع حقوق المراة بجد تكون مهي نسوية حقوق المرأة اما النسوية يلي تبي الشذوذ والتعري وادخال افكار للبنات انه الرجال سيئين وانه الدين اعطى المرأة حقوقها ويبعدونهم الدين بافكارهم وانه اهلهم مهم كويسين وانه لازم يكونوا متساويين الرجال والخ,1,0.33,0.67,Ann2,0,3
ArMIS,train,594,ترا يلي تبي تدافع حقوق المراة بجد تكون مهي نسوية حقوق المرأة اما النسوية يلي تبي الشذوذ والتعري وادخال افكار للبنات انه الرجال سيئين وانه الدين اعطى المرأة حقوقها ويبعدونهم الدين بافكارهم وانه اهلهم مهم كويسين وانه لازم يكونوا متساويين الرجال والخ,1,0.33,0.67,Ann3,1,3
ArMIS,train,595,دليل آخر تركت المرأة لخياراتها إختلفت الإختيارات الرجال نساء السويد المتحررة اليسارية تفضل الطب علوم البيولجية الهندسة الفيزياء التخصص نساء باكستان الهند تتخصص الهندسة بسبب الضغط الإجتماعي,0,1.0,0.0,Ann1,0,3
ArMIS,train,595,دليل آخر تركت المرأة لخياراتها إختلفت الإختيارات الرجال نساء السويد المتحررة اليسارية تفضل الطب علوم البيولجية الهندسة الفيزياء التخصص نساء باكستان الهند تتخصص الهندسة بسبب الضغط الإجتماعي,0,1.0,0.0,Ann2,0,3
ArMIS,train,595,دليل آخر تركت المرأة لخياراتها إختلفت الإختيارات الرجال نساء السويد المتحررة اليسارية تفضل الطب علوم البيولجية الهندسة الفيزياء التخصص نساء باكستان الهند تتخصص الهندسة بسبب الضغط الإجتماعي,0,1.0,0.0,Ann3,0,3
ArMIS,train,596,الي تكون رخيصه للاسف اغلب البنات رخيصات,1,0.0,1.0,Ann1,1,3
ArMIS,train,596,الي تكون رخيصه للاسف اغلب البنات رخيصات,1,0.0,1.0,Ann2,1,3
ArMIS,train,596,الي تكون رخيصه للاسف اغلب البنات رخيصات,1,0.0,1.0,Ann3,1,3
ArMIS,train,597,ياليل التفكير السطحي الي ياخذ بكلام طفل انت عارف بيصير ليه يعيش طفولته بعدين يفكر بذي الاشياء ليه انتو مصرين التفكير والحين يعني تحشير انك تجيني باسلوب الحريه الشخصيه النسويات,0,1.0,0.0,Ann1,0,3
ArMIS,train,597,ياليل التفكير السطحي الي ياخذ بكلام طفل انت عارف بيصير ليه يعيش طفولته بعدين يفكر بذي الاشياء ليه انتو مصرين التفكير والحين يعني تحشير انك تجيني باسلوب الحريه الشخصيه النسويات,0,1.0,0.0,Ann2,0,3
ArMIS,train,597,ياليل التفكير السطحي الي ياخذ بكلام طفل انت عارف بيصير ليه يعيش طفولته بعدين يفكر بذي الاشياء ليه انتو مصرين التفكير والحين يعني تحشير انك تجيني باسلوب الحريه الشخصيه النسويات,0,1.0,0.0,Ann3,0,3
ArMIS,train,598,وماذا بلقيس واروى وسبا 600 الف سنه المرأة الموظفة المرأة تقود السيارة قبل البلدان المتحضرة الفنانات ملكة البرتقال انتي تعرفين شيء انك مأجورة تعملين لصالح أجندة غربيه,0,1.0,0.0,Ann1,0,3
ArMIS,train,598,وماذا بلقيس واروى وسبا 600 الف سنه المرأة الموظفة المرأة تقود السيارة قبل البلدان المتحضرة الفنانات ملكة البرتقال انتي تعرفين شيء انك مأجورة تعملين لصالح أجندة غربيه,0,1.0,0.0,Ann2,0,3
ArMIS,train,598,وماذا بلقيس واروى وسبا 600 الف سنه المرأة الموظفة المرأة تقود السيارة قبل البلدان المتحضرة الفنانات ملكة البرتقال انتي تعرفين شيء انك مأجورة تعملين لصالح أجندة غربيه,0,1.0,0.0,Ann3,0,3
ArMIS,train,599,معظم البنات مصر جيت تقول لوحده فيهم حفره قدامك حسبي هتقعي هتقلك انتا عايز تسيطر عليا وتمشيني برأيك وتلغي شخصيتي ناقصات عقل ودين فعلا,1,0.0,1.0,Ann1,1,3
ArMIS,train,599,معظم البنات مصر جيت تقول لوحده فيهم حفره قدامك حسبي هتقعي هتقلك انتا عايز تسيطر عليا وتمشيني برأيك وتلغي شخصيتي ناقصات عقل ودين فعلا,1,0.0,1.0,Ann2,1,3
ArMIS,train,599,معظم البنات مصر جيت تقول لوحده فيهم حفره قدامك حسبي هتقعي هتقلك انتا عايز تسيطر عليا وتمشيني برأيك وتلغي شخصيتي ناقصات عقل ودين فعلا,1,0.0,1.0,Ann3,1,3
ArMIS,train,600,بيتقب بنات سافرات بدون حجاب للعمل مؤسساته يحق التكل منع المحجبات مكان آخر هيك بكون منافق,0,1.0,0.0,Ann1,0,3
ArMIS,train,600,بيتقب بنات سافرات بدون حجاب للعمل مؤسساته يحق التكل منع المحجبات مكان آخر هيك بكون منافق,0,1.0,0.0,Ann2,0,3
ArMIS,train,600,بيتقب بنات سافرات بدون حجاب للعمل مؤسساته يحق التكل منع المحجبات مكان آخر هيك بكون منافق,0,1.0,0.0,Ann3,0,3
ArMIS,train,601,الفيلم انتاج نيتفليكس فيعني اكيد غرقان اجندة وكانت اجندة نسوية للامانة كثرتها كانت مزعجة لان كانت جزء القصة وفي سياق الفيلم زال فيلم بيض مره اكثر يميز اعمال هولمز موجودة,0,1.0,0.0,Ann1,0,3
ArMIS,train,601,الفيلم انتاج نيتفليكس فيعني اكيد غرقان اجندة وكانت اجندة نسوية للامانة كثرتها كانت مزعجة لان كانت جزء القصة وفي سياق الفيلم زال فيلم بيض مره اكثر يميز اعمال هولمز موجودة,0,1.0,0.0,Ann2,0,3
ArMIS,train,601,الفيلم انتاج نيتفليكس فيعني اكيد غرقان اجندة وكانت اجندة نسوية للامانة كثرتها كانت مزعجة لان كانت جزء القصة وفي سياق الفيلم زال فيلم بيض مره اكثر يميز اعمال هولمز موجودة,0,1.0,0.0,Ann3,0,3
ArMIS,train,602,يجوز للرجل يلحس الايس كريم امام النساء سبب فتنه للنساء وسوف يأخذ اثىم عظيم,0,0.67,0.33,Ann1,1,3
ArMIS,train,602,يجوز للرجل يلحس الايس كريم امام النساء سبب فتنه للنساء وسوف يأخذ اثىم عظيم,0,0.67,0.33,Ann2,0,3
ArMIS,train,602,يجوز للرجل يلحس الايس كريم امام النساء سبب فتنه للنساء وسوف يأخذ اثىم عظيم,0,0.67,0.33,Ann3,0,3
ArMIS,train,603,النسويات يؤيدن العلاقات العمل خارجه الحمد لله بناتنا يعملن الرجال بهذه المهزله الفديو الله يستر عليهن ويهديهن للصراط المستقيم,0,1.0,0.0,Ann1,0,3
ArMIS,train,603,النسويات يؤيدن العلاقات العمل خارجه الحمد لله بناتنا يعملن الرجال بهذه المهزله الفديو الله يستر عليهن ويهديهن للصراط المستقيم,0,1.0,0.0,Ann2,0,3
ArMIS,train,603,النسويات يؤيدن العلاقات العمل خارجه الحمد لله بناتنا يعملن الرجال بهذه المهزله الفديو الله يستر عليهن ويهديهن للصراط المستقيم,0,1.0,0.0,Ann3,0,3
ArMIS,train,604,معتله معتوه تتكلمين شيء فاهمته ليششش انتي غبيه الله اجتهاد شخصي منك النسوية نفسها المطالبة بحقوق المرأة والمساوة الجنس الآخر وبس وبعدين تعالي إبقاء مكانة الرجل ترا ذكر رجل ترا الحمار ذكر طيب يار حثوى تراب,1,0.0,1.0,Ann1,1,3
ArMIS,train,604,معتله معتوه تتكلمين شيء فاهمته ليششش انتي غبيه الله اجتهاد شخصي منك النسوية نفسها المطالبة بحقوق المرأة والمساوة الجنس الآخر وبس وبعدين تعالي إبقاء مكانة الرجل ترا ذكر رجل ترا الحمار ذكر طيب يار حثوى تراب,1,0.0,1.0,Ann2,1,3
ArMIS,train,604,معتله معتوه تتكلمين شيء فاهمته ليششش انتي غبيه الله اجتهاد شخصي منك النسوية نفسها المطالبة بحقوق المرأة والمساوة الجنس الآخر وبس وبعدين تعالي إبقاء مكانة الرجل ترا ذكر رجل ترا الحمار ذكر طيب يار حثوى تراب,1,0.0,1.0,Ann3,1,3
ArMIS,train,605,أصلحك الله أتيت لأن زمن النساء بتلقى إنك رجعت لبطن امرأة تمنت تكون صالحا كإسمك تغرد بفتنة النساء صدق الرسول صلى الله وسلم وكذبت,0,1.0,0.0,Ann1,0,3
ArMIS,train,605,أصلحك الله أتيت لأن زمن النساء بتلقى إنك رجعت لبطن امرأة تمنت تكون صالحا كإسمك تغرد بفتنة النساء صدق الرسول صلى الله وسلم وكذبت,0,1.0,0.0,Ann2,0,3
ArMIS,train,605,أصلحك الله أتيت لأن زمن النساء بتلقى إنك رجعت لبطن امرأة تمنت تكون صالحا كإسمك تغرد بفتنة النساء صدق الرسول صلى الله وسلم وكذبت,0,1.0,0.0,Ann3,0,3
ArMIS,train,606,المشرفات متسلطات ليش,0,0.67,0.33,Ann1,1,3
ArMIS,train,606,المشرفات متسلطات ليش,0,0.67,0.33,Ann2,0,3
ArMIS,train,606,المشرفات متسلطات ليش,0,0.67,0.33,Ann3,0,3
ArMIS,train,607,قذرات الله ياخذهن نجسن الناس اكيد اجنبيات بنات الحمايل يكرمن عنهن,1,0.0,1.0,Ann1,1,3
ArMIS,train,607,قذرات الله ياخذهن نجسن الناس اكيد اجنبيات بنات الحمايل يكرمن عنهن,1,0.0,1.0,Ann2,1,3
ArMIS,train,607,قذرات الله ياخذهن نجسن الناس اكيد اجنبيات بنات الحمايل يكرمن عنهن,1,0.0,1.0,Ann3,1,3
ArMIS,train,608,نصيحتي المتواضعه اختي خذي الردود الايجابية واتركي السلبية وكل مدير وله شخصيته وتعامله وطبعه الموظفين والواحد يصبر علشان لقمة العيش الوظائف الكرسي دوار والي اشوفه ويمكن اكون غلطان دااائما السيدات متسلطات الوظائف الحكومية ليه,0,0.67,0.33,Ann1,1,3
ArMIS,train,608,نصيحتي المتواضعه اختي خذي الردود الايجابية واتركي السلبية وكل مدير وله شخصيته وتعامله وطبعه الموظفين والواحد يصبر علشان لقمة العيش الوظائف الكرسي دوار والي اشوفه ويمكن اكون غلطان دااائما السيدات متسلطات الوظائف الحكومية ليه,0,0.67,0.33,Ann2,0,3
ArMIS,train,608,نصيحتي المتواضعه اختي خذي الردود الايجابية واتركي السلبية وكل مدير وله شخصيته وتعامله وطبعه الموظفين والواحد يصبر علشان لقمة العيش الوظائف الكرسي دوار والي اشوفه ويمكن اكون غلطان دااائما السيدات متسلطات الوظائف الحكومية ليه,0,0.67,0.33,Ann3,0,3
ArMIS,train,609,حقيقي وهذا كلامهم حنا نسويات نكرة الذكور ندعم قيرل'ز قروب المفروض يكرهون طاري هالشيء يتكلمون عنه نهائي,0,1.0,0.0,Ann1,0,3
ArMIS,train,609,حقيقي وهذا كلامهم حنا نسويات نكرة الذكور ندعم قيرل'ز قروب المفروض يكرهون طاري هالشيء يتكلمون عنه نهائي,0,1.0,0.0,Ann2,0,3
ArMIS,train,609,حقيقي وهذا كلامهم حنا نسويات نكرة الذكور ندعم قيرل'ز قروب المفروض يكرهون طاري هالشيء يتكلمون عنه نهائي,0,1.0,0.0,Ann3,0,3
ArMIS,train,610,النسويات انتن متمردات وبذيئات لسان نموهم ازواجكن وهم عزوتكن وسندكن وامانكن تحتضن البنات اهلهن تحتقره الزواج وتشوهن سمعته تتهمون البنات بانهن عبدات ذكور وتقولين ليه المجتمع ضدنا ترا زوجس وعزوتس وسندك محدن بينفعك شهاده غيره,1,0.0,1.0,Ann1,1,3
ArMIS,train,610,النسويات انتن متمردات وبذيئات لسان نموهم ازواجكن وهم عزوتكن وسندكن وامانكن تحتضن البنات اهلهن تحتقره الزواج وتشوهن سمعته تتهمون البنات بانهن عبدات ذكور وتقولين ليه المجتمع ضدنا ترا زوجس وعزوتس وسندك محدن بينفعك شهاده غيره,1,0.0,1.0,Ann2,1,3
ArMIS,train,610,النسويات انتن متمردات وبذيئات لسان نموهم ازواجكن وهم عزوتكن وسندكن وامانكن تحتضن البنات اهلهن تحتقره الزواج وتشوهن سمعته تتهمون البنات بانهن عبدات ذكور وتقولين ليه المجتمع ضدنا ترا زوجس وعزوتس وسندك محدن بينفعك شهاده غيره,1,0.0,1.0,Ann3,1,3
ArMIS,train,611,اتفه شيء نطالب القبض والقبض قروشه يلعن شكلهم وانا حملتها النسويات انا حملتها الفسويات,1,0.0,1.0,Ann1,1,3
ArMIS,train,611,اتفه شيء نطالب القبض والقبض قروشه يلعن شكلهم وانا حملتها النسويات انا حملتها الفسويات,1,0.0,1.0,Ann2,1,3
ArMIS,train,611,اتفه شيء نطالب القبض والقبض قروشه يلعن شكلهم وانا حملتها النسويات انا حملتها الفسويات,1,0.0,1.0,Ann3,1,3
ArMIS,train,612,يجب تحمد الله انك عشت طفولتك زمن النساء النقيات امهات اليوم ترمي اطفالها بحضن الشغالة الجيران تحضر مناسبة حفلة تخرج لتسوق,1,0.0,1.0,Ann1,1,3
ArMIS,train,612,يجب تحمد الله انك عشت طفولتك زمن النساء النقيات امهات اليوم ترمي اطفالها بحضن الشغالة الجيران تحضر مناسبة حفلة تخرج لتسوق,1,0.0,1.0,Ann2,1,3
ArMIS,train,612,يجب تحمد الله انك عشت طفولتك زمن النساء النقيات امهات اليوم ترمي اطفالها بحضن الشغالة الجيران تحضر مناسبة حفلة تخرج لتسوق,1,0.0,1.0,Ann3,1,3
ArMIS,train,613,اجلد الفسويات المسترجلات بتات اخر زمن,1,0.0,1.0,Ann1,1,3
ArMIS,train,613,اجلد الفسويات المسترجلات بتات اخر زمن,1,0.0,1.0,Ann2,1,3
ArMIS,train,613,اجلد الفسويات المسترجلات بتات اخر زمن,1,0.0,1.0,Ann3,1,3
ArMIS,train,614,قولي مايبي يتحمل مسؤولية مقتدر ملاقي طرق اخرى لاتقولين الجمال بعدين شدخل الصلاح بالجمال الصالحات عفنات والجميلات فاسقات وين المشكلة اذا اشترط الجمال خصوصا اذا جميل حقه وحتى البنت تشترط واحد عنده اولويات ياخذ اللي يناسب اولوياته وينام عالجنب اللي يريحه,0,1.0,0.0,Ann1,0,3
ArMIS,train,614,قولي مايبي يتحمل مسؤولية مقتدر ملاقي طرق اخرى لاتقولين الجمال بعدين شدخل الصلاح بالجمال الصالحات عفنات والجميلات فاسقات وين المشكلة اذا اشترط الجمال خصوصا اذا جميل حقه وحتى البنت تشترط واحد عنده اولويات ياخذ اللي يناسب اولوياته وينام عالجنب اللي يريحه,0,1.0,0.0,Ann2,0,3
ArMIS,train,614,قولي مايبي يتحمل مسؤولية مقتدر ملاقي طرق اخرى لاتقولين الجمال بعدين شدخل الصلاح بالجمال الصالحات عفنات والجميلات فاسقات وين المشكلة اذا اشترط الجمال خصوصا اذا جميل حقه وحتى البنت تشترط واحد عنده اولويات ياخذ اللي يناسب اولوياته وينام عالجنب اللي يريحه,0,1.0,0.0,Ann3,0,3
ArMIS,train,615,يغرونك بالسعادة ستجدينها تركك للدين نهاية المطاف,1,0.0,1.0,Ann1,1,3
ArMIS,train,615,يغرونك بالسعادة ستجدينها تركك للدين نهاية المطاف,1,0.0,1.0,Ann2,1,3
ArMIS,train,615,يغرونك بالسعادة ستجدينها تركك للدين نهاية المطاف,1,0.0,1.0,Ann3,1,3
ArMIS,train,616,البنت يوم تقول انها تحس نفسها بزر يعني مستعدة للمسوؤليات الفراش قناعة شخصية ماله دخل دلع نسويات ترا النسويات يتزوجون فاهم غلط اسمه بهالعمر وحده تنضج عمر مختلف تحط فرضيات جيبك,0,1.0,0.0,Ann1,0,3
ArMIS,train,616,البنت يوم تقول انها تحس نفسها بزر يعني مستعدة للمسوؤليات الفراش قناعة شخصية ماله دخل دلع نسويات ترا النسويات يتزوجون فاهم غلط اسمه بهالعمر وحده تنضج عمر مختلف تحط فرضيات جيبك,0,1.0,0.0,Ann2,0,3
ArMIS,train,616,البنت يوم تقول انها تحس نفسها بزر يعني مستعدة للمسوؤليات الفراش قناعة شخصية ماله دخل دلع نسويات ترا النسويات يتزوجون فاهم غلط اسمه بهالعمر وحده تنضج عمر مختلف تحط فرضيات جيبك,0,1.0,0.0,Ann3,0,3
ArMIS,train,617,اللي نقوله يكفي واللي نسويه يبقى ناقص,0,1.0,0.0,Ann1,0,3
ArMIS,train,617,اللي نقوله يكفي واللي نسويه يبقى ناقص,0,1.0,0.0,Ann2,0,3
ArMIS,train,617,اللي نقوله يكفي واللي نسويه يبقى ناقص,0,1.0,0.0,Ann3,0,3
ArMIS,train,618,النساء اكيد دخل يصير اختلاط الرجال والنساء والسوالف والخرابيط اللي تصير اللي خلت الكل ياخذ فكره غلط المستشفى مني الكل للاسف نفس الكلام يضر كان قسم نسآئي لحال,0,0.67,0.33,Ann1,1,3
ArMIS,train,618,النساء اكيد دخل يصير اختلاط الرجال والنساء والسوالف والخرابيط اللي تصير اللي خلت الكل ياخذ فكره غلط المستشفى مني الكل للاسف نفس الكلام يضر كان قسم نسآئي لحال,0,0.67,0.33,Ann2,0,3
ArMIS,train,618,النساء اكيد دخل يصير اختلاط الرجال والنساء والسوالف والخرابيط اللي تصير اللي خلت الكل ياخذ فكره غلط المستشفى مني الكل للاسف نفس الكلام يضر كان قسم نسآئي لحال,0,0.67,0.33,Ann3,0,3
ArMIS,train,619,عنصري العنصري لأني أثبت للفتاة خطأ فكرها بأن النساء صالحات فاسدات يعني حينما أثبت للكفار أنهن مخلدين النار بحسب عقيدتي أصبح عنصري الكافر أقول الحق قلت مكتوب شرع الله فهل تتهمي شرع الله أيضا بالعنصرية بحكم أني أناقش,1,0.33,0.67,Ann1,1,3
ArMIS,train,619,عنصري العنصري لأني أثبت للفتاة خطأ فكرها بأن النساء صالحات فاسدات يعني حينما أثبت للكفار أنهن مخلدين النار بحسب عقيدتي أصبح عنصري الكافر أقول الحق قلت مكتوب شرع الله فهل تتهمي شرع الله أيضا بالعنصرية بحكم أني أناقش,1,0.33,0.67,Ann2,1,3
ArMIS,train,619,عنصري العنصري لأني أثبت للفتاة خطأ فكرها بأن النساء صالحات فاسدات يعني حينما أثبت للكفار أنهن مخلدين النار بحسب عقيدتي أصبح عنصري الكافر أقول الحق قلت مكتوب شرع الله فهل تتهمي شرع الله أيضا بالعنصرية بحكم أني أناقش,1,0.33,0.67,Ann3,0,3
ArMIS,train,620,اللات تمثل الجانب النساء العربيات مناة تمثل الوقت لماذا امرأة زمن كان أصنام الوقت المثلوجيات رجال ربما يعود المرأة ممكن تنهي حياة ملوك العرب مثل الجليلة بنت مرة حليمة بنت الحارث اسمه صعب ليلى بنت المهلهل فتم ربط الموت الوقت السعادة,1,0.33,0.67,Ann1,1,3
ArMIS,train,620,اللات تمثل الجانب النساء العربيات مناة تمثل الوقت لماذا امرأة زمن كان أصنام الوقت المثلوجيات رجال ربما يعود المرأة ممكن تنهي حياة ملوك العرب مثل الجليلة بنت مرة حليمة بنت الحارث اسمه صعب ليلى بنت المهلهل فتم ربط الموت الوقت السعادة,1,0.33,0.67,Ann2,1,3
ArMIS,train,620,اللات تمثل الجانب النساء العربيات مناة تمثل الوقت لماذا امرأة زمن كان أصنام الوقت المثلوجيات رجال ربما يعود المرأة ممكن تنهي حياة ملوك العرب مثل الجليلة بنت مرة حليمة بنت الحارث اسمه صعب ليلى بنت المهلهل فتم ربط الموت الوقت السعادة,1,0.33,0.67,Ann3,0,3
ArMIS,train,621,الله يعيينك هيبة نسويات الفسويات اطنخ يالقادح,1,0.0,1.0,Ann1,1,3
ArMIS,train,621,الله يعيينك هيبة نسويات الفسويات اطنخ يالقادح,1,0.0,1.0,Ann2,1,3
ArMIS,train,621,الله يعيينك هيبة نسويات الفسويات اطنخ يالقادح,1,0.0,1.0,Ann3,1,3
ArMIS,train,622,والله اغلبهم نسويات ومبثرينا,0,0.67,0.33,Ann1,0,3
ArMIS,train,622,والله اغلبهم نسويات ومبثرينا,0,0.67,0.33,Ann2,0,3
ArMIS,train,622,والله اغلبهم نسويات ومبثرينا,0,0.67,0.33,Ann3,1,3
ArMIS,train,623,ولك روقي عشان صحتك تموتي نسوية,0,0.67,0.33,Ann1,0,3
ArMIS,train,623,ولك روقي عشان صحتك تموتي نسوية,0,0.67,0.33,Ann2,0,3
ArMIS,train,623,ولك روقي عشان صحتك تموتي نسوية,0,0.67,0.33,Ann3,1,3
ArMIS,train,624,عيال الكلب الي يطالبون بأسقاط الولايه ليش حمير طالبون بأرجاع الدخان القديم ليش جيدين حاطين ألمرأه وجه المدفع ياخولات,1,0.33,0.67,Ann1,1,3
ArMIS,train,624,عيال الكلب الي يطالبون بأسقاط الولايه ليش حمير طالبون بأرجاع الدخان القديم ليش جيدين حاطين ألمرأه وجه المدفع ياخولات,1,0.33,0.67,Ann2,0,3
ArMIS,train,624,عيال الكلب الي يطالبون بأسقاط الولايه ليش حمير طالبون بأرجاع الدخان القديم ليش جيدين حاطين ألمرأه وجه المدفع ياخولات,1,0.33,0.67,Ann3,1,3
ArMIS,train,625,فقط المرأة تمثل النسبة الأعلى مجالس الشورى فقط السعودية تطقطق امرأة تقود السيارة تعاقب عقاب شديد فقط السعودية راتب المرأة يساوي الرجل والغرب يشايعه خونة العرب والخليج يقولون عنا اننا نضطهد المرأة تبا ولفكركم العفن,0,1.0,0.0,Ann1,0,3
ArMIS,train,625,فقط المرأة تمثل النسبة الأعلى مجالس الشورى فقط السعودية تطقطق امرأة تقود السيارة تعاقب عقاب شديد فقط السعودية راتب المرأة يساوي الرجل والغرب يشايعه خونة العرب والخليج يقولون عنا اننا نضطهد المرأة تبا ولفكركم العفن,0,1.0,0.0,Ann2,0,3
ArMIS,train,625,فقط المرأة تمثل النسبة الأعلى مجالس الشورى فقط السعودية تطقطق امرأة تقود السيارة تعاقب عقاب شديد فقط السعودية راتب المرأة يساوي الرجل والغرب يشايعه خونة العرب والخليج يقولون عنا اننا نضطهد المرأة تبا ولفكركم العفن,0,1.0,0.0,Ann3,0,3
ArMIS,train,626,رجعنا للطير يلي المعددين أكثرهم ظالمين ليش أهل النار النساء طفشت والله وأنا شوي أعيد وإنتي مأخذة وضعية الكأس المقلوب مافي فايدة معاه تسوي العموم إلي بيعدد ويعدل يأخذ راحته إلي بيعدد ويظلم الزوج تطلب الطلاق وبس,1,0.33,0.67,Ann1,0,3
ArMIS,train,626,رجعنا للطير يلي المعددين أكثرهم ظالمين ليش أهل النار النساء طفشت والله وأنا شوي أعيد وإنتي مأخذة وضعية الكأس المقلوب مافي فايدة معاه تسوي العموم إلي بيعدد ويعدل يأخذ راحته إلي بيعدد ويظلم الزوج تطلب الطلاق وبس,1,0.33,0.67,Ann2,1,3
ArMIS,train,626,رجعنا للطير يلي المعددين أكثرهم ظالمين ليش أهل النار النساء طفشت والله وأنا شوي أعيد وإنتي مأخذة وضعية الكأس المقلوب مافي فايدة معاه تسوي العموم إلي بيعدد ويعدل يأخذ راحته إلي بيعدد ويظلم الزوج تطلب الطلاق وبس,1,0.33,0.67,Ann3,1,3
ArMIS,train,627,تلاقون المنحرف المعتوه اللي يصايحون يوم التويتر النسويات وانهم فاسدات ويردون افساد المجتمع,0,1.0,0.0,Ann1,0,3
ArMIS,train,627,تلاقون المنحرف المعتوه اللي يصايحون يوم التويتر النسويات وانهم فاسدات ويردون افساد المجتمع,0,1.0,0.0,Ann2,0,3
ArMIS,train,627,تلاقون المنحرف المعتوه اللي يصايحون يوم التويتر النسويات وانهم فاسدات ويردون افساد المجتمع,0,1.0,0.0,Ann3,0,3
ArMIS,train,628,الحقيقة ناقصات دين,1,0.0,1.0,Ann1,1,3
ArMIS,train,628,الحقيقة ناقصات دين,1,0.0,1.0,Ann2,1,3
ArMIS,train,628,الحقيقة ناقصات دين,1,0.0,1.0,Ann3,1,3
ArMIS,train,629,يلهطوا راتب الزوج ويوم يشتغلوا يبو يخبوه لهذا ناقصات عقل,1,0.0,1.0,Ann1,1,3
ArMIS,train,629,يلهطوا راتب الزوج ويوم يشتغلوا يبو يخبوه لهذا ناقصات عقل,1,0.0,1.0,Ann2,1,3
ArMIS,train,629,يلهطوا راتب الزوج ويوم يشتغلوا يبو يخبوه لهذا ناقصات عقل,1,0.0,1.0,Ann3,1,3
ArMIS,train,630,طيب كون الرجل المفروض يلتزم بالزي الرسمي انتقاد مرتدي البنطال والتيشيرت بلكم شنيتوا هجوم ماتشنون علينا تسبونه ماتسبوننا تنظرون نظرة استنقاص زينا انت المحجبة الي تقول لولد المحجبات فاسقات وقليلات حياء ماش ماعجبني كلامك اقتنعت,0,1.0,0.0,Ann1,0,3
ArMIS,train,630,طيب كون الرجل المفروض يلتزم بالزي الرسمي انتقاد مرتدي البنطال والتيشيرت بلكم شنيتوا هجوم ماتشنون علينا تسبونه ماتسبوننا تنظرون نظرة استنقاص زينا انت المحجبة الي تقول لولد المحجبات فاسقات وقليلات حياء ماش ماعجبني كلامك اقتنعت,0,1.0,0.0,Ann2,0,3
ArMIS,train,630,طيب كون الرجل المفروض يلتزم بالزي الرسمي انتقاد مرتدي البنطال والتيشيرت بلكم شنيتوا هجوم ماتشنون علينا تسبونه ماتسبوننا تنظرون نظرة استنقاص زينا انت المحجبة الي تقول لولد المحجبات فاسقات وقليلات حياء ماش ماعجبني كلامك اقتنعت,0,1.0,0.0,Ann3,0,3
ArMIS,train,631,السبايا والجوارى نظام موجود قبل الاسلام والاسلام منعه تدريجيا ناقصات عقل نقص واجب الشهادة العقود المالية فقط للتخفيف عليها وقت الحمل نقص دين عدم ادائها للعبادات وقت الدورة الشهرية ومعلهاش ذنب التعدد مباح وليس للراجل وليه شروط الراجل مطبقهاش هيتحدف النار,0,1.0,0.0,Ann1,0,3
ArMIS,train,631,السبايا والجوارى نظام موجود قبل الاسلام والاسلام منعه تدريجيا ناقصات عقل نقص واجب الشهادة العقود المالية فقط للتخفيف عليها وقت الحمل نقص دين عدم ادائها للعبادات وقت الدورة الشهرية ومعلهاش ذنب التعدد مباح وليس للراجل وليه شروط الراجل مطبقهاش هيتحدف النار,0,1.0,0.0,Ann2,0,3
ArMIS,train,631,السبايا والجوارى نظام موجود قبل الاسلام والاسلام منعه تدريجيا ناقصات عقل نقص واجب الشهادة العقود المالية فقط للتخفيف عليها وقت الحمل نقص دين عدم ادائها للعبادات وقت الدورة الشهرية ومعلهاش ذنب التعدد مباح وليس للراجل وليه شروط الراجل مطبقهاش هيتحدف النار,0,1.0,0.0,Ann3,0,3
ArMIS,train,632,ترا الي عاملين حالهم نسويات حرفيا بعرفوش ايش يعني نسويه بدهم يطلعو خنزيره الي بصوره هاي انهم شريفات مكه وانو الحق رجل خلاهم هيك يمكن الرجل المظلوم تعب لانها منيحه وطلقها عشان متخلفه اثبتت تحطوش الحق عرجل بكل شييي,1,0.33,0.67,Ann1,1,3
ArMIS,train,632,ترا الي عاملين حالهم نسويات حرفيا بعرفوش ايش يعني نسويه بدهم يطلعو خنزيره الي بصوره هاي انهم شريفات مكه وانو الحق رجل خلاهم هيك يمكن الرجل المظلوم تعب لانها منيحه وطلقها عشان متخلفه اثبتت تحطوش الحق عرجل بكل شييي,1,0.33,0.67,Ann2,0,3
ArMIS,train,632,ترا الي عاملين حالهم نسويات حرفيا بعرفوش ايش يعني نسويه بدهم يطلعو خنزيره الي بصوره هاي انهم شريفات مكه وانو الحق رجل خلاهم هيك يمكن الرجل المظلوم تعب لانها منيحه وطلقها عشان متخلفه اثبتت تحطوش الحق عرجل بكل شييي,1,0.33,0.67,Ann3,1,3
ArMIS,train,633,وبعدين يجون نسويات يقولون حقوقنا وحقوقنا شوفو حقوق يازينا اخوانا يشترون شاورما,1,0.33,0.67,Ann1,1,3
ArMIS,train,633,وبعدين يجون نسويات يقولون حقوقنا وحقوقنا شوفو حقوق يازينا اخوانا يشترون شاورما,1,0.33,0.67,Ann2,0,3
ArMIS,train,633,وبعدين يجون نسويات يقولون حقوقنا وحقوقنا شوفو حقوق يازينا اخوانا يشترون شاورما,1,0.33,0.67,Ann3,1,3
ArMIS,train,634,لازم تستوعبون المرأة تكون الفكر النسوي مايعني انها الحقوق لاني شفت منهم امور سيئة تجعلني اكره دعمهم ليه صرنا نشوف نسويات يحاولون يناقشون نسويات بان انسويه لاعلاقه لهذا ولهذا لهذا لانه عرفو الحزب تدنس بافكار اخرى الواقع يقول ماتكون الا اجل الامور الاخرى,0,0.67,0.33,Ann1,0,3
ArMIS,train,634,لازم تستوعبون المرأة تكون الفكر النسوي مايعني انها الحقوق لاني شفت منهم امور سيئة تجعلني اكره دعمهم ليه صرنا نشوف نسويات يحاولون يناقشون نسويات بان انسويه لاعلاقه لهذا ولهذا لهذا لانه عرفو الحزب تدنس بافكار اخرى الواقع يقول ماتكون الا اجل الامور الاخرى,0,0.67,0.33,Ann2,0,3
ArMIS,train,634,لازم تستوعبون المرأة تكون الفكر النسوي مايعني انها الحقوق لاني شفت منهم امور سيئة تجعلني اكره دعمهم ليه صرنا نشوف نسويات يحاولون يناقشون نسويات بان انسويه لاعلاقه لهذا ولهذا لهذا لانه عرفو الحزب تدنس بافكار اخرى الواقع يقول ماتكون الا اجل الامور الاخرى,0,0.67,0.33,Ann3,1,3
ArMIS,train,635,ليش قضية تطالب النسويات يقتنع المجتمع يقولوا قضية نسويات راضين تقتنعوا بأصل الحركة كره مال عناد,0,1.0,0.0,Ann1,0,3
ArMIS,train,635,ليش قضية تطالب النسويات يقتنع المجتمع يقولوا قضية نسويات راضين تقتنعوا بأصل الحركة كره مال عناد,0,1.0,0.0,Ann2,0,3
ArMIS,train,635,ليش قضية تطالب النسويات يقتنع المجتمع يقولوا قضية نسويات راضين تقتنعوا بأصل الحركة كره مال عناد,0,1.0,0.0,Ann3,0,3
ArMIS,train,636,مره اسلوب تنادين صاحبتك القذف قذرات,0,0.67,0.33,Ann1,0,3
ArMIS,train,636,مره اسلوب تنادين صاحبتك القذف قذرات,0,0.67,0.33,Ann2,1,3
ArMIS,train,636,مره اسلوب تنادين صاحبتك القذف قذرات,0,0.67,0.33,Ann3,0,3
ArMIS,train,637,الله ينظر أجسامكم صوركم ينظر قلوبكم دليل الله مادرى عنكم تلبسون فايده اذا كانو شاءالله لابسات خيشه فاسدات جوا والفساد الحقد والعنصريه والكراهيه,0,1.0,0.0,Ann1,0,3
ArMIS,train,637,الله ينظر أجسامكم صوركم ينظر قلوبكم دليل الله مادرى عنكم تلبسون فايده اذا كانو شاءالله لابسات خيشه فاسدات جوا والفساد الحقد والعنصريه والكراهيه,0,1.0,0.0,Ann2,0,3
ArMIS,train,637,الله ينظر أجسامكم صوركم ينظر قلوبكم دليل الله مادرى عنكم تلبسون فايده اذا كانو شاءالله لابسات خيشه فاسدات جوا والفساد الحقد والعنصريه والكراهيه,0,1.0,0.0,Ann3,0,3
ArMIS,train,638,البرلمان عدنا شكو همجي بحيث كلها المراه وحقوقه ويفصلون قرارات صالح رجل مسوين قانون العنف حاله نشوف ديصير همج شلع قلع المرأه العراقيه ترتاح بحاله تولي هاي طبقه يجون جدد مثقفين ويسون قرارات دول مسويها الكرامه المرأه وحقوقه,0,1.0,0.0,Ann1,0,3
ArMIS,train,638,البرلمان عدنا شكو همجي بحيث كلها المراه وحقوقه ويفصلون قرارات صالح رجل مسوين قانون العنف حاله نشوف ديصير همج شلع قلع المرأه العراقيه ترتاح بحاله تولي هاي طبقه يجون جدد مثقفين ويسون قرارات دول مسويها الكرامه المرأه وحقوقه,0,1.0,0.0,Ann2,0,3
ArMIS,train,638,البرلمان عدنا شكو همجي بحيث كلها المراه وحقوقه ويفصلون قرارات صالح رجل مسوين قانون العنف حاله نشوف ديصير همج شلع قلع المرأه العراقيه ترتاح بحاله تولي هاي طبقه يجون جدد مثقفين ويسون قرارات دول مسويها الكرامه المرأه وحقوقه,0,1.0,0.0,Ann3,0,3
ArMIS,train,639,المهم الله يحرق واحد ووحده تدعم هالشي,0,0.67,0.33,Ann1,0,3
ArMIS,train,639,المهم الله يحرق واحد ووحده تدعم هالشي,0,0.67,0.33,Ann2,1,3
ArMIS,train,639,المهم الله يحرق واحد ووحده تدعم هالشي,0,0.67,0.33,Ann3,0,3
ArMIS,train,640,هسه عرفتوا شنو معنى نفتح بنك للنساء بمؤتمر المرأة العنف المهم كتائب طبر تعلن النفير العام والالتحاق فورآ اعلان مصرف الرشيد لسلفة عشرة مليون لكل زواج أمرأة ثانية وهناك انباء تتحدث وفر ربما يحرقون المصرف بصاروخ rbg,1,0.33,0.67,Ann1,1,3
ArMIS,train,640,هسه عرفتوا شنو معنى نفتح بنك للنساء بمؤتمر المرأة العنف المهم كتائب طبر تعلن النفير العام والالتحاق فورآ اعلان مصرف الرشيد لسلفة عشرة مليون لكل زواج أمرأة ثانية وهناك انباء تتحدث وفر ربما يحرقون المصرف بصاروخ rbg,1,0.33,0.67,Ann2,0,3
ArMIS,train,640,هسه عرفتوا شنو معنى نفتح بنك للنساء بمؤتمر المرأة العنف المهم كتائب طبر تعلن النفير العام والالتحاق فورآ اعلان مصرف الرشيد لسلفة عشرة مليون لكل زواج أمرأة ثانية وهناك انباء تتحدث وفر ربما يحرقون المصرف بصاروخ rbg,1,0.33,0.67,Ann3,1,3
ArMIS,train,641,يؤمن المسلمون الإسلام أعطى المرأة حقوقها وكتب الميراث والنفقة والرفق وحقوقا أخرى نسائية لفضيلة الشيخ عثمان الخميس 21/20 2020,0,1.0,0.0,Ann1,0,3
ArMIS,train,641,يؤمن المسلمون الإسلام أعطى المرأة حقوقها وكتب الميراث والنفقة والرفق وحقوقا أخرى نسائية لفضيلة الشيخ عثمان الخميس 21/20 2020,0,1.0,0.0,Ann2,0,3
ArMIS,train,641,يؤمن المسلمون الإسلام أعطى المرأة حقوقها وكتب الميراث والنفقة والرفق وحقوقا أخرى نسائية لفضيلة الشيخ عثمان الخميس 21/20 2020,0,1.0,0.0,Ann3,0,3
ArMIS,train,642,النساء تملك عقلا يوزن بلد حرج يأخذ برأي زوجته والدليل مافعله النبي صلى الله وسلم أشارت إحدى زوجاته يحلق رأسه ففعل فقام الصحابة بفعل مباشرة,0,1.0,0.0,Ann1,0,3
ArMIS,train,642,النساء تملك عقلا يوزن بلد حرج يأخذ برأي زوجته والدليل مافعله النبي صلى الله وسلم أشارت إحدى زوجاته يحلق رأسه ففعل فقام الصحابة بفعل مباشرة,0,1.0,0.0,Ann2,0,3
ArMIS,train,642,النساء تملك عقلا يوزن بلد حرج يأخذ برأي زوجته والدليل مافعله النبي صلى الله وسلم أشارت إحدى زوجاته يحلق رأسه ففعل فقام الصحابة بفعل مباشرة,0,1.0,0.0,Ann3,0,3
ArMIS,train,643,بوووم جبهه الفسويات,1,0.33,0.67,Ann1,1,3
ArMIS,train,643,بوووم جبهه الفسويات,1,0.33,0.67,Ann2,0,3
ArMIS,train,643,بوووم جبهه الفسويات,1,0.33,0.67,Ann3,1,3
ArMIS,train,644,احتل اليمن المرتبة الأخيرة المؤشر العالمي للفجوة الجنسين لمدة 13عام متتالية عانت النساء عدم المساواة كان متجذرا بعمق بسبب السلطة الذكورية الأبويه المحددة للأدوار النمطية للذكر والأنثئ فكل دور مختلف تقوم المرأه يزيد فرص تعرضها للعنف,0,1.0,0.0,Ann1,0,3
ArMIS,train,644,احتل اليمن المرتبة الأخيرة المؤشر العالمي للفجوة الجنسين لمدة 13عام متتالية عانت النساء عدم المساواة كان متجذرا بعمق بسبب السلطة الذكورية الأبويه المحددة للأدوار النمطية للذكر والأنثئ فكل دور مختلف تقوم المرأه يزيد فرص تعرضها للعنف,0,1.0,0.0,Ann2,0,3
ArMIS,train,644,احتل اليمن المرتبة الأخيرة المؤشر العالمي للفجوة الجنسين لمدة 13عام متتالية عانت النساء عدم المساواة كان متجذرا بعمق بسبب السلطة الذكورية الأبويه المحددة للأدوار النمطية للذكر والأنثئ فكل دور مختلف تقوم المرأه يزيد فرص تعرضها للعنف,0,1.0,0.0,Ann3,0,3
ArMIS,train,645,ناقصات عقل دين سفيهات اكثر اهل النار حياء حشمة تربية,1,0.0,1.0,Ann1,1,3
ArMIS,train,645,ناقصات عقل دين سفيهات اكثر اهل النار حياء حشمة تربية,1,0.0,1.0,Ann2,1,3
ArMIS,train,645,ناقصات عقل دين سفيهات اكثر اهل النار حياء حشمة تربية,1,0.0,1.0,Ann3,1,3
ArMIS,train,646,تبقون ناقصات عقل ودين,1,0.0,1.0,Ann1,1,3
ArMIS,train,646,تبقون ناقصات عقل ودين,1,0.0,1.0,Ann2,1,3
ArMIS,train,646,تبقون ناقصات عقل ودين,1,0.0,1.0,Ann3,1,3
ArMIS,train,647,لذلك وطريقة لبسه المهم متبرجات فاتنات للرجال,0,0.67,0.33,Ann1,0,3
ArMIS,train,647,لذلك وطريقة لبسه المهم متبرجات فاتنات للرجال,0,0.67,0.33,Ann2,0,3
ArMIS,train,647,لذلك وطريقة لبسه المهم متبرجات فاتنات للرجال,0,0.67,0.33,Ann3,1,3
ArMIS,train,648,أني البس حجل خلخال شريفة مراهقة وحدة كاتبة ميدخلون الجنة لأن متبرجات بالحرام يعني كوة تجبرون الواحد يحجي الجنة انتي الحارس مالتها عينوج الوكيل الرسمي لأستقبال الشرفاء اكو ذبت اطفالها بالنهر وهي مستورة طيب تدخل الجنة ويكولون ليش تهاجرون العراق,0,1.0,0.0,Ann1,0,3
ArMIS,train,648,أني البس حجل خلخال شريفة مراهقة وحدة كاتبة ميدخلون الجنة لأن متبرجات بالحرام يعني كوة تجبرون الواحد يحجي الجنة انتي الحارس مالتها عينوج الوكيل الرسمي لأستقبال الشرفاء اكو ذبت اطفالها بالنهر وهي مستورة طيب تدخل الجنة ويكولون ليش تهاجرون العراق,0,1.0,0.0,Ann2,0,3
ArMIS,train,648,أني البس حجل خلخال شريفة مراهقة وحدة كاتبة ميدخلون الجنة لأن متبرجات بالحرام يعني كوة تجبرون الواحد يحجي الجنة انتي الحارس مالتها عينوج الوكيل الرسمي لأستقبال الشرفاء اكو ذبت اطفالها بالنهر وهي مستورة طيب تدخل الجنة ويكولون ليش تهاجرون العراق,0,1.0,0.0,Ann3,0,3
ArMIS,train,649,تعدينهم الاصابع البقية وهم بالملايين أرادوا تكوين أسره بحثوا الحلاوة وبعضهم عايش مدينة راح يدورها قريته اغلب الزواجات اللي تتكلمين عنها تنتهي بطلاقات سريعة جدا أخيرا حركات ليبراليات مانبي تقول بفلان تقول بفلان بأختياراته,0,1.0,0.0,Ann1,0,3
ArMIS,train,649,تعدينهم الاصابع البقية وهم بالملايين أرادوا تكوين أسره بحثوا الحلاوة وبعضهم عايش مدينة راح يدورها قريته اغلب الزواجات اللي تتكلمين عنها تنتهي بطلاقات سريعة جدا أخيرا حركات ليبراليات مانبي تقول بفلان تقول بفلان بأختياراته,0,1.0,0.0,Ann2,0,3
ArMIS,train,649,تعدينهم الاصابع البقية وهم بالملايين أرادوا تكوين أسره بحثوا الحلاوة وبعضهم عايش مدينة راح يدورها قريته اغلب الزواجات اللي تتكلمين عنها تنتهي بطلاقات سريعة جدا أخيرا حركات ليبراليات مانبي تقول بفلان تقول بفلان بأختياراته,0,1.0,0.0,Ann3,0,3
ArMIS,train,650,شغل واسطات بلا كذب زوجة المندوب للملكة الدايم للأمم المتحدة أمريكا فهمتي يانجمة الظهر قالت ايش مالقى احد المشكلة الفسويات عقل المكوة,1,0.0,1.0,Ann1,1,3
ArMIS,train,650,شغل واسطات بلا كذب زوجة المندوب للملكة الدايم للأمم المتحدة أمريكا فهمتي يانجمة الظهر قالت ايش مالقى احد المشكلة الفسويات عقل المكوة,1,0.0,1.0,Ann2,1,3
ArMIS,train,650,شغل واسطات بلا كذب زوجة المندوب للملكة الدايم للأمم المتحدة أمريكا فهمتي يانجمة الظهر قالت ايش مالقى احد المشكلة الفسويات عقل المكوة,1,0.0,1.0,Ann3,1,3
ArMIS,train,651,أذا كان ألعنف المرأه رجولة فأنتم رجالا,0,1.0,0.0,Ann1,0,3
ArMIS,train,651,أذا كان ألعنف المرأه رجولة فأنتم رجالا,0,1.0,0.0,Ann2,0,3
ArMIS,train,651,أذا كان ألعنف المرأه رجولة فأنتم رجالا,0,1.0,0.0,Ann3,0,3
ArMIS,train,652,مره تقول للبس المودل لبس فاسدات عادي لانها سعوديه وامها تصور,0,1.0,0.0,Ann1,0,3
ArMIS,train,652,مره تقول للبس المودل لبس فاسدات عادي لانها سعوديه وامها تصور,0,1.0,0.0,Ann2,0,3
ArMIS,train,652,مره تقول للبس المودل لبس فاسدات عادي لانها سعوديه وامها تصور,0,1.0,0.0,Ann3,0,3
ArMIS,train,653,رأيج محترم جدا ومنطقي وطرحج معقول اغلب اكدر اكول النسويات بالعراق عنصريات بشكل عجيب تسمى الرجل ذكر وتسب المجتمع عايشة بيه وهي وأم عايشين بنفس المجتمع يعني مخلت احترام للقيم والأخلاق اني هواية شايفين ناشطات نسوية اسلوبه اسلوب بنات شوارع بالطرح,1,0.33,0.67,Ann1,1,3
ArMIS,train,653,رأيج محترم جدا ومنطقي وطرحج معقول اغلب اكدر اكول النسويات بالعراق عنصريات بشكل عجيب تسمى الرجل ذكر وتسب المجتمع عايشة بيه وهي وأم عايشين بنفس المجتمع يعني مخلت احترام للقيم والأخلاق اني هواية شايفين ناشطات نسوية اسلوبه اسلوب بنات شوارع بالطرح,1,0.33,0.67,Ann2,1,3
ArMIS,train,653,رأيج محترم جدا ومنطقي وطرحج معقول اغلب اكدر اكول النسويات بالعراق عنصريات بشكل عجيب تسمى الرجل ذكر وتسب المجتمع عايشة بيه وهي وأم عايشين بنفس المجتمع يعني مخلت احترام للقيم والأخلاق اني هواية شايفين ناشطات نسوية اسلوبه اسلوب بنات شوارع بالطرح,1,0.33,0.67,Ann3,0,3
ArMIS,train,654,تتع مئات الآلاف الفتيات والنساء يوميا جميع أنحاء العالم لممارسات تضر بدنيا نفسيا بمعرفة ورضى كاملي أسرهن وأصدقائهن ومجتمعاتهن المحلية,0,1.0,0.0,Ann1,0,3
ArMIS,train,654,تتع مئات الآلاف الفتيات والنساء يوميا جميع أنحاء العالم لممارسات تضر بدنيا نفسيا بمعرفة ورضى كاملي أسرهن وأصدقائهن ومجتمعاتهن المحلية,0,1.0,0.0,Ann2,0,3
ArMIS,train,654,تتع مئات الآلاف الفتيات والنساء يوميا جميع أنحاء العالم لممارسات تضر بدنيا نفسيا بمعرفة ورضى كاملي أسرهن وأصدقائهن ومجتمعاتهن المحلية,0,1.0,0.0,Ann3,0,3
ArMIS,train,655,وغيرها الداخل والخارج سافرات ومتعديات حدود الدين تحدي صارخ لكل مايأمر الشرع فالله المستعان,1,0.33,0.67,Ann1,1,3
ArMIS,train,655,وغيرها الداخل والخارج سافرات ومتعديات حدود الدين تحدي صارخ لكل مايأمر الشرع فالله المستعان,1,0.33,0.67,Ann2,1,3
ArMIS,train,655,وغيرها الداخل والخارج سافرات ومتعديات حدود الدين تحدي صارخ لكل مايأمر الشرع فالله المستعان,1,0.33,0.67,Ann3,0,3
ArMIS,train,656,والله ياصديقي انا اشفق عليها يسعفها عقلها ولم يسعفها صبرها فاتخذت قرار خاطيء ومجنون أتعلم عائلات رجال بالاسم فقط تتحكم نساء متسلطات جاهلات وساقطات قرار الزواج والطلاق بايديهن يتخذن قرارتهن عنادا وانتقاما وتحديا شاهدت طليقها شاب صغير حتما تتحمل امه,1,0.0,1.0,Ann1,1,3
ArMIS,train,656,والله ياصديقي انا اشفق عليها يسعفها عقلها ولم يسعفها صبرها فاتخذت قرار خاطيء ومجنون أتعلم عائلات رجال بالاسم فقط تتحكم نساء متسلطات جاهلات وساقطات قرار الزواج والطلاق بايديهن يتخذن قرارتهن عنادا وانتقاما وتحديا شاهدت طليقها شاب صغير حتما تتحمل امه,1,0.0,1.0,Ann2,1,3
ArMIS,train,656,والله ياصديقي انا اشفق عليها يسعفها عقلها ولم يسعفها صبرها فاتخذت قرار خاطيء ومجنون أتعلم عائلات رجال بالاسم فقط تتحكم نساء متسلطات جاهلات وساقطات قرار الزواج والطلاق بايديهن يتخذن قرارتهن عنادا وانتقاما وتحديا شاهدت طليقها شاب صغير حتما تتحمل امه,1,0.0,1.0,Ann3,1,3
ArMIS,train,657,ينقص دينها لحديث معناه النساء ناقصات عقل ودين الدين نقصانه بعدم الصلاة وعدم الصيام والعقل شهادة البنتين كشهادة رجل,0,1.0,0.0,Ann1,0,3
ArMIS,train,657,ينقص دينها لحديث معناه النساء ناقصات عقل ودين الدين نقصانه بعدم الصلاة وعدم الصيام والعقل شهادة البنتين كشهادة رجل,0,1.0,0.0,Ann2,0,3
ArMIS,train,657,ينقص دينها لحديث معناه النساء ناقصات عقل ودين الدين نقصانه بعدم الصلاة وعدم الصيام والعقل شهادة البنتين كشهادة رجل,0,1.0,0.0,Ann3,0,3
