dataset,split,id,hard_label,soft_label_0,soft_label_1,text,lang,annotators,anno_rank,anno_correct
ArMIS,train,1,0,1.0,0.0,النسويه يعني نصير رجل قولتك وبعدين اذا الوحده تبا تسرح وتمرح لازم تكون رجال,ar,"Ann1,Ann2,Ann3",0.9156323571673304,0.8863521055301877
ArMIS,train,2,1,0.33,0.67,هراء النسويات عمان والمتستر بتضخيم حالات العنف صدفة سلسلة حلقة بدأتها المنظمات الغربية اليسارية ... تقرير قناة الألمانية تدعم تخلف نسويات عمان ... عمان حاليا أصبحت هدف للمنظمات الغربية اليسارية,ar,"Ann1,Ann2,Ann3",0.9156323571673304,0.8863521055301877
ArMIS,train,3,1,0.0,1.0,بسبب انتشار الفكر النسوي القد ودعوة النسويات الانحلال والتبرج والسفور والعهر والرذيله والفواحش والتمرد والخروج والعمل المختلط ومزاحمة الشباب الطرقات والأزقة والمقاهي والمولات والأماكن العامة وهن عاريات سافرات منحلات جريئات يبدين زينتهن لكل ودب,ar,"Ann1,Ann2,Ann3",0.9156323571673304,0.8863521055301877
ArMIS,train,4,0,1.0,0.0,وقال تعالى الن الل احا الل تأملي هذة الأيه,ar,"Ann1,Ann2,Ann3",0.9156323571673304,0.8863521055301877
ArMIS,train,5,0,0.67,0.33,يعني السعوديات صايعات يتنقلو واحد للثاني,ar,"Ann1,Ann2,Ann3",0.9156323571673304,0.8863521055301877
ArMIS,train,6,0,0.67,0.33,ميقبلون سافرات بصورة عامة جامعات كربلاء لازم حجاب ولبس محتشم أبــد انصحج تداومين بكربلاء نجف,ar,"Ann1,Ann2,Ann3",0.9156323571673304,0.8863521055301877
ArMIS,train,7,1,0.33,0.67,ابلش بصياح الفسويات,ar,"Ann1,Ann2,Ann3",0.9156323571673304,0.8863521055301877
ArMIS,train,8,1,0.0,1.0,اجلد الفسويات والمتدثرات والمشهبات الرصاصيات امهات ركب سود حطبات جهنم ولاتبالي,ar,"Ann1,Ann2,Ann3",0.9156323571673304,0.8863521055301877
ArMIS,train,9,1,0.0,1.0,يوجد شخص خالط النساء فما بالك بعشرات النساء هاتفك حتما ستقع وستقع زنا الزنا اهون ادمان جنس مزي يجر الحياة يحطمك يلغيك يجعلك الهامش يدمر علاقتك الزوجية,ar,"Ann1,Ann2,Ann3",0.9156323571673304,0.8863521055301877
ArMIS,train,10,1,0.0,1.0,كلامعا وين الغلط ليش وقحات الفيمنيزيم انفلتوا هيك المرأه عمرها مارح تتساوى الرجل وعمرها مارح تنحط بنفس الكفه الرجل الله خلق المرأه لأشي معين والرجل لإشي معين والتنين بكملوا استغناء جنس معين فاهمه ليش مقرفات هيك شوفوا الريبلايز وهتعرفوا وقاحتهم,ar,"Ann1,Ann2,Ann3",0.9156323571673304,0.8863521055301877
ArMIS,train,11,0,1.0,0.0,الزواج التقليدي سبب عزوف اغلب الرجال النساء معا الحين صعب الواحد ياخذ براي امه لأن الأم معايير زواجها سمعة الزوج الزوجة الطيبة الناس اساسه تقرر الشي بنظر اغلبنا يدل انه الشخص المقدم الزواج تناسبني اخلاقياته معتقداته,ar,"Ann1,Ann2,Ann3",0.9156323571673304,0.8863521055301877
ArMIS,train,12,1,0.0,1.0,تعددت الأسباب لايحقلك تبررين ابدا ... الحمدلله عافانا ابتلاهم والله يجبر قلب زوجها ... النساء وخصوصا الزمن يستحقون كلمة امي ... والبعض يبيلهم حرق,ar,"Ann1,Ann2,Ann3",0.9156323571673304,0.8863521055301877
ArMIS,train,13,1,0.33,0.67,طلعو فاجرات الحلوات,ar,"Ann1,Ann2,Ann3",0.9156323571673304,0.8863521055301877
ArMIS,train,14,1,0.33,0.67,فعلا ليه معصبين نسويات انتو عندكم أسمى مهنه بالحياة المراه شغلتها انها تتكاثر,ar,"Ann1,Ann2,Ann3",0.9156323571673304,0.8863521055301877
ArMIS,train,15,0,1.0,0.0,النساء صاروا واليات حاكمات سفيرات ساتر تثقف دينك الملكة بلقيس ههه جهلة اخر زمن,ar,"Ann1,Ann2,Ann3",0.9156323571673304,0.8863521055301877
ArMIS,train,16,0,0.67,0.33,لاحظت الذكورين بدؤوا ياخذون منحنى متشدد وتكفيري يارجل واحد المغردين المشهورين بذكوريته خلى السعوديات فاسقات الملتزمة يقول انها فاسقة ماتظهر فسقها أغلب الذكوريين يشوفون احصائيات اجنبية المرأة ويقيسون باقي نساء العالم وهذا خطأ فادح,ar,"Ann1,Ann2,Ann3",0.9156323571673304,0.8863521055301877
ArMIS,train,17,1,0.33,0.67,فكره اللبنانيات اكثر نساء متسلطات أزواجهم ومتطلباتهم كثيره جدا ومسويات الزلم مكفخه تقبل تتزوج الا بيت وحدها أمه وياه تقبل يغرك الكلام المثالي المعسول,ar,"Ann1,Ann2,Ann3",0.9156323571673304,0.8863521055301877
ArMIS,train,18,0,1.0,0.0,النساء والله تسوى رجال مشكلة الحرمه انها مهمشه زمن طويل الان تغير الوضع وصارت قياديه فكر ومال ومشوره,ar,"Ann1,Ann2,Ann3",0.9156323571673304,0.8863521055301877
ArMIS,train,19,0,1.0,0.0,ناقصات عقل الدين عشان شهادة المحكمة الدورة اغلب اهل نار بسبب عدد اناث الارض اكثر اهل الجنة الجنة تحت ارجلنا احنا سبب ادخال اهالينا الجنة سواء امهات اطفال الموت تسوي شريف المصايب كلها جاية منكم الجنة محكورة عليكم فوق انك ناقص دين كمان,ar,"Ann1,Ann2,Ann3",0.9156323571673304,0.8863521055301877
ArMIS,train,20,0,1.0,0.0,اعشق المرأة المتحررة واهوى ترويض جموحها,ar,"Ann1,Ann2,Ann3",0.9156323571673304,0.8863521055301877
ArMIS,train,21,1,0.33,0.67,النسويه طائفه وحركه الحاديه اصلها الليبراليه اقرئي التاريخ,ar,"Ann1,Ann2,Ann3",0.9156323571673304,0.8863521055301877
ArMIS,train,22,1,0.0,1.0,والله هالحريم ناقصات عقل ودين مايعرفون الرجل اذا امتهن الطبخ سيعزف الزواج مشكله لازم نحلها ونحط هالشيء مناهجنا ضروري واللي تخالفنا متدثره خسيسه حقيره واضحه وصريحه صحيح يالحربي,ar,"Ann1,Ann2,Ann3",0.9156323571673304,0.8863521055301877
ArMIS,train,23,1,0.0,1.0,والله المشكله الاغبياء الشباب يسوون وبعدين المريضات النسويات يجون ويقولون العيال والعيال يلعن وجه اللي علمهم العيال منهم الا البلاء ياحبيبتي انت وهي ترى الرجال كنت عايشه بامن وامان شغلو عقلكم تكفون العيال خرا ذول,ar,"Ann1,Ann2,Ann3",0.9156323571673304,0.8863521055301877
ArMIS,train,24,0,1.0,0.0,لكل مرأة تجعلي حياتك رهن صاحباتك زميلاتك اخواتك قريباتك حسابات نسوية الله امرك بتغطية جسدك ووجهك بالنص القرآني سورة النور التحجج باختلاف المذاهب يجيز ابطال قرآني صريح يأمرك بتغطية وجهك,ar,"Ann1,Ann2,Ann3",0.9156323571673304,0.8863521055301877
ArMIS,train,25,1,0.33,0.67,المغاربه اللى بيتكلموا بنات مصر ههه عجبت يازمن طيب اللى بيتريق بنات مصر يروح يلم لحمه وعرضه شوارع أوروبا ومصر والخليج ومش عايز اقول اكتر كدا وماحدش حكالى شوفتهم بعينى,ar,"Ann1,Ann2,Ann3",0.9156323571673304,0.8863521055301877
ArMIS,train,26,0,0.67,0.33,النكد صفه النساء فقط صمت وتقطيب وجه ومع يحرق قلب الرجل,ar,"Ann1,Ann2,Ann3",0.9156323571673304,0.8863521055301877
ArMIS,train,27,0,1.0,0.0,اله الا الله شدخل النسويه الحين مين قال اني نسويه,ar,"Ann1,Ann2,Ann3",0.9156323571673304,0.8863521055301877
ArMIS,train,28,0,1.0,0.0,ويقولو ليه تصيرون نسويات,ar,"Ann1,Ann2,Ann3",0.9156323571673304,0.8863521055301877
ArMIS,train,29,1,0.33,0.67,كانت مبسوطةلكن نكدوا عليها الله ينكد عليهم يدمر النساء النساء,ar,"Ann1,Ann2,Ann3",0.9156323571673304,0.8863521055301877
ArMIS,train,30,0,1.0,0.0,العلاقة المرأة والرجل تكاملية تنافسية,ar,"Ann1,Ann2,Ann3",0.9156323571673304,0.8863521055301877
ArMIS,train,31,0,0.67,0.33,ولإن الأنثى الأنوثة الغير حديثة-مفاهيم بسيادة النظام الأبوي وبالاختلاف الفطري الذكر والأنثى-في قاموس النسويات تمييز جنسي وجب محاربته-تم رفض الاعتراف كونه إحدى الأسلحة الم شهرة النسوية فهم النقد النسوية بالفعل وبشهادة أهلها حرب الفطرة,ar,"Ann1,Ann2,Ann3",0.9156323571673304,0.8863521055301877
ArMIS,train,32,1,0.0,1.0,يشمل القبض فاسدات وسائل التواصل مروجات العهر والدعارة,ar,"Ann1,Ann2,Ann3",0.9156323571673304,0.8863521055301877
ArMIS,train,33,1,0.0,1.0,ملاكي ملاكي محتاجه حمد وثناء ممكن تطلعي اسي وتعملي كدا ومين عندو درايه انو ربنا ماعاوز يشاقي عبد عبادو وراك لانو الخلقيك ويعلم تكونين سبحان الله ناقصات عقل ودين حقيقه,ar,"Ann1,Ann2,Ann3",0.9156323571673304,0.8863521055301877
ArMIS,train,34,0,1.0,0.0,تراني كنت نسويه الانستقرام اغرب شيء كنت اناقش بحساب امي امي ساكته متحمله,ar,"Ann1,Ann2,Ann3",0.9156323571673304,0.8863521055301877
ArMIS,train,35,1,0.0,1.0,عبيد الفلبن اغلبهن نسويات كلهن قذرات,ar,"Ann1,Ann2,Ann3",0.9156323571673304,0.8863521055301877
ArMIS,train,36,0,1.0,0.0,المرأة أوروبا تتعرض للعنف والاغتصاب بشكل كبير ولكنهم يحاولون التستر علي الموضوع وطمس الحقيقة ينطلقون لمهاجمة الإسلام ويتهمونه بالارهاب وبالعنف المرأة وبأن الحجاب نوع أنواع العنف ضدها,ar,"Ann1,Ann2,Ann3",0.9156323571673304,0.8863521055301877
ArMIS,train,37,0,1.0,0.0,المرأة وليس النسويات,ar,"Ann1,Ann2,Ann3",0.9156323571673304,0.8863521055301877
ArMIS,train,38,0,1.0,0.0,الله ياخذ عقليه متخلفه مثلك وشرواك طيب انت احذف البرامج اللي تظهر النساء اقولك بلاش تاخذ جوال اصلا,ar,"Ann1,Ann2,Ann3",0.9156323571673304,0.8863521055301877
ArMIS,train,39,0,1.0,0.0,القضية علاقة بالشافعي ... كانت إمامة المراة جائزة لكانت عائشة اول إمامة الإسلام الأقل بمثيلاتها النساء يحدث زمن رسول الله بعده شروط الإمامة الذكورة ... فمادخل الشافعي والحنبلي وعبو العايدي الموضوع,ar,"Ann1,Ann2,Ann3",0.9156323571673304,0.8863521055301877
ArMIS,train,40,0,1.0,0.0,ىىىرموط كيفي عاجبني قال فاجرات قال,ar,"Ann1,Ann2,Ann3",0.9156323571673304,0.8863521055301877
ArMIS,train,41,0,1.0,0.0,ناقصات عقل لأن مهمتها عاطفيه شغال عقلها زين تحكمها عاطفتها بخصوص الدين ناقصات دين لأن الرجل مكلف دينيا اكثر والصلاه مثال لأن تتعب الحمل والحيض ولها الاجر ناقصات دين وليسوا ناقصات ثواب واجرر تتحاسب اللي تكلفت الشيخ الشعراوي,ar,"Ann1,Ann2,Ann3",0.9156323571673304,0.8863521055301877
ArMIS,train,42,0,0.67,0.33,عشر ملايين للي يتزوج وحدة ثانية تحس نفسك عايش بمزاد وكل هالسوالف واذا نحكي كلمة هاا نسويات دمرونا اوع,ar,"Ann1,Ann2,Ann3",0.9156323571673304,0.8863521055301877
ArMIS,train,43,1,0.0,1.0,حصحص تنمرت اللي يستاهل التنمر بنات رخيصات ينزلون صورهم اكيد بتحيهم انتقادات كثيره تنمر,ar,"Ann1,Ann2,Ann3",0.9156323571673304,0.8863521055301877
ArMIS,train,44,1,0.0,1.0,خلاص يلعن ابو النسويات زودو امها والله ويقعدو يعممو وبعدين بعقلك بينيك بسه قحيب,ar,"Ann1,Ann2,Ann3",0.9156323571673304,0.8863521055301877
ArMIS,train,45,1,0.33,0.67,زيها كثير مسوين متمردات يبغالها فقط ديب ثروت ووضعها بيتعدل لاكن محد يتنازل للاسف,ar,"Ann1,Ann2,Ann3",0.9156323571673304,0.8863521055301877
ArMIS,train,46,0,0.67,0.33,المهم طلعنا الرحلة قلنا نبي مطعم جوعانين جان تزفنا وقالت انتوا صايعات تبون تروحون المطعم عشان الشباب يغازلونكم قلنا خلاص درايف ثرو ماننزل جان تقول ايه عشان تجمعون علي الشباب حوالين الباص كانت مريييضة ومعقدة الله يعين عيالها عليها,ar,"Ann1,Ann2,Ann3",0.9156323571673304,0.8863521055301877
ArMIS,train,47,1,0.0,1.0,ايريدون وطن ضفاف نهر دجلة ساقطات فاسدات,ar,"Ann1,Ann2,Ann3",0.9156323571673304,0.8863521055301877
ArMIS,train,48,1,0.0,1.0,واغلب المعرفات سعوديه خارج الوطن الشريف النسويات اخلاق دين قذرات خربو بيوت وفرقو ازواج,ar,"Ann1,Ann2,Ann3",0.9156323571673304,0.8863521055301877
ArMIS,train,49,1,0.0,1.0,وربي رخيصات قرف مقرفين,ar,"Ann1,Ann2,Ann3",0.9156323571673304,0.8863521055301877
ArMIS,train,50,0,1.0,0.0,فيك تعطي رايك برسمة بمسلسل سطفل العنف المرأة بشيء يعطى الرأي,ar,"Ann1,Ann2,Ann3",0.9156323571673304,0.8863521055301877
ArMIS,train,51,0,0.67,0.33,الححش ال7مار كانت امها تقول البنات اللي يكشفوا وجوههم فاسدات ايش تتوقعي بنتها تطلع,ar,"Ann1,Ann2,Ann3",0.9156323571673304,0.8863521055301877
ArMIS,train,52,1,0.0,1.0,تريدون النساء رخيصات عاريات فلتكن امهاتكم واخواتكم ولتكونو انتم ذكورا رجال مثلكم كمثل الخراف نريدهم عزيزات مستورات ستر الله امهاتنا واخواتنا الدنيا والأخرة انتم تجعلون نسائكم سلعه وعرضة للعادى والبادى فرجال يكون لنسائنا,ar,"Ann1,Ann2,Ann3",0.9156323571673304,0.8863521055301877
ArMIS,train,53,0,1.0,0.0,مشكله اللي مايعرف يسولف ويبي يفتح سالفه سالفه يقاله فاهم يقولك البنت لبنانيه وتقول تجنيس وبعدين اسطوانة بناتنا ملائكة وبنات الدول الثانيه فاسقات انتهت موضتها وصارت سخيفه,ar,"Ann1,Ann2,Ann3",0.9156323571673304,0.8863521055301877
ArMIS,train,54,1,0.0,1.0,الفسويات فيهم غباء,ar,"Ann1,Ann2,Ann3",0.9156323571673304,0.8863521055301877
ArMIS,train,55,1,0.0,1.0,ههه ههه علي بالحرام رسميا ناقصات عقل ودين رسميا ههه,ar,"Ann1,Ann2,Ann3",0.9156323571673304,0.8863521055301877
ArMIS,train,56,1,0.0,1.0,حرق . بداية الفصل القادم أيتها اللعنة نوعك المفضل النساء السؤال يبدأ الجلد,ar,"Ann1,Ann2,Ann3",0.9156323571673304,0.8863521055301877
ArMIS,train,57,0,0.67,0.33,الاسلام أعطى المرأة حقها الكثيرون لايريدون سماع مثل الكلام يريدون يعاب الاسلام ويدموه وان ينفر الناس بدعأت باطلة _شقائق 21/10 2020,ar,"Ann1,Ann2,Ann3",0.9156323571673304,0.8863521055301877
ArMIS,train,58,0,0.67,0.33,نسوان ستات بنات مدامات هوانم اوانس عوانس ارامل محجبات سافرات متزوجات مطلقات وانت اولهن,ar,"Ann1,Ann2,Ann3",0.9156323571673304,0.8863521055301877
ArMIS,train,59,0,1.0,0.0,ناقصات عقل يعني بتتعامل بالعاطفه يعني معاك طفل بيبكي هتستحمله بكل حياته كراجل ممكن يزهق دقيقه نقطة دين اكيد يعني زوجتك اختك بيكون عندها ظروف تمنعها انها تصوم أوقات معينه عارف ايه الظروف تبقي انت فعلا انسان مريض,ar,"Ann1,Ann2,Ann3",0.9156323571673304,0.8863521055301877
ArMIS,train,60,0,1.0,0.0,هاي النقطة الدين الإسلامي حفظ حقوق المرأة قبل قرون طلعة الفيمينست انا بحترم اشياء بيعملوها الفيمينست كمان انت لازم تحترم الاشياء الي انا معها,ar,"Ann1,Ann2,Ann3",0.9156323571673304,0.8863521055301877
ArMIS,train,61,0,0.67,0.33,ومافيك تنكرين الفروق الرجل والمرأة وعلى الانسان الواعي العاقل يكون مدرك لهذا الأمر مكان وزمان وطبع يبت المعلومه فهو لأمرين جهل وتصديقين لكلام وتطبيل النسويه الفاضي وإما تكبر وإعراض,ar,"Ann1,Ann2,Ann3",0.9156323571673304,0.8863521055301877
ArMIS,train,62,0,1.0,0.0,العنف الاجتماعي تزايد ارتفاع الجرائم النساء 153 جريمة خلال آخر أشهر مقابل 116 جريمة أول أشهر عام 2020 ينتهي العنف المرأة,ar,"Ann1,Ann2,Ann3",0.9156323571673304,0.8863521055301877
ArMIS,train,63,0,1.0,0.0,فين شيوخ العار يتحدثون العنف المرأة شجبتوا ونددتوا ولولوتوا علي الكلب الاجرب إساء لرسول الامة اين انتم واين ذهبت حناجركم انتم رجال حقا انتم مسلمون حقا انتم تحت لواء لااله الا الله محمد رسول الله حقا بعتوا دينكم بعرض,ar,"Ann1,Ann2,Ann3",0.9156323571673304,0.8863521055301877
ArMIS,train,64,0,1.0,0.0,النساء ناقصات عقل ودين يدل النساء اقل دين وعقل الرجال يدل النساء ناقصات عقل الشهادة فقط لان شهادة الرجل بشهادة أمرأتين وناقصات الدين لأنها تصلي وتصوم ايام الشهر إستخدامك الحديث للإساءة للمرأة يدل نقص دينك وعقلك وثقافتك وتشويه للإسلام,ar,"Ann1,Ann2,Ann3",0.9156323571673304,0.8863521055301877
ArMIS,train,65,0,0.67,0.33,انا بوسط جمعة الا بيقنعوني انو النساء ماخذين حقوقهم لدرجة انهم ينعطوا وجه وصاروا متمردات وانا بتضارب واحتمال امي تذبحن اليوم,ar,"Ann1,Ann2,Ann3",0.9156323571673304,0.8863521055301877
ArMIS,train,66,0,0.67,0.33,سواء سائق تقود الحالتين تعرض نفسها للخطر تخلى الأب والأخ والزوج والولد مسؤولية اهله ولم يقوموا بواجبهم مثل ماكان السابق كان السبب لجوء النساء لبديل فكان اولا سائق للأسرة ليموزين قادت السيارة وهكذا انا احمل المرأة وحدها ارجوا انكم فهمتم,ar,"Ann1,Ann2,Ann3",0.9156323571673304,0.8863521055301877
ArMIS,train,67,1,0.0,1.0,فعلا ناقصات عقل دين وحاليا صاروا فوقها ناقصات جمال ونظافه اكثر اهل النار وحطب جهنم,ar,"Ann1,Ann2,Ann3",0.9156323571673304,0.8863521055301877
ArMIS,train,68,1,0.0,1.0,ناقصات عقل دين,ar,"Ann1,Ann2,Ann3",0.9156323571673304,0.8863521055301877
ArMIS,train,69,1,0.33,0.67,اخر الصف كلهم البنات كلهم جلستهم الطاولات الخامسة والسادسة وبعدين قالت الرجال قاومون النساء الرجال صناع المستقبل قدوة الجيل والبنات فاسقات متربيات بنات الجيل المفروض يحبسوهم البيوت كثر ماهم متفرعنين وانا الله يطول عمري كنت,ar,"Ann1,Ann2,Ann3",0.9156323571673304,0.8863521055301877
ArMIS,train,70,0,1.0,0.0,بالضبط أستاذة البعض استغل يوم المرأة اليمنية لتمجيد تاريخ قديم للمرأة متجاهلين الحالة المأساوية لحياة المرأة اليمنية اليوم والتي نفت أنها القاع شيء دونه هدفنا النفاق والتزيف كشف الحقيقة والحقيقة الم فقط يتسنى التغيير,ar,"Ann1,Ann2,Ann3",0.9156323571673304,0.8863521055301877
ArMIS,train,71,0,1.0,0.0,ربي تهنئوا سافرات سجينات والله متأخرات,ar,"Ann1,Ann2,Ann3",0.9156323571673304,0.8863521055301877
ArMIS,train,72,0,0.67,0.33,أكيد حقوق المرأة عاملين شغل جامد,ar,"Ann1,Ann2,Ann3",0.9156323571673304,0.8863521055301877
ArMIS,train,73,1,0.0,1.0,كان أحد الشيوخ مرة راكب الطائرة فعرفت إحدى النساء المتبرجات بحضوره فجاءته سائلة متنقصة حيح النبي قال النساء إنهن ناقصات عقل ودين فقال مؤدبا الحديث الحديث لعائشة وحفصة وأمثال عقل,ar,"Ann1,Ann2,Ann3",0.9156323571673304,0.8863521055301877
ArMIS,train,74,1,0.33,0.67,اشكالهم مقرفه اما بنسبه لموضوع التحرش مصر شوارع مصر معظمها خاليا الشرطه ثانيا معظم بنات مصر افعالهم تلفت الانظار الشباب ولكل يلوم الشباب لماذا يتبعو الحشمه ثالث لبد تطبيق قانون حكم اعدام لمن يتحرش البنات,ar,"Ann1,Ann2,Ann3",0.9156323571673304,0.8863521055301877
ArMIS,train,75,0,1.0,0.0,احنا نطالب بحقوق النساء لان القانون ياخذ حقهم لحد الان الي قتلو زوجاتهم اخواتهم تحاسبو انعدمو عايشين حياة طبيعية مطالبنا تحقيق العدالة مثلما اعتقلو الام يعتقلون الي قتل زوجته اخته يعدموهم ليش المرأة بالعراق دمها رخيص,ar,"Ann1,Ann2,Ann3",0.9156323571673304,0.8863521055301877
ArMIS,train,76,0,1.0,0.0,يقنع الفلسطينيون الفتيات بالزواج منهن يأخذوهن القرية يسمح لليهود بدخول قرية عربية تبكي الكثير النساء ويريدن العودة المنزل والزوج يسمح يأخذ الأطفال يضرب أمر محزن جدا,ar,"Ann1,Ann2,Ann3",0.9156323571673304,0.8863521055301877
ArMIS,train,77,0,0.67,0.33,يلا حضروا نفسكم متبرجات نروح كلنا سوه,ar,"Ann1,Ann2,Ann3",0.9156323571673304,0.8863521055301877
ArMIS,train,78,0,0.67,0.33,همه رادوا يشرعون قانون العنف الاسري وحماية المرأة انكلبت الدنيا بالمظاهرات اساس راح تطلع عين المرأة وتصير للرجل استاذ الاسف الجهل انتشر شعب انطي لطم وقرايات,ar,"Ann1,Ann2,Ann3",0.9156323571673304,0.8863521055301877
ArMIS,train,79,1,0.33,0.67,حدد يوم المرأة العالمية نزل بكتاب بسنه جاء بعادات القبيله نسمية يوم المراءه المنحرفه الكتاب والسنة والعرف القبلي المتحرره,ar,"Ann1,Ann2,Ann3",0.9156323571673304,0.8863521055301877
ArMIS,train,80,1,0.0,1.0,مااكتشفت اغلبهن يامطلقات وحاقدين المجتمع صايعات ويبغون الافلات لاتتعبين معهم ولامع الذكور الزلايب اللي يدعمونهم ويبغوا فساد المجتمع يصلون بسهوله للمغفلات وممارسة الرذيلة كفانا الله شرهم وشر فكرهم المنحل,ar,"Ann1,Ann2,Ann3",0.9156323571673304,0.8863521055301877
ArMIS,train,81,0,1.0,0.0,حرية الرأي بيوقف اعتبار النساء آلة للتكاثر تبرير العنف المرأة,ar,"Ann1,Ann2,Ann3",0.9156323571673304,0.8863521055301877
ArMIS,train,82,1,0.33,0.67,النسويات مزعجينا بنت الرجال واخت الرجال تفتخر بابوها واخوها وزوجها وتعتز وبحرصهم وغيرتهم عليها وخدمتهم اغلب المطالبات باسقاط الولاية شوية خمة ونسويات مفلوتات همهم هدم البيوت والاسرة والمجتمع,ar,"Ann1,Ann2,Ann3",0.9156323571673304,0.8863521055301877
ArMIS,train,83,1,0.0,1.0,واضح شفنا الانحلال النسويات كثرو الله يصلح الحال,ar,"Ann1,Ann2,Ann3",0.9156323571673304,0.8863521055301877
ArMIS,train,84,1,0.0,1.0,اللي الولاده ادري عنه ومعروف الطفلين اللي يدها عدوا مرحله الولاده رحمه عندكم نساء قذرات,ar,"Ann1,Ann2,Ann3",0.9156323571673304,0.8863521055301877
ArMIS,train,85,1,0.33,0.67,وهل كانوا نساء زمان يتراقصن بكامل زينتهن متبرجات بمفاتنهن وهل كانوا نساء زمان يلبسون بناطيل وبلايز قصيره وهل كانوا نساء زمان كانوا ينفخن براطمهم وتعبيها روج بكل الألوان وهل كانوا نساء زمان تسرح شعرها بكل الصبغات وتسريحات المخله بالآداب,ar,"Ann1,Ann2,Ann3",0.9156323571673304,0.8863521055301877
ArMIS,train,86,1,0.0,1.0,الاشكال هاي ولك صرت اكره النسوية بزيادة,ar,"Ann1,Ann2,Ann3",0.9156323571673304,0.8863521055301877
ArMIS,train,87,0,0.67,0.33,مين باقي يقول رخيصات,ar,"Ann1,Ann2,Ann3",0.9156323571673304,0.8863521055301877
ArMIS,train,88,0,0.67,0.33,انتي تفهمي معنى الحديث جيدا فنقص عقل المرأة ودينها المقصود الجنس جنس عقل الرجال اكمل جنس عقل النساء فغالب النساء ناقصات عقل ودين الحديث يوجد النساء أكمل دينا وعقلا كثير الرجال فعائشة مثلا أكمل عقلا ألوف رجال اليوم بلا,ar,"Ann1,Ann2,Ann3",0.9156323571673304,0.8863521055301877
ArMIS,train,89,0,0.67,0.33,وانا كنت اقصد بكلامي تنبيه لشي انها مدعومه جهه معينه ويساعدونها للترغيب للبنات اللي قاعدبن يطالبون باسقاط الولايه,ar,"Ann1,Ann2,Ann3",0.9156323571673304,0.8863521055301877
ArMIS,train,90,1,0.33,0.67,اففف فضحتونا خارج القروب تتهاوشون صايعات,ar,"Ann1,Ann2,Ann3",0.9156323571673304,0.8863521055301877
ArMIS,train,91,0,1.0,0.0,نفسها اللي كانت تقول للبنات فاسدات وامها تضحك,ar,"Ann1,Ann2,Ann3",0.9156323571673304,0.8863521055301877
ArMIS,train,92,1,0.0,1.0,عندنا حريم رخيصات شغالات بالموساد الإسرائيلي,ar,"Ann1,Ann2,Ann3",0.9156323571673304,0.8863521055301877
ArMIS,train,93,1,0.0,1.0,اعرف إجابه لماذا اكثرية النساء يتسلطن ازواجهم ويريدون التحكم ويلجؤون الي السحر يكون خادم مطيع ويريدون الاستحواذ لهمن فقط شيء يقرف نساء متسلطات,ar,"Ann1,Ann2,Ann3",0.9156323571673304,0.8863521055301877
ArMIS,train,94,0,1.0,0.0,بالضبط ميكدرون يشوفون نساء متحررات وقويات الا يحطون الف سبب والف حجة عشتي حبيبي,ar,"Ann1,Ann2,Ann3",0.9156323571673304,0.8863521055301877
ArMIS,train,95,1,0.0,1.0,منحطات عبالهن الحرية اسرح وامرح بكيفك يمعودين الحرية حقوق وواجبات,ar,"Ann1,Ann2,Ann3",0.9156323571673304,0.8863521055301877
ArMIS,train,96,1,0.0,1.0,ميهمناااش برضه مشيت كواكب مجرة درب التبانه كده كوكب كوكب برضه ناقصات عقل دين,ar,"Ann1,Ann2,Ann3",0.9156323571673304,0.8863521055301877
ArMIS,train,97,1,0.33,0.67,ترى اذا امك راحت لبعض الأسر بيعطونها نقاب وعباية وانت بيعطونك جلابية لأنه بمفهموهم انتي وامك بلبسكم فاسدات,ar,"Ann1,Ann2,Ann3",0.9156323571673304,0.8863521055301877
ArMIS,train,98,0,1.0,0.0,بالزززبططط الكل واقف النسويات لانهم شايفين نسوية بتدافع الالحاد والشواذ حقوق المراة وهدولاك مشكلتهم نفسهميدافعو يلي بدهم اياه طبعا هاد يلي بيقلك يحرق النسويات عشان بيكرهونا,ar,"Ann1,Ann2,Ann3",0.9156323571673304,0.8863521055301877
ArMIS,train,99,0,1.0,0.0,فاجرات مين الله يمتحنكم,ar,"Ann1,Ann2,Ann3",0.9156323571673304,0.8863521055301877
ArMIS,train,100,0,1.0,0.0,معنى النسويه المساواه تتفلسف وهي ماتدري السالفه,ar,"Ann1,Ann2,Ann3",0.9156323571673304,0.8863521055301877
ArMIS,train,101,0,1.0,0.0,احد آليات مواجهة العنف المرأة زيادة وعي أفراد الأسرة بخطورة العنف العائلي تزويدهم بالمعارف والمعلومات تؤدي تطوير إطارهم المرجعي ومخزونهم المعرفي بشكل إيجابي بعيدا مظاهر العنف والعدوان,ar,"Ann1,Ann2,Ann3",0.9156323571673304,0.8863521055301877
ArMIS,train,102,0,1.0,0.0,عقول مريضة وتربية شوارع صديقتي كلشي مسموح للشباب البنت تحجي يسون حالهم فلاسفة بنات,ar,"Ann1,Ann2,Ann3",0.9156323571673304,0.8863521055301877
ArMIS,train,103,0,1.0,0.0,أيتها الفتاة يجد الفاسق فاس قات بغايا الرجل الصحيح الرجولة يجد غيرك,ar,"Ann1,Ann2,Ann3",0.9156323571673304,0.8863521055301877
ArMIS,train,104,1,0.0,1.0,كاين المتبرجات مثلك شاكلتك طلقوا الزيزي رموهم ولم يتزوجوا فاصبحنا يردنا النساء يكونو سافرات عاهرات متبرجات مثلكم,ar,"Ann1,Ann2,Ann3",0.9156323571673304,0.8863521055301877
ArMIS,train,105,1,0.0,1.0,داشرات مشبهرات كالغنم,ar,"Ann1,Ann2,Ann3",0.9156323571673304,0.8863521055301877
ArMIS,train,106,0,1.0,0.0,امنية المغنيات والمغنين والمؤثرين يعطوا رأيهن بالقضايا النسوية,ar,"Ann1,Ann2,Ann3",0.9156323571673304,0.8863521055301877
ArMIS,train,107,0,1.0,0.0,بعدين اسمع سربوت يقول البنات ناقصات عقل ودين هذاكم مابكم عقل دين ماجت نقص تبعا الحتسي للبعض,ar,"Ann1,Ann2,Ann3",0.9156323571673304,0.8863521055301877
ArMIS,train,108,1,0.33,0.67,الرجل جاري التعميم نصف الكرة الارضية تقريبا الفسويات ... احسنتوا تحفه التخلف,ar,"Ann1,Ann2,Ann3",0.9156323571673304,0.8863521055301877
ArMIS,train,109,1,0.0,1.0,الله ياخذ النساء,ar,"Ann1,Ann2,Ann3",0.9156323571673304,0.8863521055301877
ArMIS,train,110,0,0.67,0.33,تكلمت معاك بكل ادب حسب مثالك الايمان ينقص بفعل المنكرات أعرف ديني كامل احتاج نصائحك اشفق تنصحينهم غدا سنرا متبرجات يأمورون بلبس الحجاب وهم لايلبسونه عشن اعطيتك مثال زعلتي والقيتي اللوم بأني لافهم الدين غريب أمرك,ar,"Ann1,Ann2,Ann3",0.9156323571673304,0.8863521055301877
ArMIS,train,111,0,1.0,0.0,عرفي النسوية درجتين,ar,"Ann1,Ann2,Ann3",0.9156323571673304,0.8863521055301877
ArMIS,train,112,1,0.33,0.67,خبلة الي بيعدد ممكن ياخذ خارج دائرتها والي بيسأل عنه مهوب سائل النساء سأل ازواجهن فغالبا الرجل يمدح الرجل كان,ar,"Ann1,Ann2,Ann3",0.9156323571673304,0.8863521055301877
ArMIS,train,113,1,0.0,1.0,كانو زمان يقولو يتمنعن وهن الراغبات دلوقتي الزمن انقلب حاله وبقيو يطلبن وهن رخيصات رحم ربي,ar,"Ann1,Ann2,Ann3",0.9156323571673304,0.8863521055301877
ArMIS,train,114,1,0.33,0.67,والله جنبها المرأة تقود عشان شوفوني وبعد دقائق طبع آخر السيارة اللي قبلها وأصلح اصلحك الله ومعارض المحافظة تمتلئ بسيارات شوفوني معروضة للبيع الأخير مايصح الا الرجل ...,ar,"Ann1,Ann2,Ann3",0.9156323571673304,0.8863521055301877
ArMIS,train,115,0,1.0,0.0,صحيح مهمتها تفصل الدين مثل يريد ولي الامر مثلا ولي الامر يرضى المراة تقود السيارة الهيئة تقول حرام ويتفلسفون ادلة الحرمة وبعد تغير راي ولي الامر كانت الهيئة حاضرة الفتوى جواز ركوب السيارة للمرأة,ar,"Ann1,Ann2,Ann3",0.9156323571673304,0.8863521055301877
ArMIS,train,116,0,1.0,0.0,برضو بمزاجنا نصير طيعات متمر دات بالمناسبة أمس عصيد,ar,"Ann1,Ann2,Ann3",0.9156323571673304,0.8863521055301877
ArMIS,train,117,0,1.0,0.0,انا اشفق رجل متزوج باامراة مادية لانه اكيد راح يصل لمرحله يتوسل اهتمامها عاطفتها وحقه الشرعي النوع النساء اناني جحود ياخذ يمكن يعطي اذا ارتبط الزواج بالماديات تبدأ التعاسة الزواج رابط مقدس اذا مافيه واهتمام رغبه داخليه راح يضيع عمرك تدفع سعادة,ar,"Ann1,Ann2,Ann3",0.9156323571673304,0.8863521055301877
ArMIS,train,118,0,0.67,0.33,بالهم البنات رخيصات,ar,"Ann1,Ann2,Ann3",0.9156323571673304,0.8863521055301877
ArMIS,train,119,0,1.0,0.0,كانت النساء ناقصات عقل دين اؤتمنت تربية الاجيال تلو الاجيال,ar,"Ann1,Ann2,Ann3",0.9156323571673304,0.8863521055301877
ArMIS,train,120,0,1.0,0.0,يعني انت بكرش بتهتم بمظهرك نضافتك الشخصيه علشان انت بوع تؤتؤ علشان الستات ناقصات عقل دين مين اللي ناقص عقل دين ناااو,ar,"Ann1,Ann2,Ann3",0.9156323571673304,0.8863521055301877
ArMIS,train,121,0,0.67,0.33,اناقة واحتشام علما المسلمين كانوا ينتقدون بان نسائهم سافرات وقلة غيرة الرجال الاروبيين ههه دار الزمان وصرنا موضع سخرية حسبنا الله ونعم الوكيل,ar,"Ann1,Ann2,Ann3",0.9156323571673304,0.8863521055301877
ArMIS,train,122,0,1.0,0.0,عاجل مطلوب متحررات للزواج وجادات,ar,"Ann1,Ann2,Ann3",0.9156323571673304,0.8863521055301877
ArMIS,train,123,0,0.67,0.33,ترجع النساء للصراع الأزلي الجنسين وعرض جرائم الجنس الآخر بوفرتها ونوعها العصور مناقشة لمثل الأشكال ومقابلة الأحاديث بالوقائع أحد يفكر يعلق النساء لايمكن يتجاوزن مامضى ويماهين الحدود الإنسانيات دائما ومنذ زمن كان أغلبكم أشطر بهذي التصنيفات البشعة,ar,"Ann1,Ann2,Ann3",0.9156323571673304,0.8863521055301877
ArMIS,train,124,1,0.33,0.67,وين الفسويات الي يهاجمون الشباب بكل صغيره وكبيره,ar,"Ann1,Ann2,Ann3",0.9156323571673304,0.8863521055301877
ArMIS,train,125,0,0.67,0.33,والبنات الي يجلسون الاستراحات العيال بالاسابيع هذول يعتبرون صايعات جالسين اخوانهم الاسلام,ar,"Ann1,Ann2,Ann3",0.9156323571673304,0.8863521055301877
ArMIS,train,126,0,1.0,0.0,ايه اللى رغبة منطقية يعنى عايزين يتحرشوا مبيلاقوش فرصة ليه مثلا مبيركبوش مواصلات مبيمشوش شوارع انا يااما ركب جمبي بنات عمري فكرت المس واحدة فهمنى بقى فين الرغبة فرصة اسكت حسام ربنا يهديك علشان اشوفك هطلع ميتين امك كلامك,ar,"Ann1,Ann2,Ann3",0.9156323571673304,0.8863521055301877
ArMIS,train,127,1,0.0,1.0,صدق رسول الله الصلاة والسلام ينطق الهوى قال عنهن ناقصات عقل ودين وزد حاليا نقص كرامتهن وحيائهن فقسما تجد امرأة حره وتربيتها صحيحه تعمل أجنبي يتسلى أماكن إشتراطات تحفظ كرامتها لتصبح مثلها مثل الخادمه المنزليه يستعبدها عملها,ar,"Ann1,Ann2,Ann3",0.9156323571673304,0.8863521055301877
ArMIS,train,128,0,1.0,0.0,الفرق تحجيم الذنب يعني نسبة كبيرة العيال يدخنون نصف النسبة البنات دخنوا تلاقينهم كبروا الموضوع وان البنات اكثرهن فاسدات الذنب واحد ونسبة البنات اقل,ar,"Ann1,Ann2,Ann3",0.9156323571673304,0.8863521055301877
ArMIS,train,129,0,1.0,0.0,لاوالله المقصد الحديث معنى ناقصات عقل شهادة المرأتين مثل شهادة الرجل الواحد ناقصات دين معناها المرأة تصلي اثناء الحيض لاتفسري الأحاديث تهوين,ar,"Ann1,Ann2,Ann3",0.9156323571673304,0.8863521055301877
ArMIS,train,130,0,0.67,0.33,اللبس حرية شخصية انه تعمل خاطى وانها متزوجة رجل كويتي فاين حقوق رجلها الكويتي واما يدعون بحقوق المرآة اين حقوقها انا اعتقد بان مسالة اداب وانما مسالة شخصية وانتقام,ar,"Ann1,Ann2,Ann3",0.9156323571673304,0.8863521055301877
ArMIS,train,131,1,0.0,1.0,أحنا كمان هنتفرج ببلاش ميبقاش بيتك عاهرات بيهرب نساء بيشذوا بأوروبا تيجي تسب نساء مصر,ar,"Ann1,Ann2,Ann3",0.9156323571673304,0.8863521055301877
ArMIS,train,132,0,1.0,0.0,تذكرون عندما تبلوا الغرب السورين يدخلون لمنازلنا وبغتصب النساء وكان بإمكاننا نرد عليهم ديننا وتربيتنا تنهانا ذالك اليوم وبعد شهور قليلة الله وجل يأخذ حقنا وحق نسائنا يعلم الله باب الشماتة طعن الشرف الدنيا هكي الله وجل ينسى المظلوم,ar,"Ann1,Ann2,Ann3",0.9156323571673304,0.8863521055301877
ArMIS,train,133,1,0.33,0.67,تدرون ودي اخربها تويتر منشنوني حسابات شواذ نسويات عىدات الفلبن,ar,"Ann1,Ann2,Ann3",0.9156323571673304,0.8863521055301877
ArMIS,train,134,0,1.0,0.0,الحمد لله أخي عبد الله الردود كافية وافية وأعجبني الوعي أغلب الردود وهذا سهم الشر نسأل الله العافية يميز محكم صريح الدلالة والمتشابه فالنبي يقول أصافح النساء وهذا يقول يصافح النساء وغير صادق والدليل كان يأخذ الأمة فأي وجهل,ar,"Ann1,Ann2,Ann3",0.9156323571673304,0.8863521055301877
ArMIS,train,135,1,0.33,0.67,صادقه بحفل التفوق داشرات ههه,ar,"Ann1,Ann2,Ann3",0.9156323571673304,0.8863521055301877
ArMIS,train,136,0,0.67,0.33,ليل انجلترا نسويات,ar,"Ann1,Ann2,Ann3",0.9156323571673304,0.8863521055301877
ArMIS,train,137,0,1.0,0.0,مافيه اسمه حقوق المرأة الجملة بحد ذاتها عنصريه ومتحيزه لجنس معين شيء اسمه الرجل والمرأة ياخذون حقوقهم ولان المجتمع عندنا ماميز جنس جنس يعني جملة حقوق المرأة خربوطية سخيفة واللي يقولها عنصري متحيز,ar,"Ann1,Ann2,Ann3",0.9156323571673304,0.8863521055301877
ArMIS,train,138,1,0.0,1.0,اكثر اهل النار النساء كنت آمرا أحدا يسجد لأحد لأمرت المرأة تسجد لزوجها نفس محمد بيده تؤدي المرأة ربها تؤدي زوجها سألها نفسها وهي قتب تمنعه انهن ناقصات عقل ودين تركت فتنة أضر الرجال النساء,ar,"Ann1,Ann2,Ann3",0.9156323571673304,0.8863521055301877
ArMIS,train,139,0,1.0,0.0,اللبس علاقة بالتحرش الدليل الدول العربية اكبر نسبة تحرش خصوصا مصر انها تكاد تكون معدومة الدول المتحررة جهة اللباس بنظركم دائما الحق المرأة لماذا يتحكم الرجل المتحرش برغباته اساس الدين يمنع المعصيات للحقيقة مرتكبي المعصيات دينيون,ar,"Ann1,Ann2,Ann3",0.9156323571673304,0.8863521055301877
ArMIS,train,140,0,1.0,0.0,بالعكس حللته كامل قلت لأن نسويات كثير كفوا وفوا يحتاج أكرر كلامهن أضفت منظور آخر,ar,"Ann1,Ann2,Ann3",0.9156323571673304,0.8863521055301877
ArMIS,train,141,0,1.0,0.0,ومو نسويات نفس,ar,"Ann1,Ann2,Ann3",0.9156323571673304,0.8863521055301877
ArMIS,train,142,0,1.0,0.0,بعضهم كاتبين نسوية وانتي تقدري ترفعي الاضطهاد وهم نفس وضعها وأخس وأصلا إحنا بنكون نسويات كان إضطهاد فحجة أنتي نسوية تقدري رفع الإضطهاد يعني بمنطقهم مافي امرأة بالعالم تعتبر نسوية الكل تحت إضطهاد أبوي,ar,"Ann1,Ann2,Ann3",0.9156323571673304,0.8863521055301877
ArMIS,train,143,0,0.67,0.33,النسوان بلشو يفهمو موضوع حقوق المرأة غلط يعني مثلا اذا كنتي مسلمة بالإسلام ابونا آدم أنخلقت حواء ضلعه لتشاركه حياته وتساعده وتدعمه ويتكاثرو وينجبو هالذرية واذا كنتي ملحدة اصلك قرد بحسب اعتقادك معناها انتي بطبعك الحيواني دور اساسي وكبير جدا ومهم انك تتكاثري وبس عيني,ar,"Ann1,Ann2,Ann3",0.9156323571673304,0.8863521055301877
ArMIS,train,144,1,0.33,0.67,الهاشتاق كميه عوانس مرغوب فيهم ههه,ar,"Ann1,Ann2,Ann3",0.9156323571673304,0.8863521055301877
ArMIS,train,145,1,0.0,1.0,كلامه الله يحفظه عالمرأه الواعيه المثقفه الصالحه النسويات المنحطات السافلات,ar,"Ann1,Ann2,Ann3",0.9156323571673304,0.8863521055301877
ArMIS,train,146,0,1.0,0.0,طبعا حصاد راجل كان بيعظم ابنه عشان ولد وغريزه مسموح حاجه لكونك ولد يقتله ضرب برضو عشان ولد والنتيجه طلعوا كلاب سعرانه شوارع يأذوا بنات الخلق,ar,"Ann1,Ann2,Ann3",0.9156323571673304,0.8863521055301877
ArMIS,train,147,0,1.0,0.0,العزوف الزواج سنة نبينا الكريم مثل ماأن فتيات متمردات تقول فهناك الكثير العفيفات الصالحات بيوت أهلهن تنظر الى القشور والظاهر الناس حولك أصدق الله وأصلح حالك أطلب الزوجة الصالحة سيعطيك,ar,"Ann1,Ann2,Ann3",0.9156323571673304,0.8863521055301877
ArMIS,train,148,1,0.0,1.0,الحرمه فاسده وخاينه للأمانه لاتمكنها المناصب اقسم بالله مافيه افسد وانجس واخبث الحريم انااعاني منهن اذا راجعت المكاتب الحكوميه الله لايوفقهم نجسات وفاسدات واخرها اليوم امارة تبوك الفاسده موظفاتها فاسدات نجسات الله يرزقهم بسرطان,ar,"Ann1,Ann2,Ann3",0.9156323571673304,0.8863521055301877
ArMIS,train,149,1,0.33,0.67,اخس فئه النساء ممكن تمر عليكم العاهه تقلل قدر النساء الثانين عشان الذكرر اللي جنبها وقاعد يعززلها وجالسه تتكلم ومحسستني انو المرأة وظيفتها تنجب وتربي الله ياخذ تفكيرك الزقق وانتي تروحين وتجين وتسمعين للناس وتفكيرك كذاا يلا انبسطي الذكور صفقو معتوهه,ar,"Ann1,Ann2,Ann3",0.9156323571673304,0.8863521055301877
ArMIS,train,150,0,1.0,0.0,كثير متمردات ينتحرن ايضا,ar,"Ann1,Ann2,Ann3",0.9156323571673304,0.8863521055301877
ArMIS,train,151,0,1.0,0.0,وليش مايحافظون الرجل النساء اللي قلبهم مرض اعتراف المرأه اعقل الرجل اللي ناقص عقل ودين وعادي ياخذ صوت خلخال حجه للزنا,ar,"Ann1,Ann2,Ann3",0.9156323571673304,0.8863521055301877
ArMIS,train,152,0,1.0,0.0,انت كهف طلعت ماتوا اللي يقولون عوانس,ar,"Ann1,Ann2,Ann3",0.9156323571673304,0.8863521055301877
ArMIS,train,153,0,1.0,0.0,انحشر نسويات,ar,"Ann1,Ann2,Ann3",0.9156323571673304,0.8863521055301877
ArMIS,train,154,0,1.0,0.0,سمح للمرأة المملكة العربية السعودية بقيادة السيارة أشاهد أمرأة تقود سيارة وتنظر الجوال أبد عكس الرجال اغلبيتهم يستخدون الجوال أثناء القيادة نقطة نظام تسجل لصالح المرأة ودعوة للرجال للعمل مثلهن نسلم كثير الحوادث,ar,"Ann1,Ann2,Ann3",0.9156323571673304,0.8863521055301877
ArMIS,train,155,1,0.0,1.0,الرخيص الي يشوف الكل مثله رخيص لأنها قذره والي معها بالقروب قذرات مثلها ورخيصات يحسبون البنات مثلهم خلها بذمتهم كلامهم وكلام شخص احد بغير وجه وطعن بالشرف والسمعه,ar,"Ann1,Ann2,Ann3",0.9156323571673304,0.8863521055301877
ArMIS,train,156,1,0.33,0.67,رجلا أراد يمازح زوجته فقال لقد خلقكن الله جميلات لكنكن ناقصات عقل قالت خلقنا الله جميلات لتحب ونا وخلقنا ناقصات عقل لنحب فمضى يرد سان براه الله نصل سيف شاغ ماز غاز بهتي الحال,ar,"Ann1,Ann2,Ann3",0.9156323571673304,0.8863521055301877
ArMIS,train,157,0,1.0,0.0,احد آليات مواجهة العنف المرأة العمل توعية المرأة بحقوقها وواجباتها طريق الندوات والمحاضرات ووسائل الأعلام المختلفة,ar,"Ann1,Ann2,Ann3",0.9156323571673304,0.8863521055301877
ArMIS,train,158,0,1.0,0.0,اذا كنتي اقل يقال عنك,ar,"Ann1,Ann2,Ann3",0.9156323571673304,0.8863521055301877
ArMIS,train,159,0,1.0,0.0,الله يهديه شاء الله كلام سليم غبار نسويات متطرفات يوجد المقابل ذكوريين متطرفين احسن انتهى,ar,"Ann1,Ann2,Ann3",0.9156323571673304,0.8863521055301877
ArMIS,train,160,0,1.0,0.0,كاتب مليون سطر ليه ومين جاب طاري النسوية ههه أدري إنك تعاني قوة النسويات وشدخلها بكلامنا محد جاب طاريها اللي حافظ وجاي يفرغ,ar,"Ann1,Ann2,Ann3",0.9156323571673304,0.8863521055301877
ArMIS,train,161,0,1.0,0.0,بليز بتمنى محدش يشتمها لأن واضح إنها فاهمة واخدة فكرة غلط المصطلح نفسه ودة شيئ شائع الناس اللي شايفين نسوية يعني زواج المثليات مثلا نسوية يعني يعني إلحاد هروح أبعت رسالة شاء الله خير,ar,"Ann1,Ann2,Ann3",0.9156323571673304,0.8863521055301877
ArMIS,train,162,1,0.0,1.0,مرضان انتممم الله ياخذ النسويات والي قلوبهم مرض,ar,"Ann1,Ann2,Ann3",0.9156323571673304,0.8863521055301877
ArMIS,train,163,0,1.0,0.0,ذكرتني بسالفه قبل سنتين بتويتر غلطت وقلت مابي زوجه ماتعرف تطبخ جوني جيش نسويات واستلموني الله وكيلك,ar,"Ann1,Ann2,Ann3",0.9156323571673304,0.8863521055301877
ArMIS,train,164,0,1.0,0.0,حضرتك كأنك تقول انو الرجل يصلح انو يكون بمنصب مدير رئيس لأن طبيعة الرجل عصبي مندفع ممكن ياخذ قرار يودي الشركة البلد بداهية ... كلامك صحيح كانو اشهر قضاة نساء مثل روث بدر سونيا سوتوماير بريندا هايل كثير النساء اللي دخلو التاريخ,ar,"Ann1,Ann2,Ann3",0.9156323571673304,0.8863521055301877
ArMIS,train,165,0,0.67,0.33,الدراما الخليجيه وخاصه السعوديه تظهر الواقع أبوها تشويه للمجتمع وقيمه بغض النظر هالمسلسل اللي مااعرفه ولاابي أشوفه المسلسلات السعوديه خاصه اللي تعرض mbc كلها طمس للدين وللقيم والعادات والتقاليد يحسبون بنات السعوديه فلاويات متحررات متبرجات الخ,ar,"Ann1,Ann2,Ann3",0.9156323571673304,0.8863521055301877
ArMIS,train,166,0,1.0,0.0,الزهل ماقال طبيعي جمهور الهلال نساء انت شايف النساء عيب عشان الهلال ياخذ قانوني واضح انك بزر ولاتفقه ماتقول قال ايش قال صورتها ياخذون حقهم الحمدلله والشكر ههه,ar,"Ann1,Ann2,Ann3",0.9156323571673304,0.8863521055301877
ArMIS,train,167,1,0.0,1.0,كونكن قذرات الشي يمنعني مواصلة الحديث معاكن,ar,"Ann1,Ann2,Ann3",0.9156323571673304,0.8863521055301877
ArMIS,train,168,0,1.0,0.0,ليتك تفهم كلمه ناقصات عقل ياجاهل,ar,"Ann1,Ann2,Ann3",0.9156323571673304,0.8863521055301877
ArMIS,train,169,1,0.33,0.67,تربيتها غلط بغلط كانها عجوز تنتقد وازعجتنا بكلمة فاسدات ومطلعات بطونهن وهي ملبستها امها مايوه وعادي تلعمينها النفاق ياماما مانبي جيل اللي علينا منافقين وملاقيف ويحللون ويحرمون كيفهم انسى لمن جتهم مودل ملابس وغثتها شوي تنزل التيشيرت تغطي بطنها والام تضحك,ar,"Ann1,Ann2,Ann3",0.9156323571673304,0.8863521055301877
ArMIS,train,170,0,1.0,0.0,شييقول يفكر البنات ضايعات صايعات مريض,ar,"Ann1,Ann2,Ann3",0.9156323571673304,0.8863521055301877
ArMIS,train,171,1,0.33,0.67,ههه معظم نساء قبل يثقبن لأنف يعني كانن كلهن فاجرات,ar,"Ann1,Ann2,Ann3",0.9156323571673304,0.8863521055301877
ArMIS,train,172,0,1.0,0.0,ههه اللي حافظينه الشرع حلل ناقصات عقل دين الرجال قوامون النساء حافظين فاهمين,ar,"Ann1,Ann2,Ann3",0.9156323571673304,0.8863521055301877
ArMIS,train,173,0,1.0,0.0,الاحصائيات ظالمة بالعادة وموجهة باتجاه معين بسبب خلفية النساء المنظمات النسوية الم عدة للأحصاءات وثاني القانون والدستور العراقي يماثل المرأة الرجل الفقه الجعفري بالمحاكم ياخذ جانب المرأة دائم وعدنا حالة بعائلتي اسمع واقرا فلان وعلان,ar,"Ann1,Ann2,Ann3",0.9156323571673304,0.8863521055301877
ArMIS,train,174,0,1.0,0.0,طبعا يجي المريض غالبية العظمى فئة النساء للأسف الطبيب لابد يأخذ تاريخ المريض بشكل مفص الأسئلة تكون open يأخذ المريض راحته الشرح وممكن يذكر بنفسه ألمه وهمومه وهذا بحد ذاته مهم وممكن يساعدني كطبيب التشخيص تحديد الحالة المرضية,ar,"Ann1,Ann2,Ann3",0.9156323571673304,0.8863521055301877
ArMIS,train,175,1,0.33,0.67,زمن الكمامه عيون النساء تستعيد التوهج,ar,"Ann1,Ann2,Ann3",0.9156323571673304,0.8863521055301877
ArMIS,train,176,1,0.0,1.0,أول حرمتين تعينهن المرور فاسدات أمحق تمكين,ar,"Ann1,Ann2,Ann3",0.9156323571673304,0.8863521055301877
ArMIS,train,177,0,1.0,0.0,ليش الغاء تشديد شروطها بالذات المراه اصبحت تقود السياره تشديد الشروط ويمنع الاعزب والغرباء الاستقدام يمنع يقل عمره سنه الاستقدام الا اذا اثبت لديه اطفال اقل سنه والا يوجد يوصلهم لظروف عمله,ar,"Ann1,Ann2,Ann3",0.9156323571673304,0.8863521055301877
ArMIS,train,178,1,0.33,0.67,والله اني اشفق عليهن بدون حجاب سافرات متبرجات الحمل يزيد ميزان سيئاتهم الصحيح يكن متحجبات محارمهن نفس الرحله,ar,"Ann1,Ann2,Ann3",0.9156323571673304,0.8863521055301877
ArMIS,train,179,0,0.67,0.33,لايك وارسلها لابوي دايم يرسل قصص نسويات تائبات,ar,"Ann1,Ann2,Ann3",0.9156323571673304,0.8863521055301877
ArMIS,train,180,0,1.0,0.0,ضروري نتكلم واقع المرأة اليمنية القانون خصوصا يتعلق,ar,"Ann1,Ann2,Ann3",0.9156323571673304,0.8863521055301877
ArMIS,train,181,1,0.33,0.67,فعلا العنف المرأه السعوديه خرج جيل البنات السعوديات صلبات وقويات ومكافحات ووعيات,ar,"Ann1,Ann2,Ann3",0.9156323571673304,0.8863521055301877
ArMIS,train,182,1,0.33,0.67,عجبا نساء يقبلن تكون الكلمة وان يكن متسلطات يقدن البيت بمزاجهن اننا معشر النساء بلغنا العلم والثقافة فعاطفتنا ستطغى شئنا ابينا تحلينا بالموضوعية والحكمة فلن نمتلك النظر والشمولية يمتلكها الرجل وهذا كله الحقيقة تشريف للمرأة وتكريم,ar,"Ann1,Ann2,Ann3",0.9156323571673304,0.8863521055301877
ArMIS,train,183,0,0.67,0.33,النسوية ومع ابقاء مكانة الرجل انتي كهف طالعه ارجعي ادخليه اشتري افكارك الغبية,ar,"Ann1,Ann2,Ann3",0.9156323571673304,0.8863521055301877
ArMIS,train,184,0,1.0,0.0,الشيخه تمارا ماعليك امر طال عمرك بالله تكلمي موضوع السلفع اللي الايام كثير يرددونها وينعتون بعص النساء طبعا هبة جديده هالكلمه ماكانت كلمة ناقصات عقل نصيب الاسد,ar,"Ann1,Ann2,Ann3",0.9156323571673304,0.8863521055301877
ArMIS,train,185,1,0.0,1.0,نسويات وةحاب ههه,ar,"Ann1,Ann2,Ann3",0.9156323571673304,0.8863521055301877
ArMIS,train,186,0,1.0,0.0,فاسدات فاسقات قذف المشكلة احنا نجرب نفسنا المصطلحات جرب نفسك المصطلحات وقتها تعرف قذف قذف,ar,"Ann1,Ann2,Ann3",0.9156323571673304,0.8863521055301877
ArMIS,train,187,0,1.0,0.0,الله ياخذ كاسبر ملعون يضربها بكلم النسويات يفزعون ههه,ar,"Ann1,Ann2,Ann3",0.9156323571673304,0.8863521055301877
ArMIS,train,188,0,1.0,0.0,واجبنا كسعوديين الوقوف حكومتنا والوقوف دولة تحاول المساس أمننا اردوغان يهدد دول الخليج وأقل نسويه نوقف دعم للاقتصاد التركي وعدم شراء المنتجات التركية,ar,"Ann1,Ann2,Ann3",0.9156323571673304,0.8863521055301877
ArMIS,train,189,1,0.0,1.0,معاهد نفسي الأبد أني أدعس عديم شرف تشغل نفسك هذول بنات شوارع لقيطات مالهم أهل يضفهم وأقرفونا برخصهم,ar,"Ann1,Ann2,Ann3",0.9156323571673304,0.8863521055301877
ArMIS,train,190,0,0.67,0.33,اذا اتاكم ترضون دينه وخلقه فزوجوه المال والوظيفه دايمه والزواج يفتح الرزق باذن الله وبعدين اغلب الممرضات عوانس مطلقات,ar,"Ann1,Ann2,Ann3",0.9156323571673304,0.8863521055301877
ArMIS,train,191,0,0.67,0.33,اكره عبيد الاكساس روح اخضع لرجول الفسويات مكانتك لحاس رجول,ar,"Ann1,Ann2,Ann3",0.9156323571673304,0.8863521055301877
ArMIS,train,192,0,1.0,0.0,ناقصات عقل ودين كتير الرجال لايفهمون الحديث ويهاجمون النساء أحيانا ناقصات عقل المراه تفكر بقلبها والعاطفة ناقصات دين المرأه تقضي الصلاة فترة الحيض والله تقليل شان المراه يكفي أول أنسان اسلم وجه الأرض كان امراه,ar,"Ann1,Ann2,Ann3",0.9156323571673304,0.8863521055301877
ArMIS,train,193,1,0.0,1.0,حاقدات منحطات جحودات ويقلدونا عايشات تحت رحمتنا وأنظمتنا وعالمنا وإختراعاتنا وابتكاراتنا وعلمنا ودراساتنا وبعدين يهاجمونا ويسبونا طريق الات وأجهزة وبرامج إختراعنا عرفتو,ar,"Ann1,Ann2,Ann3",0.9156323571673304,0.8863521055301877
ArMIS,train,194,1,0.0,1.0,غبيه متخلفه مريضه حيوانه كلبه الا صنفتوه قذرات وهالتغريده تثبت غيري حفاظتك عشان تصحصحي شوي,ar,"Ann1,Ann2,Ann3",0.9156323571673304,0.8863521055301877
ArMIS,train,195,0,0.67,0.33,نفع الله دكتور جزاك الله خير المقطع نساء سافرات وشكلك انتبهت,ar,"Ann1,Ann2,Ann3",0.9156323571673304,0.8863521055301877
ArMIS,train,196,0,1.0,0.0,ويجيك أبو مسوس يقولك ناقصات عقل ودين نعنبوا علمكم,ar,"Ann1,Ann2,Ann3",0.9156323571673304,0.8863521055301877
ArMIS,train,197,1,0.0,1.0,ماا اخس نسويات العالم اجمع الا نسويات اليمن اشغلوا امنا بحقوق النساء وكأنه حقوق انسان تحقيق حقوق الأصل طالبوا بحقوق الفرع,ar,"Ann1,Ann2,Ann3",0.9156323571673304,0.8863521055301877
ArMIS,train,198,1,0.0,1.0,يدخل ابليس الجنه خالد المشعوذ السعودي العرص انتو ومشعوذين الخليج العرصيبن وشراميط لبنان العرصات المشلفات المنايك بلا شرف والقحاب بلا شرف المنايك وشراميط العرب الجرب المنايك العرصات كلهم داشرات عالتواصل الاجتماعي للشرمطه والشعوذه بيصير براسكم بلا شرف,ar,"Ann1,Ann2,Ann3",0.9156323571673304,0.8863521055301877
ArMIS,train,199,1,0.33,0.67,بروفة مصغرة لفتنة فتنت الناس عبر يشاهدونه حياتها فتنتهم المرأة تستطيع تعيش بدون زواج وان المرأة المتحررة ربي يرزقها بالبيت وتكون سعيدة إلخ لهذا الواحد يتماسك ويصبر ويتصابر ويتقي الله لينجو الفتنتين,ar,"Ann1,Ann2,Ann3",0.9156323571673304,0.8863521055301877
ArMIS,train,200,0,1.0,0.0,والخط الساخن مقتصر النساء عشان تهجمو النسويات وتتهموهن بأشياء مالهن دخل الخط للنساء والرجال,ar,"Ann1,Ann2,Ann3",0.9156323571673304,0.8863521055301877
ArMIS,train,201,0,1.0,0.0,الذكوري المراة وظيفتها الاساسية تكون لانها حنونة وعطوفة وحساسة زيادة فروق الجنسين جسدية وعاطفية وعقلية وبنفعش نتساوى الذكوري بقرا امراة قتلت اطفالها نسويات الرجل مجرم نساء مجرمات بدكو تدافعو عنها لانها امراة,ar,"Ann1,Ann2,Ann3",0.9156323571673304,0.8863521055301877
ArMIS,train,202,0,0.67,0.33,بعيد القصر انت شايف يعني ظهورها وبناتها كاشفات سافرات ملابس ضيقه وبعضها يظهر اجزاء اجسادهم تشوفه حلال وجايز,ar,"Ann1,Ann2,Ann3",0.9156323571673304,0.8863521055301877
ArMIS,train,203,0,1.0,0.0,يأخذ النساء يأخذ زمان,ar,"Ann1,Ann2,Ann3",0.9156323571673304,0.8863521055301877
ArMIS,train,204,0,1.0,0.0,الحمدالله النساء صاروا محاميات راح يثبتون وجودهم بالمحاكم بمهن اكثر قريب لأن تخيلي عزيزتي المرأة تعيشين حياة مليئة بالذل الأهانه استرجعاك لحياتك يخليك امرأة رخيصة بنظرة الشخص الي مهنته ياخذ حقك الي ظلمك,ar,"Ann1,Ann2,Ann3",0.9156323571673304,0.8863521055301877
ArMIS,train,205,1,0.33,0.67,طهر قلبك قذرات إبليس,ar,"Ann1,Ann2,Ann3",0.9156323571673304,0.8863521055301877
ArMIS,train,206,1,0.33,0.67,والدليل هذولي النسويات معتقلات,ar,"Ann1,Ann2,Ann3",0.9156323571673304,0.8863521055301877
ArMIS,train,207,1,0.0,1.0,ياعبدت النساء الله ياخذ عقليتك,ar,"Ann1,Ann2,Ann3",0.9156323571673304,0.8863521055301877
ArMIS,train,208,1,0.0,1.0,البنت مفيش عتاب عليها عشان البنات ناقصات عقل ودين صاحبك عايز الحرق برجوله,ar,"Ann1,Ann2,Ann3",0.9156323571673304,0.8863521055301877
ArMIS,train,209,1,0.0,1.0,معها بكل خاصة بمهاجمة صايعات الفمنيست كلن حشاشين معنسين مطلقين,ar,"Ann1,Ann2,Ann3",0.9156323571673304,0.8863521055301877
ArMIS,train,210,0,1.0,0.0,مرور الوقت تتعود النساء وتلبس الي يناسبها اللون الاسود فعلا هوه الدارج زمن طويل جدا المحافظات,ar,"Ann1,Ann2,Ann3",0.9156323571673304,0.8863521055301877
ArMIS,train,211,0,1.0,0.0,الذكور الوسط الشرقي يعتقدون أحقية التقييم ويعتقدون النساء ديكور يتباهى يقعد يعدل بكيفه ماعجبه رماه ومهما كان سيء عديم أخلاق مستحيل يلتفت لهذي الأشياء لأن يحسب بإنه ولد كامل حقه يأخذ شخص كامل ومفص تفصي لحضرته,ar,"Ann1,Ann2,Ann3",0.9156323571673304,0.8863521055301877
ArMIS,train,212,1,0.33,0.67,الحين الملك يقصد المرأة الصالحة النسويات يبون حاشرين نفسهم الخبر,ar,"Ann1,Ann2,Ann3",0.9156323571673304,0.8863521055301877
ArMIS,train,213,0,1.0,0.0,حياة المرأة المتحررة عاجباني عايزة يقولي مفيش نزول يديني علي دماغي بتحكماته,ar,"Ann1,Ann2,Ann3",0.9156323571673304,0.8863521055301877
ArMIS,train,214,1,0.0,1.0,الفسويه لازم تبرر الفعل كان ايش,ar,"Ann1,Ann2,Ann3",0.9156323571673304,0.8863521055301877
ArMIS,train,215,0,1.0,0.0,زمن النساء شكرا محمد سلمان,ar,"Ann1,Ann2,Ann3",0.9156323571673304,0.8863521055301877
ArMIS,train,216,1,0.33,0.67,كلي انتي الثانية عرفتي انها حالة شاذة انا اقدر اقول النساء قذرات مثل اشكالك سهلة ترا واقول المغتصب انه حالة شاذة وربي سهل لكني حقير مثلك لقول الكلام لمجرد التبرير اهل جنسي,ar,"Ann1,Ann2,Ann3",0.9156323571673304,0.8863521055301877
ArMIS,train,217,0,1.0,0.0,كتير بيقولو نفس الكلام بسبب السمعه السيئه والصفات البشعه الي ملتصقه بمصطلح النسويه مجتمعنا بيخافو يفكرهم نسويين سمح الله عشان اهانه الواحد عارف يكره الفئه صراحه مقدرش اني اشفق فقط واعتب علي الجهل,ar,"Ann1,Ann2,Ann3",0.9156323571673304,0.8863521055301877
ArMIS,train,218,0,0.67,0.33,وايد وايد استغرب النسويات واللي يطالبوا بحقوق المرأة مواضيع تحتاج مساواة لازم تفهموا ادوار للرجل ادوار للمرأة الرجل يقدر ياخذ دورك البيت وانتي تقدري تاخذي دوره الاعمال الثقيلة انتي فطرتك وبنيتك وكل كيانك عكس الرجل ليش تضاربيه,ar,"Ann1,Ann2,Ann3",0.9156323571673304,0.8863521055301877
ArMIS,train,219,0,1.0,0.0,ناقصات عقل بمعنى عواطفها تغلب عقلها احيانا وناقصات دين بمعنى أنها أحيانا مكلفة بالصلاة وبعض أمور الدين لأسباب تخصها,ar,"Ann1,Ann2,Ann3",0.9156323571673304,0.8863521055301877
ArMIS,train,220,0,0.67,0.33,الشباب اللي بخلوا البنات البيض الأردن يصيروا وقحات واستغلاليات بخيلات تاكل وتشرب وتروح وتيجي عحسابه يوم بحكي,ar,"Ann1,Ann2,Ann3",0.9156323571673304,0.8863521055301877
ArMIS,train,221,1,0.0,1.0,مابغا اجلطك نسويات العري سعوديات,ar,"Ann1,Ann2,Ann3",0.9156323571673304,0.8863521055301877
ArMIS,train,222,0,0.67,0.33,انهم غلط لاتقولي رخيصات سلعه مصطلح احسن يعني وارقى وبعدين هاذا بلاء انك تبغي تجذبي احد تبي تفاعل احمدي ربك وادعي انو الله يستر عليهم ويصلحهم,ar,"Ann1,Ann2,Ann3",0.9156323571673304,0.8863521055301877
ArMIS,train,223,1,0.0,1.0,كلامه صحيح وهذا قاله ابن عباس رضي الله عنهما كان يعد المرأة السفهاء يكفيك قول النبي صلى الله وسلم ناقصات عقل ودين,ar,"Ann1,Ann2,Ann3",0.9156323571673304,0.8863521055301877
ArMIS,train,224,1,0.33,0.67,يصيرون رخيصات الا اخر الشهر ههه,ar,"Ann1,Ann2,Ann3",0.9156323571673304,0.8863521055301877
ArMIS,train,225,0,1.0,0.0,انادي نسويات العراق والسعوديه يطيحون حظك,ar,"Ann1,Ann2,Ann3",0.9156323571673304,0.8863521055301877
ArMIS,train,226,1,0.33,0.67,قلت فسويات نسويات اكو نوعين التكون بشر طبيعي والنوع ثاني تصير,ar,"Ann1,Ann2,Ann3",0.9156323571673304,0.8863521055301877
ArMIS,train,227,0,0.67,0.33,معاش قعدن عائلات قول قول متحررات قول وشات,ar,"Ann1,Ann2,Ann3",0.9156323571673304,0.8863521055301877
ArMIS,train,228,0,0.67,0.33,حقيقي حريم متمردات بسبب خلافات يقتلو اطفالهم يطردوهم غريبه ابدا,ar,"Ann1,Ann2,Ann3",0.9156323571673304,0.8863521055301877
ArMIS,train,229,1,0.33,0.67,الخاص مليان شباب متعطش واحد كلاب كثيره نتعرف وين انتي اعطيك اللي تبينه ياحلو ويرسل صور واني مارد عليهم كلاب اقول تويتر مليان صايعات ومتعطشات للفلوس وعندهم خلفيه للنصب ابحث عنهم وستجدهم قال واحد,ar,"Ann1,Ann2,Ann3",0.9156323571673304,0.8863521055301877
ArMIS,train,230,1,0.33,0.67,انا مؤيد وداعم لجميع حقوق المرأة حقها السواقه,ar,"Ann1,Ann2,Ann3",0.9156323571673304,0.8863521055301877
ArMIS,train,231,1,0.0,1.0,ترا مانتمر وحده البويات واللزلز وكل المدرسه تتنمر عليهم لأنهم قذرات ومحد يطيقهم حتا مره مرتين دايم,ar,"Ann1,Ann2,Ann3",0.9156323571673304,0.8863521055301877
ArMIS,train,232,1,0.33,0.67,شفتوا رجال يذب أطفاله بالنهر شفتوا رجال يقتل مرته بالبلوكة شفتوا وهم شفتوا ... الخ طبعا شفتوا رجال يحرق مرته رجال عنف مرته الرجال المعنفون حقهم يطالبوا بإعدام النساء جميعا لأنهن مصدر وكيد,ar,"Ann1,Ann2,Ann3",0.9156323571673304,0.8863521055301877
ArMIS,train,233,0,0.67,0.33,الى امرأة احتشمت ثوبها فداء سافرات الوج عاليات الن,ar,"Ann1,Ann2,Ann3",0.9156323571673304,0.8863521055301877
ArMIS,train,234,1,0.0,1.0,ياخي المراهقات ههه متمردات شريسات,ar,"Ann1,Ann2,Ann3",0.9156323571673304,0.8863521055301877
ArMIS,train,235,0,0.67,0.33,احفظي لسانك تدخلي أعراض الناس كيفك تحكمي وتقولي رخيصات اصلا مالك دخل فيهم ومو مسؤوله عنهم انتي,ar,"Ann1,Ann2,Ann3",0.9156323571673304,0.8863521055301877
ArMIS,train,236,1,0.0,1.0,بنات شوارع صالحات للارتباط,ar,"Ann1,Ann2,Ann3",0.9156323571673304,0.8863521055301877
ArMIS,train,237,1,0.33,0.67,عقلية الفسوية محو دور الرجل ماهي مسألة حقوق يعني لاتقول المرأة نصف المجتمع قول المرأة المجتمع وان شاء الله يعني مانوعدك ترضى,ar,"Ann1,Ann2,Ann3",0.9156323571673304,0.8863521055301877
ArMIS,train,238,1,0.33,0.67,مشكله الفسويات اذا درعموا حافظين,ar,"Ann1,Ann2,Ann3",0.9156323571673304,0.8863521055301877
ArMIS,train,239,0,0.67,0.33,للأسف أغلب المديرات متسلطات والسبب ضعف شخصية المعلمات وخوفهم منهم والمديرة تعاملهم كأنها وزيرة التعليم لماذا المدراء لايفعلون المعلمين,ar,"Ann1,Ann2,Ann3",0.9156323571673304,0.8863521055301877
ArMIS,train,240,1,0.33,0.67,تلقينهم بالاماكن الشريفه ارباب العمل يريدون البنات الا متكشفات متبرجات دين يمنعهن حياء لارضاء شهواتهم لذلك تجدين مكانا لبنات الوطن بينهم,ar,"Ann1,Ann2,Ann3",0.9156323571673304,0.8863521055301877
ArMIS,train,241,1,0.33,0.67,المعددين ترأ البنات عندنا فالتات يبون الزواج يبون زواج متحررات وهذا الي صاير والله يستر الزمن,ar,"Ann1,Ann2,Ann3",0.9156323571673304,0.8863521055301877
ArMIS,train,242,1,0.0,1.0,انا بقولك السبب السيب اعتقد والله اعلم عدم قناعة الزوجه لديها زوج وابناء تريد الحرية المزعومة وتعيش يعيش النسويات الكاذبات بأسم الحريه وهم ورطه حريه وحل وظلام دامس السنابات السبب مشاهير يصىورون اشياء ويدعون انهم يملكونها وهي لشركات,ar,"Ann1,Ann2,Ann3",0.9156323571673304,0.8863521055301877
ArMIS,train,243,0,1.0,0.0,معقول رفعت ضغط الذكور بمجرد شروط عاديه جدا وحق حقوق المرأه عقد النكاح تكون شروطها ترضيها ماترضي الذكر عموما النباح امس ماوفق فلذالك بحذف التغريده صرت مادخلت تويتر اناظر كلام غبي وعقيم للأسف,ar,"Ann1,Ann2,Ann3",0.9156323571673304,0.8863521055301877
ArMIS,train,244,0,0.67,0.33,حقوق المرأة الى أين !!!,ar,"Ann1,Ann2,Ann3",0.9156323571673304,0.8863521055301877
ArMIS,train,245,0,0.67,0.33,الزواج المرتب تعصب أعمى برنامج تلفزيوني نوقش العنف المرأة قالت سيفدا تركوسيف عندما انخفض الزواج خلال الزواج المرتب ازداد العنف اختلط الأمر البرنامج جادل أكايا بأن الزواج المرتب تعصب أعمى الزواج التقليدي عامل مشكلة مكان,ar,"Ann1,Ann2,Ann3",0.9156323571673304,0.8863521055301877
ArMIS,train,246,0,1.0,0.0,سيدي وان سألوك عنا مغرورات متمردات عشقن يكونا كالماء والهواء وان كرهن يكونا نار تطاق النساء,ar,"Ann1,Ann2,Ann3",0.9156323571673304,0.8863521055301877
ArMIS,train,247,1,0.33,0.67,بيجوك شلة الفسويات الحين ويقولوا اتركيه واستقلي بذاتك تتنازلي عشان الذكور وهي تلقيها يوم نايمة بحضن زوجها,ar,"Ann1,Ann2,Ann3",0.9156323571673304,0.8863521055301877
ArMIS,train,248,1,0.33,0.67,عززز انا معكم قلبآ قالبآ النسويات مره وحده,ar,"Ann1,Ann2,Ann3",0.9156323571673304,0.8863521055301877
ArMIS,train,249,1,0.0,1.0,والله كريههه حاطينها عشان شوفونا ندعم النسويات,ar,"Ann1,Ann2,Ann3",0.9156323571673304,0.8863521055301877
ArMIS,train,250,1,0.33,0.67,قلنا نقاش هادف تغلطين عشان كرهت النسويات الحوار عندهم معدوم,ar,"Ann1,Ann2,Ann3",0.9156323571673304,0.8863521055301877
ArMIS,train,251,1,0.33,0.67,حريم ماشيين مبدأ حقوق المرأة المرأة كامل الحرية لبسها الخ ... مبادئهم تعاكس الدين الحرمة الي تتفصخ عادي يدعمون الشواذ اشياء ابرز الاشياء,ar,"Ann1,Ann2,Ann3",0.9156323571673304,0.8863521055301877
ArMIS,train,252,0,1.0,0.0,اكيد مافي نسويه بتدعم البيدو انت هدفك تشويه صورة النسويات انهم بيدوفى قذرات كيفك,ar,"Ann1,Ann2,Ann3",0.9156323571673304,0.8863521055301877
ArMIS,train,253,0,0.67,0.33,البنت اعرفها ... قلت كلكم نسويات واسلوبكم مثل يتغير ... أجل اعرفها,ar,"Ann1,Ann2,Ann3",0.9156323571673304,0.8863521055301877
ArMIS,train,254,1,0.0,1.0,الله ياخذ جميع النسويات جميع العالم,ar,"Ann1,Ann2,Ann3",0.9156323571673304,0.8863521055301877
ArMIS,train,255,1,0.0,1.0,طبعا النسويات فيهم ميزة احتقار اليمنيين,ar,"Ann1,Ann2,Ann3",0.9156323571673304,0.8863521055301877
ArMIS,train,256,1,0.0,1.0,بالعهد القوي تاركين فاجرات خارج الحبس بتلعو النفس,ar,"Ann1,Ann2,Ann3",0.9156323571673304,0.8863521055301877
ArMIS,train,257,1,0.0,1.0,الشبه انه كلكم رخيصات وبعدين ايش القرف,ar,"Ann1,Ann2,Ann3",0.9156323571673304,0.8863521055301877
ArMIS,train,258,0,1.0,0.0,ناقصات عقل ودين النقص تؤخذ يقلل دينها شرع الله رحمه يعني انها تودي صلاتها اكمل وجهه,ar,"Ann1,Ann2,Ann3",0.9156323571673304,0.8863521055301877
ArMIS,train,259,0,1.0,0.0,ايام زمان تسبون الي يلبسون عبايات ملونة عساس انهم فاسقات كافرات والحين زعلانين انهم صاروا يعتبرونكم الجهل ياخي انتو تقولون الدنيا دوارة خلاص الحياة,ar,"Ann1,Ann2,Ann3",0.9156323571673304,0.8863521055301877
ArMIS,train,260,0,1.0,0.0,شكله بيغصب بناته يتزوجن عشان يكونن رخيصات ... نسوي منشن حال شرطة تجي تشله جالسة اسوي مشاكل الصبح,ar,"Ann1,Ann2,Ann3",0.9156323571673304,0.8863521055301877
ArMIS,train,261,1,0.33,0.67,توجه الصحافة عالميا تسليط الضوء المرأة حثها ععلى العمل الخروج البيت تهميش الرجل يدمر الأسر يحد فرص زواج النساء الموضوع طويل عريض خطير جدا,ar,"Ann1,Ann2,Ann3",0.9156323571673304,0.8863521055301877
ArMIS,train,262,0,1.0,0.0,طيب امرأه نسويه هذاك قلتيها,ar,"Ann1,Ann2,Ann3",0.9156323571673304,0.8863521055301877
ArMIS,train,263,1,0.0,1.0,الدجاجة السبب كان مغريه لذكر كامل العقل عشان القرار فالبيت كله بسبب الفسويات,ar,"Ann1,Ann2,Ann3",0.9156323571673304,0.8863521055301877
ArMIS,train,264,0,1.0,0.0,لاني فكرة الرجال البنات قلت انتم تقولو ناقصات دين عقل خلاص اتركونا حالنا اقلبو لوطيين روحو اشبعوا رغباتكم ذكور مثلكم ترجونا قولة نبي نتزوجكم عشان نكمل الدين,ar,"Ann1,Ann2,Ann3",0.9156323571673304,0.8863521055301877
ArMIS,train,265,1,0.0,1.0,المرآه امي اختي بنتي النسويات يتبنون افكار هدامه مثل دعم الألحاد الحريه الجنسية الميول الخطأ لذلك اخطيت بشئ يحزنون,ar,"Ann1,Ann2,Ann3",0.9156323571673304,0.8863521055301877
ArMIS,train,266,1,0.0,1.0,خاطري اجلس جلسه معهن افهم ايش مشكلهن ناقصات حنان عقل ايش بالضبط اتوقع ناقصات دين ذلا,ar,"Ann1,Ann2,Ann3",0.9156323571673304,0.8863521055301877
ArMIS,train,267,1,0.33,0.67,المشرفات متسلطات بشكل عجيب اكيد كلها عقد نفسية ياحليل المشرفين ابوهم للجنه اللي نسمع عنه المشرفات,ar,"Ann1,Ann2,Ann3",0.9156323571673304,0.8863521055301877
ArMIS,train,268,1,0.0,1.0,الله يهديك شكلك مامريت نساء فاسدات اكثر فساد بالحياة النساء طبيعتهن ضعيفة يملكن الشجاعة اذا وافق وجودهن خبيث مثلهن توقع الاجرام بينهم,ar,"Ann1,Ann2,Ann3",0.9156323571673304,0.8863521055301877
ArMIS,train,269,0,1.0,0.0,جعفر يعلم بلادنا الألاف المحجبات تلعبن الكراتيه متبرجات تلعبين الكراتيه غريب أمر الرجل,ar,"Ann1,Ann2,Ann3",0.9156323571673304,0.8863521055301877
ArMIS,train,270,0,1.0,0.0,اذا نفسه الدين وتعلمنا بالمدارس جاه حريق خلاص نطلع متبرجات لابسين لبس مررره كاشف نطلع خلاص لانه حرييق يعني بنموت وحنا مستحيين والدين اباحه العقول الصغيره تفهم,ar,"Ann1,Ann2,Ann3",0.9156323571673304,0.8863521055301877
ArMIS,train,271,0,1.0,0.0,يعني خيار فرض فرضه الله عليكم ووجب توريثها ويحر حرمانها إجبارها إكراهها التنازل نزل حقنا سورة كاملة أثبتت علينا اجتمع جمعيات حقوق المرأة البسيطة وألفت آلاف الكتب وصلت جزء عدل الله سورة النساء,ar,"Ann1,Ann2,Ann3",0.9156323571673304,0.8863521055301877
ArMIS,train,272,1,0.0,1.0,والله انكن ناقصات عقل ودين,ar,"Ann1,Ann2,Ann3",0.9156323571673304,0.8863521055301877
ArMIS,train,273,1,0.0,1.0,الله ملكنا الغالي مربيات الاجيال نصف المجتمع المجتمع كامل وهنا نتكلم مربيات الاجيال وليس السلاتيح الفسويات الشواذ تفو,ar,"Ann1,Ann2,Ann3",0.9156323571673304,0.8863521055301877
ArMIS,train,274,1,0.33,0.67,بداية انذار ولكل امرأة تقود السيارة وقد افتى العلماء بتحريم قيادة المرأة للسيارة خاصة انك قرنت بالتبرج والسفور أعظم موقفك امام الله فبادري بالتوبة النصوح,ar,"Ann1,Ann2,Ann3",0.9156323571673304,0.8863521055301877
ArMIS,train,275,0,0.67,0.33,ابوي اللي يقول ناقصات عقل ودين,ar,"Ann1,Ann2,Ann3",0.9156323571673304,0.8863521055301877
ArMIS,train,276,0,1.0,0.0,احد آليات مواجهة العنف المرأة ينبغي تهتم الأسرة وغيرها المؤسسات الاجتماعية بتنشئة الفرد وتربيته بشكل يدخل إطار سوي أساس المساواة الجنسين وتعليم الفرد الفروق بينهم فروق بيولوجية فقط فليس تفضيل الجنس آخر,ar,"Ann1,Ann2,Ann3",0.9156323571673304,0.8863521055301877
ArMIS,train,277,0,1.0,0.0,وتبرر العنف المرأه طبيعيه ابدا,ar,"Ann1,Ann2,Ann3",0.9156323571673304,0.8863521055301877
ArMIS,train,278,0,1.0,0.0,اجل قلت السعادة العطاء لابد لمن يأخذ يعطى يوما الايام لابد اما النساء فمنا جعلها تاج رأسة ومنا مادون ذالك ومنا قلل وكذالك الرجال بالنسبة للنساء الاختلاف سنة الحياة خلصة القول الرجل خرج رحم امراة وارضعتة وربتة واهدته لامرأة اخري,ar,"Ann1,Ann2,Ann3",0.9156323571673304,0.8863521055301877
ArMIS,train,279,0,0.67,0.33,تؤيد العلاقة كانت بالعمل خارجه لهذا الكثير تحدث مطالبات المزيد القوانين تحفظ ولهذا يرفض الاهالي عمل بناتهم لهذا السبب اعتذر سوء المشهد البعض النساء يعتقدون الحرية علاقة طبيعية الجنسين,ar,"Ann1,Ann2,Ann3",0.9156323571673304,0.8863521055301877
ArMIS,train,280,1,0.0,1.0,والله زود المرض والنقص تتهاوشون مين احلى الثاني وهي بالاساس خلقت الله وكل النساء جميلات سمرا بيضا نحيفه سمينه الناس تطورت بفكرها وانتم ناقصات عقل الجمال جمال الروح والاخلاق يامعتوهات,ar,"Ann1,Ann2,Ann3",0.9156323571673304,0.8863521055301877
ArMIS,train,281,0,1.0,0.0,عاش سلمان يشهد العالم قراراته العظيمة مواصلة لتعزيز ضمان حقوق المراة السعودية يستاهلون بنات الوطن الثقة وهم كفو دائما,ar,"Ann1,Ann2,Ann3",0.9156323571673304,0.8863521055301877
ArMIS,train,282,0,1.0,0.0,ياحلاوة انامش بكلم شيء دول الى بيكفرونا وبيقولوا متبرجات عجايب عالنفاق والرياء,ar,"Ann1,Ann2,Ann3",0.9156323571673304,0.8863521055301877
ArMIS,train,283,0,1.0,0.0,وانا فخوره فيك اكثررر كثر مجتمعنا ذكوري الا اننا طلعنا نسويات وهذا اكبر كفاح,ar,"Ann1,Ann2,Ann3",0.9156323571673304,0.8863521055301877
ArMIS,train,284,1,0.0,1.0,اجلد ابوهم بنات الكلب داشرات,ar,"Ann1,Ann2,Ann3",0.9156323571673304,0.8863521055301877
ArMIS,train,285,0,1.0,0.0,اوك كلامك صحيح احترامي غباء شوي وشكلك فكرت الرج سهل يتزوج اوك تمام صحيح انت قلت بعدها ياخذ اربعة نساء بكذا يكون عدد زواج النساء اكثر يعني الرجال رجل واحد النساء اربعه العدد الاكثر عدد النساء يكون خساره للنساء عددهم اكثر,ar,"Ann1,Ann2,Ann3",0.9156323571673304,0.8863521055301877
ArMIS,train,286,0,1.0,0.0,ايوة قلت ناقصات عقل عشان عاطفية وناقصات دين لانهن بؤدين الفرائض كاملة لظروف انثوية وهذا ينقص قدر المرأة,ar,"Ann1,Ann2,Ann3",0.9156323571673304,0.8863521055301877
ArMIS,train,287,1,0.0,1.0,حصحص هالفترة محتاجينك تجلدين فاسقات انتشروا اشوفهم ههه ههه ههه,ar,"Ann1,Ann2,Ann3",0.9156323571673304,0.8863521055301877
ArMIS,train,288,0,1.0,0.0,فاهمة ليه ممكن تتصالح العنف الاغتصاب القتل التحرش الجرائم المرأة تشخصنها المرأة الذكورية كأنها ضحية للنظام الذكوري اصلا,ar,"Ann1,Ann2,Ann3",0.9156323571673304,0.8863521055301877
ArMIS,train,289,1,0.0,1.0,انت بتبرجك مكياجك تكسبين إثم تكسبين إثم يراك بهذا التبرج فأتق الله فنساء بلاد الحرمين متحجبات يظهرن بمظهرك ... للأسف اصبحنا زمن ذهب الحياء النساء ذهبت الغيرة الرجال,ar,"Ann1,Ann2,Ann3",0.9156323571673304,0.8863521055301877
ArMIS,train,290,1,0.0,1.0,بالاخير صارحت حولها انها شاتها طلقها بعدما علمو وتفاجئو بزواج زوجها اخرى غيرها وهي شغالة تصوير زوجي حبيبي حاطة حرفه حرفها فعلا اذا قالو ناقصات عقل دين,ar,"Ann1,Ann2,Ann3",0.9156323571673304,0.8863521055301877
ArMIS,train,291,1,0.0,1.0,النسويات السعوديات الجحيم بعينه سنوات نعاني ظلمهم وتسلطهم,ar,"Ann1,Ann2,Ann3",0.9156323571673304,0.8863521055301877
ArMIS,train,292,0,1.0,0.0,يحب المرأه المتحرره اللي تسرح وتمرح علي النسوي,ar,"Ann1,Ann2,Ann3",0.9156323571673304,0.8863521055301877
ArMIS,train,293,0,1.0,0.0,بكل إحترام بتعرفي تفاصيل ناقصات عقل دين يعني لاعك معرفتك بالدين الإسلامي كتير ضعيفة تصدري أحكام عندك معرفة كافية فهم بالموضوع تحكي تخلطي عادات تقاليد ومعاملة المجتمع العربي للمرأة الدين الإسلامي ذنب الدين الناس بتطبقه غلط,ar,"Ann1,Ann2,Ann3",0.9156323571673304,0.8863521055301877
ArMIS,train,294,0,1.0,0.0,فمرة يثبت أكتافها بسواعده ومرة يوهمها تأخذ دفة الحديث النسوية وكله عبارة كلامه ومرة يدعي موافقتها موضوع مساواة الأجور ويستدرجها ليوقعها الفخ القديم بيولوجية المرأة ويبرر صنوف التمييز ناهيك الفيديو اللي يبرر التعنيف,ar,"Ann1,Ann2,Ann3",0.9156323571673304,0.8863521055301877
ArMIS,train,295,1,0.0,1.0,دشو الملحدين النسويات يحسبونها إسقاط الولاية,ar,"Ann1,Ann2,Ann3",0.9156323571673304,0.8863521055301877
ArMIS,train,296,1,0.0,1.0,اساسا مافي نسويات صالحات علشان يكون نسويات فاسدات,ar,"Ann1,Ann2,Ann3",0.9156323571673304,0.8863521055301877
ArMIS,train,297,1,0.0,1.0,فترفض خوض التجربه مره ثانيه فتصاب هائل التشتت نسويات ... فاسدات مفسدات,ar,"Ann1,Ann2,Ann3",0.9156323571673304,0.8863521055301877
ArMIS,train,298,0,1.0,0.0,يستاهلووون والمقاطعة شيء نسويه لكل شيء يقلل قيمة وطننا وقادتنا العظماء,ar,"Ann1,Ann2,Ann3",0.9156323571673304,0.8863521055301877
ArMIS,train,299,1,0.33,0.67,اذا تشوفين نفسك سلعه غاليات رخيصات الناس موب مثلك عبدة الاتنشن,ar,"Ann1,Ann2,Ann3",0.9156323571673304,0.8863521055301877
ArMIS,train,300,1,0.33,0.67,لمتى والطبيبات السعوديات وقحات طبيعي ادخل غرفتها وتقولي مافي غيري معقولة وتقوم ترميني عالممرضه وتقولها بالانقليزي اسأليها كثير مشكلتها تسوين سحب شايفتني حمار حاجه,ar,"Ann1,Ann2,Ann3",0.9156323571673304,0.8863521055301877
ArMIS,train,301,1,0.0,1.0,مايلام دوس عليهم قذرات العرب خيبهم الله مافيه أكبر الخيانه والانحطاط والتآمر يستاهلون والله,ar,"Ann1,Ann2,Ann3",0.9156323571673304,0.8863521055301877
ArMIS,train,302,0,0.67,0.33,بتحصل عنك المكر البنات صايعات,ar,"Ann1,Ann2,Ann3",0.9156323571673304,0.8863521055301877
ArMIS,train,303,0,1.0,0.0,قرروا اليسار والنسويات تعليقات نينا تسيء للمرأة وبنفس الدقيقة شنوا هجوم معنوي عليها واتهموها بأبشع الاتهامات الميسوجينية واعتبروا تعليق ورأي شخصي خسف حقوق وإنجازات النساء نسويات تسمحوا لنفسكم بأن تتحولوا الى عدو المرأة,ar,"Ann1,Ann2,Ann3",0.9156323571673304,0.8863521055301877
ArMIS,train,304,0,1.0,0.0,يمكن طلعتي محيطك بتعرفي الأمر نادر يوجد الكثير النساء المعيلات ياخذ حقهن,ar,"Ann1,Ann2,Ann3",0.9156323571673304,0.8863521055301877
ArMIS,train,305,1,0.0,1.0,خلاصة الكلام والموضوع المتداول امس حنا الحق وحنا نبي نوقف العينات الي تبي شهره وتفاعل استعطاف الناس وفيه مقوله شهيره لاتجعلو الحمقاء مشاهير لذا الضجة نبي نوقف الفسويات واتباعهم يعني يكفي انهم داعمين هاشتاق المثليين,ar,"Ann1,Ann2,Ann3",0.9156323571673304,0.8863521055301877
ArMIS,train,306,0,1.0,0.0,اللي يقهر انهم يمثلون النسويه ابد,ar,"Ann1,Ann2,Ann3",0.9156323571673304,0.8863521055301877
ArMIS,train,307,1,0.0,1.0,والله انتو ملكات ومعززات بيوتكم وهي مملكتكم كله الفسويات الي يبون يخربون بناتنا,ar,"Ann1,Ann2,Ann3",0.9156323571673304,0.8863521055301877
ArMIS,train,308,0,1.0,0.0,كبييير لجميع النسويات,ar,"Ann1,Ann2,Ann3",0.9156323571673304,0.8863521055301877
ArMIS,train,309,0,1.0,0.0,سافرات اهانه تفسيرها ايضا محجبه كاشفه وجهها وغير منقبه كان الاولى توجهي انتقادك اللاذع لتلك السيده الجاهله وكل يفكر بطريقتها العلم الدين المسيحي ايضا السابق كانوا يغطون رؤوسهم بمنديل وأشارب الان يرتدونه الا وقت دخول الكنائس وليس الكل فقراء,ar,"Ann1,Ann2,Ann3",0.9156323571673304,0.8863521055301877
ArMIS,train,310,1,0.0,1.0,الفئران نساء فاسدات والأسود رجال يطردهم,ar,"Ann1,Ann2,Ann3",0.9156323571673304,0.8863521055301877
ArMIS,train,311,0,0.67,0.33,اكره العمانيين حرفيا كلهم مختفيين ومحد يشارك بالهاشتاق الا النسويات رغم انه موضوع حياة موت الموضوع تنمر سخيف الهاشتاق بيوصل ترند بدقيقة,ar,"Ann1,Ann2,Ann3",0.9156323571673304,0.8863521055301877
ArMIS,train,312,0,1.0,0.0,انا بصف المرأة بصف مجرمين قرروا ياخدوا دور الخالق وينهوا حياة أطفالهم بإيدهم فعل شنيع هنعلق الذكورية والمجتمع والأهل الضغوطات النفسية مبرر لإنه الشخص يأذي كان جرائم العنف النساء وجرائم تعنيف الأبناء بررة لانه المجتمع ككل قاعد بعيش تحت ضغط نفسي,ar,"Ann1,Ann2,Ann3",0.9156323571673304,0.8863521055301877
ArMIS,train,313,0,0.67,0.33,ولله الي يقول الناس رخيصات مافي ارخص منو خلي عنك الهرج تسوي العالمين وتقيمي الخلق,ar,"Ann1,Ann2,Ann3",0.9156323571673304,0.8863521055301877
ArMIS,train,314,1,0.0,1.0,انتي ولاهي كلكم رخيصات وتنافس الرخص والمزبله,ar,"Ann1,Ann2,Ann3",0.9156323571673304,0.8863521055301877
ArMIS,train,315,0,1.0,0.0,عقليات متخلفه الصراحه حقوق المرأه وانتو تقولوا نسوية الله يتولاكم,ar,"Ann1,Ann2,Ann3",0.9156323571673304,0.8863521055301877
ArMIS,train,316,0,1.0,0.0,مكبرات الموضوع ومتدخلات عود متحررات وكذا وخابصات الدنيا وهي حرية شخصية كلمن بختار شريك حياته بكيفه,ar,"Ann1,Ann2,Ann3",0.9156323571673304,0.8863521055301877
ArMIS,train,317,0,1.0,0.0,أمنيتي أتعرف صاحبات صايعات مايجلسون بيوتهم ويصيعوني معاهم,ar,"Ann1,Ann2,Ann3",0.9156323571673304,0.8863521055301877
ArMIS,train,318,0,0.67,0.33,خمسين سنه النسويات يقولون شاركنا بحرب كورونا,ar,"Ann1,Ann2,Ann3",0.9156323571673304,0.8863521055301877
ArMIS,train,319,1,0.0,1.0,انثى السرطان تعيش بأمان واطمئنان وماعندهافسويات يطالبون باسقاط الولايه,ar,"Ann1,Ann2,Ann3",0.9156323571673304,0.8863521055301877
ArMIS,train,320,0,0.67,0.33,شكلهم نسويات ههه,ar,"Ann1,Ann2,Ann3",0.9156323571673304,0.8863521055301877
ArMIS,train,321,1,0.33,0.67,اخوها ومحتقرته انه ناشب لخواته فما بالك عزيزي باحتقار الزوجة لزوجها اللي ناشب المسعودات عزيزي والمرأة عموما مختلف كثير تتصور منحطات جدا فوق تتصور بكثييير,ar,"Ann1,Ann2,Ann3",0.9156323571673304,0.8863521055301877
ArMIS,train,322,0,1.0,0.0,وثانيا تستخدم ناقصات عقل لإهانة المرأة يجوز أنك هينها تستنقص نها لأن الله كتب أشياء خارجة إرادتها أتمنى تتثقف مسوي طالب علم,ar,"Ann1,Ann2,Ann3",0.9156323571673304,0.8863521055301877
ArMIS,train,323,0,1.0,0.0,الرجل سيكوباثي مريض علاقة الخبر ناقصات عقل ودين اساس كاينة حادثة التاريخ البشري لامرأة قتلت عذبت حيوان مارست أفعال شادة,ar,"Ann1,Ann2,Ann3",0.9156323571673304,0.8863521055301877
ArMIS,train,324,0,1.0,0.0,منطقي كلامك العملية السياسية الحقوقية تحتاج لصوت الاطياف تكون عادلة الاقلية يختفي صوتها اغلب الاحيان نهاية المطاف طرف يرى الاخر انه مجنون متجه للهاوية بينما يرى نفسه الاصلح للقيادة بسبب العنف الممنهج المرأة البلاد العربية الردكالية مبررة اعتقد,ar,"Ann1,Ann2,Ann3",0.9156323571673304,0.8863521055301877
ArMIS,train,325,0,1.0,0.0,أدانت النسويات الجزائر المناضلات أجل حقوق المرأة الإعتداء الوحشي العنصري جزائريتين فرنسا بلد الحريات المساواة العدالة لشيئ لأنهما عربيتان مسلمتان,ar,"Ann1,Ann2,Ann3",0.9156323571673304,0.8863521055301877
ArMIS,train,326,0,1.0,0.0,يادي كلمة السلفع اللي اكلتو راسنا ناقصات عقل والحين موضتكم سلفع ملفع بكرا تخلونه حديث اقوال الرسول صلى الله وسلم بعيده بعدين قلعتك عنهم ماعجبوك يامحور الكون,ar,"Ann1,Ann2,Ann3",0.9156323571673304,0.8863521055301877
ArMIS,train,327,1,0.33,0.67,تتكلمين الحقوق تراك منت راعية حقوق تعرفين تطالبين مطالباتك فاشله زيك وزي حياتك دخلتي وسبيتي الرجال تويتر لنقص فيك وتحسين طول الوقت بنات الحمايل درو عنك همك إنك تبين البنات صايعات مثلك,ar,"Ann1,Ann2,Ann3",0.9156323571673304,0.8863521055301877
ArMIS,train,328,0,1.0,0.0,برضوا المسلسلات الافلام تراها اكثرها حرام اللي تشتمل موسيقى متبرجات لقطات خليعة اتمنى تجنبها جزاكي الله خيرا,ar,"Ann1,Ann2,Ann3",0.9156323571673304,0.8863521055301877
ArMIS,train,329,0,0.67,0.33,الوزير يعك والمتهمة المزه القصاص عندهم بالضرورة فتاة عندنا نسويات حقيقيات,ar,"Ann1,Ann2,Ann3",0.9156323571673304,0.8863521055301877
ArMIS,train,330,1,0.0,1.0,النسوية بتخزي,ar,"Ann1,Ann2,Ann3",0.9156323571673304,0.8863521055301877
ArMIS,train,331,0,0.67,0.33,الذكورية بدأت بمطالب طبيعيه زيها النسوية تبداء بشيئ بسيط تتوسع بدء بالزواج الاجنبيه هدفهم خلف زرع فكرة الشباب بنات بلده فاسدات ونعوذ بالله تعداد البلد تعدا مليون نسمه مبداء الذكورية يسقط,ar,"Ann1,Ann2,Ann3",0.9156323571673304,0.8863521055301877
ArMIS,train,332,0,1.0,0.0,وصلهم هالمرحلة النساء تركته يشتمها يمد يده عليها ياخذ راحته بكل حاكرها البداية الي والي كان شفتيه يحترم المرأه ويعطيها حقها كامل الحياة رجل أهل أقارب ابناء صديقات يعتبرها تعتبره والطلاق مفتاح الفرج لكثييير النساء المره اقل الرجلا,ar,"Ann1,Ann2,Ann3",0.9156323571673304,0.8863521055301877
ArMIS,train,333,1,0.0,1.0,يييع اغلب البنات صاروا رخيصات عشان تفاعل ولايكات اشفيييه تعرضين جسمك للكل بعقلك انتي طيب الشي اللي يسوى يخليك تسوين هالشي تفكير منحط وبرضه يييع,ar,"Ann1,Ann2,Ann3",0.9156323571673304,0.8863521055301877
ArMIS,train,334,0,1.0,0.0,صحيح يأخذ ببعض الآية ويترك بعضها مثل قال فويل للمصلين وتوقف والآية تقول ولن تستطيعوا تعدلوا النساء حرصتم ... فكان حكم الله تميلوا الميل فتذروها كالمعلقة والجواب كلمة,ar,"Ann1,Ann2,Ann3",0.9156323571673304,0.8863521055301877
ArMIS,train,335,1,0.0,1.0,لاتغلقون دور الرعايه وكثرو دور العجزه وزغرطي يانشراح اللي جاي العن اللي راح مادام الفسويات شادات حيلهن اذا وين يروحن يتأثر فيهن اللي عيال اذاكبرو وعرفوهم حقيقتهم اوكانو فاسدين مثلهم راح يزتونهم بالزبايل,ar,"Ann1,Ann2,Ann3",0.9156323571673304,0.8863521055301877
ArMIS,train,336,0,1.0,0.0,ترى امها اللي تملي عقلها بهالافكار تقول اللي يكشفون فاسدات اللي يضحكون فاسدات بعدين تسوي نفس الشيء تعطيها اجوبه صار البنت تضارب اليوم تبكي امها تقول ليه لابسه هالعبايه متكشخه يعني انتي فاسده تعرف تحاورها,ar,"Ann1,Ann2,Ann3",0.9156323571673304,0.8863521055301877
ArMIS,train,337,0,1.0,0.0,الرجالة بتبص للستات منظور ديني لاء يعني الرجالة اللي بلاد بره بيتحرشوا بيضربوا الستات بيعاملوهم بطريقة قذرة بيبقى بسبب الدين عشان كده قلت السبب الاساسي اكيد تلاقي واحد مبرشم هيقولك انا عملت كده عشان ناقصات عقل دين,ar,"Ann1,Ann2,Ann3",0.9156323571673304,0.8863521055301877
ArMIS,train,338,0,1.0,0.0,حبي للحيوانات سبب تعلمي لقيادة السيارة أقود السيارة بهدف البحث الأحياء والشوارع الحيوانات تحتاج المساعدة والطعام أقود السيارة ليقال المرأة السعودية أصبحت تقود وإنما أحببتها لأنها تحقق هدفي مساعدة الحيوانات وقت,ar,"Ann1,Ann2,Ann3",0.9156323571673304,0.8863521055301877
ArMIS,train,339,1,0.0,1.0,والله انت اللي تفشلين مره قاعده تدافعين نسويات رخيصات يستاهلون التنمر اذا انت نفس الفصيلة مشكله والله,ar,"Ann1,Ann2,Ann3",0.9156323571673304,0.8863521055301877
ArMIS,train,340,0,1.0,0.0,الحياه أبسط اللي قاعدين نسويه بكثييير اللي حاب يقرب يقرب اللي حاب يبعد يبعد واللي يحبك تخسره واللي بيمشي تتمسك واشكره الفترة اللي كان موجود اللي يهتم فيك اهتم واللي يحسسك احساس حلو . . رده باحساس أحلى,ar,"Ann1,Ann2,Ann3",0.9156323571673304,0.8863521055301877
ArMIS,train,341,0,1.0,0.0,حزنتني لأنك مالقيت ناقصات عقل ودين الناقصات مراتب أعلى منك بكثييير انت عندك ياكامل العقل تنتقد الناس وفي مراتبهم العليا اللي تخسي توصل,ar,"Ann1,Ann2,Ann3",0.9156323571673304,0.8863521055301877
ArMIS,train,342,0,1.0,0.0,عروة عائشة أخبرته بيعة النساء قالت رسول الله صلى الله وسلم بيده امرأة يأخذ عليها أخذ عليها فأعطته قال اذهبي فقد بايعتك,ar,"Ann1,Ann2,Ann3",0.9156323571673304,0.8863521055301877
ArMIS,train,343,0,1.0,0.0,آخر إكتشافاتي ٢٠٢٠ أنه الشباب معهم حقد دراسي بينما فئة النساء تخلصوا هالشيء زمن بعيد ويالله عاد خذلك,ar,"Ann1,Ann2,Ann3",0.9156323571673304,0.8863521055301877
ArMIS,train,344,0,1.0,0.0,الملك يدعم النسويات تراه,ar,"Ann1,Ann2,Ann3",0.9156323571673304,0.8863521055301877
ArMIS,train,345,1,0.0,1.0,الله ياخذ النسويات الصبح,ar,"Ann1,Ann2,Ann3",0.9156323571673304,0.8863521055301877
ArMIS,train,346,0,1.0,0.0,منجد ولهم عين يقولون النسويات فاسدات والله روسهم الفاسدة الي مغسوله وراعين,ar,"Ann1,Ann2,Ann3",0.9156323571673304,0.8863521055301877
ArMIS,train,347,0,0.67,0.33,عود شوفونه متحررات ضالات يدورن مواضيع فارغة بشروطه وهي حرة ترفض تقبل شكو حاطات روحجن,ar,"Ann1,Ann2,Ann3",0.9156323571673304,0.8863521055301877
ArMIS,train,348,0,1.0,0.0,typical stereotype سبحان الله هالنوع عنده ناقصات عقل دين شنسوي عاد النقص ترا الريال العالمين خلق الحرمة ضلع الرجل عسب خذنا نقص الرجل,ar,"Ann1,Ann2,Ann3",0.9156323571673304,0.8863521055301877
ArMIS,train,349,1,0.0,1.0,احد قال الرجل الصالح راح يتفاهم زوجته بطريقة انها تهتم بالابناء وتكون ملكة بحياتها وببيتها دامه مقتدر ومو مقصر ابدا يخدمها برا بيتها وهي تخدمة داخله العملية مسواه لكل شخص قدرته عموما الله يلعن,ar,"Ann1,Ann2,Ann3",0.9156323571673304,0.8863521055301877
ArMIS,train,350,1,0.33,0.67,حديث ناقصات عقل دين اعتبره براهن النبوة,ar,"Ann1,Ann2,Ann3",0.9156323571673304,0.8863521055301877
ArMIS,train,351,0,1.0,0.0,التحريض النساء والجرائم المفبركه الي تطلع وناس تتفاعل معاها راح تزيد نسب العنف المرأه الي تنشروه اله أثار جانبيه كافي فبركة أخبار وكل شويه مطلعيلنه وحده قاتله زوجها وتحششون اساس الموضوع يضحك مثلا ... ماعايزين تحريض اكثر المرأه بالأصل مضطهده ومعنفه بدون سبب,ar,"Ann1,Ann2,Ann3",0.9156323571673304,0.8863521055301877
ArMIS,train,352,0,0.67,0.33,محاضره نسويات بيموتو بينهارو,ar,"Ann1,Ann2,Ann3",0.9156323571673304,0.8863521055301877
ArMIS,train,353,0,1.0,0.0,ذكوري يفكر يتكلم النسويات يقولوا نبي التفصخ ذقوا علي اعطيكم صورتي انا ناسمه متحجبه,ar,"Ann1,Ann2,Ann3",0.9156323571673304,0.8863521055301877
ArMIS,train,354,1,0.0,1.0,شتتوقع بنات شوارع,ar,"Ann1,Ann2,Ann3",0.9156323571673304,0.8863521055301877
ArMIS,train,355,0,1.0,0.0,ليـس شيم الرجال تكبر حضن إمرآه تنضج تتبرأ عقلها صنعك نقاش ناقصات عقل ودين,ar,"Ann1,Ann2,Ann3",0.9156323571673304,0.8863521055301877
ArMIS,train,356,1,0.0,1.0,هذول يطالبون بإسقاط الولاية نفس الشكليات ياسعود تفكير شراميطىي وسفاله,ar,"Ann1,Ann2,Ann3",0.9156323571673304,0.8863521055301877
ArMIS,train,357,1,0.0,1.0,داشرات,ar,"Ann1,Ann2,Ann3",0.9156323571673304,0.8863521055301877
ArMIS,train,358,0,1.0,0.0,مليانة حسابات نسويات تتقفل الذكوريين ويستخدموا معاها اقذر الالفاظ وحتى توصل انهم ينبشوا وراها ويحاولوا يضروها ويدمروا حياتها بالكامل التعصب مشكلة مجتمعنا,ar,"Ann1,Ann2,Ann3",0.9156323571673304,0.8863521055301877
ArMIS,train,359,0,1.0,0.0,يهين النساء بحجة أنهن ناقصات عقل ودين عقل دين,ar,"Ann1,Ann2,Ann3",0.9156323571673304,0.8863521055301877
ArMIS,train,360,1,0.33,0.67,ليه تروحو تركيا وتشوفو التعامل الأنثى ليه تفحصو تحثائيات امريكا العنف المرأة ليش تحلن سمانا أنكن رجعيات بدكن تحسن إحساس محدد قفانا,ar,"Ann1,Ann2,Ann3",0.9156323571673304,0.8863521055301877
ArMIS,train,361,0,1.0,0.0,العلم سيدي لاحظنا الترشيح تقدم العمر زمن اوائل النساء وبعد الدراسه الخارج,ar,"Ann1,Ann2,Ann3",0.9156323571673304,0.8863521055301877
ArMIS,train,362,1,0.33,0.67,وجالس تجلد الفسويات الحين,ar,"Ann1,Ann2,Ann3",0.9156323571673304,0.8863521055301877
ArMIS,train,363,1,0.0,1.0,انتي اوسخ النسويات اقسم بالله الواحد صار يخاف يرتبط فيكم وسخات قذرات وهذا وانتي عجوز كبيره ممحونه الاصغر منك وانا اليوم اقولك ماراح نهتم ماتفهمين,ar,"Ann1,Ann2,Ann3",0.9156323571673304,0.8863521055301877
ArMIS,train,364,1,0.0,1.0,البارح مطلعه صاحبتها وهي نايمه مسويه انها نايمه وطالع ظهرها بدون ملابس غطى وتهدد السعوديين الي ينتقدونها بالمحاكم يعني مايكفونا صايعاتنا نتحمل صايعات باقي الدول وكلهم باسم زوجي سعودي ابني سعودي,ar,"Ann1,Ann2,Ann3",0.9156323571673304,0.8863521055301877
ArMIS,train,365,0,0.67,0.33,شفتوا شلون تعيبون إوروبا شلون يتهمون النساء بالمس الشيطاني بسبب الجهل اللي انتشر يحرقونهم يسجنونهم يعذبونهم شفتوا شلون كان قتل للنساء لان نافي طلاق كان اذا واحد زوجته ماتبغيه يروح يتهمها بالخيانة يحرق بيتها احيانا يطلب مساعدة القسارسة,ar,"Ann1,Ann2,Ann3",0.9156323571673304,0.8863521055301877
ArMIS,train,366,1,0.0,1.0,منحلات صايعات ضايعات,ar,"Ann1,Ann2,Ann3",0.9156323571673304,0.8863521055301877
ArMIS,train,367,1,0.0,1.0,الحوامل وقحات طسي لبيتك مزوجينك يبون الفكه منك وناشبتلهم انتي وورعك,ar,"Ann1,Ann2,Ann3",0.9156323571673304,0.8863521055301877
ArMIS,train,368,1,0.0,1.0,دليل عدك احنا كلنا الرجل ينجذب للمرأة فمنطقيا نسبة الاغتصاب تحرش الخ تزداد النسوان يصيرن سافرات محجبات الرجل ينجذب للمرأة السافرة الي مطلعة جسمها المنتقبة والمحجبة الي ساترة جسمها تحكمون,ar,"Ann1,Ann2,Ann3",0.9156323571673304,0.8863521055301877
ArMIS,train,369,0,1.0,0.0,الرسول يقل ناقصات عقل قال ناقصات دين الحائض يجوز تصلي تصوم,ar,"Ann1,Ann2,Ann3",0.9156323571673304,0.8863521055301877
ArMIS,train,370,0,0.67,0.33,صادق حبوب منع الحمل تسبب عقم للبنت ولاكن بنات كلب يقولن للبنات الي توهن متزوجات اكلن حبوب منع حمل واذا شفتي الوضع طيب وقفي الحبوب والبنات مسكينات يتطلقن واكثر يدمر النساء نساء حاسدات قريبات صديقات امهات اوخوات اووقال ترى بتزوج كأنه يقولها لاتاكلين منع,ar,"Ann1,Ann2,Ann3",0.9156323571673304,0.8863521055301877
ArMIS,train,371,0,1.0,0.0,طبعا بإستثناء النسويه,ar,"Ann1,Ann2,Ann3",0.9156323571673304,0.8863521055301877
ArMIS,train,372,0,1.0,0.0,أولا ثقي ثقة تامة انك لستي وحدك مشكلتك مشكلة الكثير النساء الشرق الاوسط ثانيا تضعفي أبدا تعطي فرصة للمتحرش انه يدمر حياتك ادرك انه امر غاية الصعوبة انتي قوية مريتي بمواقف صعبة تخطيتيها انتي قادرة تخطي المستقبل,ar,"Ann1,Ann2,Ann3",0.9156323571673304,0.8863521055301877
ArMIS,train,373,0,1.0,0.0,انصحك وغيرك بكتاب فتاة الضباب عدة مقالات احاديث المرأة وبتعرفوا وقتها الاسلام كرم المرأة الخلل بالاسلام الخلل فينا اننا مافهمنا ولاتعبنا نفسنا نفهم الاسلام والاحاديث ووقت مايجي يقول فيكم كلمه مثلا ناقصات عقل ثرتوا وقلبتوها قيامة وكذبتوا الاحاديث,ar,"Ann1,Ann2,Ann3",0.9156323571673304,0.8863521055301877
ArMIS,train,374,1,0.0,1.0,شكد كحاب بنات شوارع,ar,"Ann1,Ann2,Ann3",0.9156323571673304,0.8863521055301877
ArMIS,train,375,0,0.67,0.33,انتي فصلتيني ضحك النسويه اساس المساواه ومش عايزه تخلي الرجل اقل المراه العكس المجتمع الي انتي عايشه رافض النسويه بسبب انهم رافضين المساواه فهل انتي فاهمه كلامك هبد,ar,"Ann1,Ann2,Ann3",0.9156323571673304,0.8863521055301877
ArMIS,train,376,0,1.0,0.0,خلاص ماشي تحيا المرأة المتحررة,ar,"Ann1,Ann2,Ann3",0.9156323571673304,0.8863521055301877
ArMIS,train,377,1,0.33,0.67,قال ابن القيم رحمه الله الطرق الحكمية صـ٤٠٧ أعظم أسباب الموت العام كثرة الزنا بسبب تمكين النساء اختلاطهن بالرجال والمشي بينهم متبرجات متجملات علم أولياء الأمر فساد الدنيا والرعية قبل الدين لكانوا أشد شيء منع لذلك,ar,"Ann1,Ann2,Ann3",0.9156323571673304,0.8863521055301877
ArMIS,train,378,1,0.33,0.67,خلها ربك يمنعونهن زيارة والديهن بدون سبب تحكم فقط الله سلط عليهم هالجيل نساء عاصيات متسلطات لاتتورع سحره والعياذ بالله,ar,"Ann1,Ann2,Ann3",0.9156323571673304,0.8863521055301877
ArMIS,train,379,1,0.33,0.67,المقصد المراءة العاقلة اللتي تساعد المجتمع والوطن مراءة مثل النسويات يساعدن تفكيك المجتمع وطمس العادات والتقاليد وادخال افكار دخيله كالشذوذ,ar,"Ann1,Ann2,Ann3",0.9156323571673304,0.8863521055301877
ArMIS,train,380,0,1.0,0.0,الإمام الطيب ودعم حقوق المرأة والطفل دعم فضيلته حقوق الطفل بشكل دائم ومستمر فقد أطلق حملات توعوية إلكترونية لمناهضة العنف الأطفال مثل حملة وحملة إنها رحمة وغير جهود فضيلة الإمام الأكبر نشر الس الم جتمعي ودعم حقوق المرأة والطفل موسى,ar,"Ann1,Ann2,Ann3",0.9156323571673304,0.8863521055301877
ArMIS,train,381,1,0.0,1.0,هذول تابعتهم رخيصات الرخص الحلو,ar,"Ann1,Ann2,Ann3",0.9156323571673304,0.8863521055301877
ArMIS,train,382,1,0.33,0.67,صادقه بعضهن متسلطات مريضات,ar,"Ann1,Ann2,Ann3",0.9156323571673304,0.8863521055301877
ArMIS,train,383,1,0.0,1.0,اول قلت الي نزلوا صورهم محترمين رخيصات نفسها وقحي وبعدين فسوية معليك شرهه عاد تفكرون مؤخرتكم خساره وقتي ضيعته فسويه اصلا يدافع المقح الا فسويات لان يبونها ويكذبون يقولون حقوق المراءة وهم يبون,ar,"Ann1,Ann2,Ann3",0.9156323571673304,0.8863521055301877
ArMIS,train,384,1,0.0,1.0,فجور النساء راح يدمر هالديره فوق الفساد المالي فساد اخلاقي,ar,"Ann1,Ann2,Ann3",0.9156323571673304,0.8863521055301877
ArMIS,train,385,0,1.0,0.0,محمد العود الأخضر النساء عود اخضر قابل بأن ثمر وقابل بأن زهر قابل بأن لقد اثمرت الأم باالولد والبنت وازهرت الأخت بالعلم والمعرفة وضحت الزوجة بعمرها أجل سكن القلب وتغلغل الفؤاد برغم لهيب الحياة أنها تحترق,ar,"Ann1,Ann2,Ann3",0.9156323571673304,0.8863521055301877
ArMIS,train,386,0,1.0,0.0,مافي اسمه رخيصات ذولي بنات بعدين يجي خنيـث ويستغلهم وبعدين يجي واحد مريض يسميهم رخيصات وبس والله,ar,"Ann1,Ann2,Ann3",0.9156323571673304,0.8863521055301877
ArMIS,train,387,0,1.0,0.0,ناقصات عقل بسبب شهادتها تعادل شهادة الرجل وأيضا بسبب عاطفتها حسب ماقرأت ناقصات دين بسبب الحيض والدوره الشهريه والحمل وهي معذورة الله انها لاتصلي ولاتصوم الظروف الثلاثه ولاكن عليها قضاء الصوم فقظ,ar,"Ann1,Ann2,Ann3",0.9156323571673304,0.8863521055301877
ArMIS,train,388,0,1.0,0.0,نسوية امرأة امرأة نسويه,ar,"Ann1,Ann2,Ann3",0.9156323571673304,0.8863521055301877
ArMIS,train,389,0,1.0,0.0,يتطلب الوصول للعدالة للنساء الناجيات النظر موضوع العنف الجنسي منظور هيكلي يأخذ تداخل العوامل والكلفة السياسية والاقتصادية والاجتماعية والثقافية للعنف الجنسي والمجتمعات,ar,"Ann1,Ann2,Ann3",0.9156323571673304,0.8863521055301877
ArMIS,train,390,0,1.0,0.0,حكت العنف الممارس المرأة واحد تنين انا بدافع وجهة نظرها انا بحترم حكت منظورها الشخصي حكت انا هيك بشوف تشوف تشوف هيي حرة انا يلي حكته بالفيديو واجب احترام رأيها لانه فرضته اذت,ar,"Ann1,Ann2,Ann3",0.9156323571673304,0.8863521055301877
ArMIS,train,391,0,1.0,0.0,والله بنتسابق نسويه,ar,"Ann1,Ann2,Ann3",0.9156323571673304,0.8863521055301877
ArMIS,train,392,1,0.0,1.0,فعلا النسويات متمردات يريدون حماية الاطفال التعرض المبكر للجنس زواج الاطفال يعترضون خيانة الزوجة لعنهم الله ندعم الذكوريين فقط فنحن قوم نمارس الجنس الاطفال نخون زوجاتنا نغتصب الأسيرات ننكح الاخضر اليابس يعارض شهوات قضيبنا نجعله عدوا لله,ar,"Ann1,Ann2,Ann3",0.9156323571673304,0.8863521055301877
ArMIS,train,393,0,1.0,0.0,نطالب الداخلية بعودة الدوريات الراكبة شوارع مصر تزامنا بداية العام الدراسى لمنع التحرش والمعاكسات والسرقات,ar,"Ann1,Ann2,Ann3",0.9156323571673304,0.8863521055301877
ArMIS,train,394,1,0.33,0.67,التسلط اهل صار شيئين جعلهم متسلطات وقوف القانون الدولي بالوقوف صفها واضعاف الرجل ضعف الغيرة والرجولة والقوامة كصفة الرجل وحلول مظاهر الدياثة محلها,ar,"Ann1,Ann2,Ann3",0.9156323571673304,0.8863521055301877
ArMIS,train,395,0,0.67,0.33,ناقصات عقل وقادرات سلب عقلك بأكمله فكيف اكتمل لعلها رحمة الله,ar,"Ann1,Ann2,Ann3",0.9156323571673304,0.8863521055301877
ArMIS,train,396,1,0.33,0.67,يالله ايش المعلمات وقحات,ar,"Ann1,Ann2,Ann3",0.9156323571673304,0.8863521055301877
ArMIS,train,397,1,0.33,0.67,والله الي اشوفه انه مركز اخص بحسابه سعوديات الله ياخذه ويحرمه اغلى مايملك الكلب مايتوب كلامه وقذفه ومحسني انه سعودي ولوانه سعودي فهو يهين امه وخواته ويذم فيهم ويقذهم بنهايه يحب بلده كيفكم هالفتنه تنشال الله ياخذ النسويات والذكورر كانكم وباء علينا وربي,ar,"Ann1,Ann2,Ann3",0.9156323571673304,0.8863521055301877
ArMIS,train,398,1,0.0,1.0,سدو حلقها القرده يعني الواحد لازم يكون عنده ثقه بنفسه يقعد يتفسخ وينزل شكله شرط انتي رخيصه كلهم رخيصات زين الوجه يوم تستعرضينه اكلتيها تنمر وادعمك حصحص التنمر استمري,ar,"Ann1,Ann2,Ann3",0.9156323571673304,0.8863521055301877
ArMIS,train,399,1,0.33,0.67,شدو حيلكم لين ينقطع السعوديات مستحيل يطالبون بإسقاط الولايه مين وراك عشان تعبون رووس بناتنا المراهقات,ar,"Ann1,Ann2,Ann3",0.9156323571673304,0.8863521055301877
ArMIS,train,400,0,1.0,0.0,يعاقب بالسجن مدة تزيد سنة وبغرامة تزيد 500 ألف ريال بإحداهما يقوم بالمساس بالحياة الخاصة طريق إساءة استخدام بتصوير الرجل المرأة وهي تقود السيارة بالهواتف النقالة المزودة بالكاميرا حكمها,ar,"Ann1,Ann2,Ann3",0.9156323571673304,0.8863521055301877
ArMIS,train,401,0,1.0,0.0,يحاول يقنعك أنه بيحب المرأة المتحررة,ar,"Ann1,Ann2,Ann3",0.9156323571673304,0.8863521055301877
ArMIS,train,402,1,0.33,0.67,البشرية تترك مرضا فتاكا وخصصت يوما يوم السل يوم السرطان ويوم المرأة العالمي,ar,"Ann1,Ann2,Ann3",0.9156323571673304,0.8863521055301877
ArMIS,train,403,0,1.0,0.0,سمعتها تتحدث قيادة المرأة للعربة تقول أصبحت ماما تقود السيارة مثل بابا صغيراتي عهد الملك سلمان صارت المرأة قادرة شيء بسيط الحديث عنه مؤلم كونه حدث طبيعي الوقت كنت سعيدة بسماع شيء كهذا,ar,"Ann1,Ann2,Ann3",0.9156323571673304,0.8863521055301877
ArMIS,train,404,1,0.0,1.0,النساء غييير والنسويات غيير ترا المجتمع مليان بالنساء الصالحات الطبيعيات السوي اما النسويات منحطات متخلفات وكثير منهم موجود تويتر فقط يطبقون اجنده معينه وجود ارض الواقع انكر المراهقات المتأثرات بهذا الفكر اذا اسرتها صالحه مصيرها تكبر وتعقل,ar,"Ann1,Ann2,Ann3",0.9156323571673304,0.8863521055301877
ArMIS,train,405,0,1.0,0.0,وانتي منو كلج النسويات يعارضن الدين شدخل بهذا,ar,"Ann1,Ann2,Ann3",0.9156323571673304,0.8863521055301877
ArMIS,train,406,1,0.33,0.67,النسويات قاموا يقتلون القتيل ويمشون بجنازته,ar,"Ann1,Ann2,Ann3",0.9156323571673304,0.8863521055301877
ArMIS,train,407,1,0.33,0.67,اكثر يحارب حقوق المرأه المتحرره الحره الي عايشه حياتها بالطول والعرض الي مايطبق عليها الموروث,ar,"Ann1,Ann2,Ann3",0.9156323571673304,0.8863521055301877
ArMIS,train,408,0,1.0,0.0,يجب تعلموا أول النسوية مقسمة أنواع بحسب الحق تحتاجه أنثى فهناك نسويات متدينات يطالبن بحقوقهن كفلها الدين وتم حرمانهن النهاية النسويات رغم اختلاف انواعهن يتفقن ويدعمن بعضهن محاربة الظلم والعنصرية,ar,"Ann1,Ann2,Ann3",0.9156323571673304,0.8863521055301877
ArMIS,train,409,0,0.67,0.33,عجبا لزمان نرى نساء العرب المسلمين سافرات ونساء الغرب المعتنقات للإسلام مؤخرا محجبات فينا المسلمة الصادقة فينا المسلمة المزيفة,ar,"Ann1,Ann2,Ann3",0.9156323571673304,0.8863521055301877
ArMIS,train,410,1,0.0,1.0,٩٩.٩ كلهم سفراء رجال وقالت راحت صدق قال ناقصات عقل ودين,ar,"Ann1,Ann2,Ann3",0.9156323571673304,0.8863521055301877
ArMIS,train,411,0,1.0,0.0,طيب خلينا نقول امريكا مثلا مجتمع منفتح وعلى الحقوق الي عندهم يحاربون ويطالبون بأكثر لانهم يدرون النساء يستحقون الافضل مايحتاج احد يوعيهم الشيء ولله انا كنت طفله وانا اتأمل حولي وكيف النساء مظلومات ماكان وقتها نسويات احد يعلمني,ar,"Ann1,Ann2,Ann3",0.9156323571673304,0.8863521055301877
ArMIS,train,412,0,1.0,0.0,مستحيل ادخل تويتر واطلع انسانه طبيعيه الان اللي يصير بحق النساء يضيق الخلق ويخليني اكل نفسي حرام عايشين هالعيشه ذنبهم تنحسر حياتهم شرف غلطه صارت عشان تحت حكم ازباب اولياء الامور الارهابين مايعرفون شرع الله همهم يعبدون كلام الناس الله ياخذ هاذي البقعه,ar,"Ann1,Ann2,Ann3",0.9156323571673304,0.8863521055301877
ArMIS,train,413,1,0.0,1.0,يوم يوم بيثبت حديث ناقصات عقل ودين,ar,"Ann1,Ann2,Ann3",0.9156323571673304,0.8863521055301877
ArMIS,train,414,0,1.0,0.0,تلقه متحرش بممرضه وبلغت ونسجن وطلع يعبر حقده وقهره وحده دعست علي وجه عشان مسوي حملة تشوية ويبث حقده دخله فاسدات صالحات اكيد وحده دعست علي وجه,ar,"Ann1,Ann2,Ann3",0.9156323571673304,0.8863521055301877
ArMIS,train,415,0,0.67,0.33,تعبت اذا اسخخفف نسويه بحياتنا الطبيعيه بيصير ياخي ابلعو عااد,ar,"Ann1,Ann2,Ann3",0.9156323571673304,0.8863521055301877
ArMIS,train,416,0,1.0,0.0,النسويه مرأه المراه نسويه,ar,"Ann1,Ann2,Ann3",0.9156323571673304,0.8863521055301877
ArMIS,train,417,1,0.0,1.0,جلاد الفسويات الفسوييين,ar,"Ann1,Ann2,Ann3",0.9156323571673304,0.8863521055301877
ArMIS,train,418,0,1.0,0.0,مافي اسمه الوظيفه للمرأه اساسي النساء شقائق الرجال وكل منهم مطلوب اعمار الارض والعمل والانتاج وتحريم الاختلاط مدري مين ابتدعه ايه القران مكتوب حرام الاختلاط زمن الرسول والناس مختلطين وبالحرم نختلط والكره الارضيه بكبرها مختلطه,ar,"Ann1,Ann2,Ann3",0.9156323571673304,0.8863521055301877
ArMIS,train,419,0,0.67,0.33,امرأة تقود سيارة بسرعة عالية ورجل جاءها بالاتجاه المعاكس بنفس السرعة فصاح عليها بقرة ... فمدت رأسها شباك السيارة وصاحت ثور ... وخلال ثواني اصطدمت المرأة ببقرة وتحطمت سيارتها دائما تسيء فهم احد قبل تتأكد الهدف الرجال أراد النصيحة فيد بيهن النصح,ar,"Ann1,Ann2,Ann3",0.9156323571673304,0.8863521055301877
ArMIS,train,420,0,1.0,0.0,يربون العيال انهم افضل البنات ومربين عيالهم البنات ناقصات عقل ودين ولما يقولون البنت انتي حقك مكانك المطبخ هالشي المملكه بكثير اماكن,ar,"Ann1,Ann2,Ann3",0.9156323571673304,0.8863521055301877
ArMIS,train,421,1,0.0,1.0,طبعا قال مربيات الاجيال قال مفسدات الاجيال المطالبين بالاشياء المحرمة الفسويات,ar,"Ann1,Ann2,Ann3",0.9156323571673304,0.8863521055301877
ArMIS,train,422,0,1.0,0.0,لاحول ولاقوه الا بالله علامات قيام الساعه الصغرى الظلم والقسوه بالذات النساء يرجع عليهم الظلم وبقوه ربي ياخذ حقهم يارب,ar,"Ann1,Ann2,Ann3",0.9156323571673304,0.8863521055301877
ArMIS,train,423,0,0.67,0.33,يبه تخيل بعضهم يطالبون بإسقاط الولاية عشان لايتحكم فيهم أوليائهم يبه مايضيعون أبوهم يايبه صدق جعلني أموت طالبت بحق ضدك ياضي عيني فوالله أحبك أحد يسواك,ar,"Ann1,Ann2,Ann3",0.9156323571673304,0.8863521055301877
ArMIS,train,424,0,0.67,0.33,انا اصلا احارب المتبرجة لأن حسابها ربنا انا احارب اللي تحارب الحجاب والنقاب كيفكم تتبرجون وتبغون البنات يصيرون مثلكم متبرجات فهمتي كيفكم اقليات,ar,"Ann1,Ann2,Ann3",0.9156323571673304,0.8863521055301877
ArMIS,train,425,0,0.67,0.33,الأنبار تفرضه السنة رحتلهم زيارة اكو سافرات قليل,ar,"Ann1,Ann2,Ann3",0.9156323571673304,0.8863521055301877
ArMIS,train,426,1,0.0,1.0,عذولا الجيل القديم الحين نصهم داشرات اكثرهم اكثرهم خربانين يبو زواج اصلا ليه بنت ابوها يتشرططط ويقطعون جدفك اخرتها تجيك وحده الجن ينفر حسبي الله ونعم الوكيل,ar,"Ann1,Ann2,Ann3",0.9156323571673304,0.8863521055301877
ArMIS,train,427,0,0.67,0.33,حقوق المرأة محفوظه ابن الحلال بالدين الاسلامي الصحيح ... دينجية الوقت رجعوا المرأة لعصر الجاهليه وخلوها عبده للمجتمع الي خلقوا حررها الاسلام قبل اكثر ١٤٠٠ سنه,ar,"Ann1,Ann2,Ann3",0.9156323571673304,0.8863521055301877
ArMIS,train,428,1,0.33,0.67,أفا طلعتوا صايعات,ar,"Ann1,Ann2,Ann3",0.9156323571673304,0.8863521055301877
ArMIS,train,429,0,1.0,0.0,لقيت تجاوب بسالفه الابلاغ عالحسابات بلغت عحسابين نسويات وحده تسب الدين والثانيه تسمي التحرش بالاطفال ميول وقفلوا حساباتهم جميل صراحه لاتبخلون هالعينات النجسه اللي تسئ للدين تنشر عهرها بتويتر,ar,"Ann1,Ann2,Ann3",0.9156323571673304,0.8863521055301877
ArMIS,train,430,1,0.33,0.67,وين اكو زوج متسلط انتن متسلطات,ar,"Ann1,Ann2,Ann3",0.9156323571673304,0.8863521055301877
ArMIS,train,431,1,0.0,1.0,محد بينكر انه افضل واحد يجلد المتفصخات الا اسمتر وحش واقهر الفسويات,ar,"Ann1,Ann2,Ann3",0.9156323571673304,0.8863521055301877
ArMIS,train,432,0,1.0,0.0,شباب عبالهم البنات كلهن صايعات الا خواتهم العشره المبشرين بالجنه,ar,"Ann1,Ann2,Ann3",0.9156323571673304,0.8863521055301877
ArMIS,train,433,0,1.0,0.0,نصيحتي اقرا الادب العربي ماقبل الجاهليه ستجد ابيات شعرهم يخلد تاريخهم تذكر الامور اما قضية توريث النساء فطبيعي الرجال كانوا يموتوت بالحروب ولازم الواحد ياخذ نساء اخوه عنده يرعاهم وهي شيم العرب مافيها اهانه,ar,"Ann1,Ann2,Ann3",0.9156323571673304,0.8863521055301877
ArMIS,train,434,0,0.67,0.33,فجأة الدكتورة تقول تحطوا صور حريم سافرات إحنا بمحاضرة,ar,"Ann1,Ann2,Ann3",0.9156323571673304,0.8863521055301877
ArMIS,train,435,0,1.0,0.0,احترامي لإجابتك السائل يحتاج مستند تعميم إجابه طريق تغريده حسب أسمع أقرب الناس كثير مديرات المدارس متسلطات لذلك ينفع معها مثل الكلام,ar,"Ann1,Ann2,Ann3",0.9156323571673304,0.8863521055301877
ArMIS,train,436,0,1.0,0.0,المشكل ماكانش متحررات الجزائر,ar,"Ann1,Ann2,Ann3",0.9156323571673304,0.8863521055301877
ArMIS,train,437,0,1.0,0.0,أنواع العنف المرأة قدر جريمة,ar,"Ann1,Ann2,Ann3",0.9156323571673304,0.8863521055301877
ArMIS,train,438,0,1.0,0.0,طيب النسوية المساواه الحقوق حافظه فاهمه,ar,"Ann1,Ann2,Ann3",0.9156323571673304,0.8863521055301877
ArMIS,train,439,1,0.0,1.0,عاهرات مصريات هنديات رهف ابوها سعودي أصل مصري سمالوط طيب المصرية قلة الحفلات العري فبلدها رايحة تتعرى عندكم,ar,"Ann1,Ann2,Ann3",0.9156323571673304,0.8863521055301877
ArMIS,train,440,0,1.0,0.0,انا اليوم سافرات,ar,"Ann1,Ann2,Ann3",0.9156323571673304,0.8863521055301877
ArMIS,train,441,0,1.0,0.0,امسكي الخدمه انا قريت النسويات بدأ حملتهم الغرب وصل اطرافه لين كمامتك,ar,"Ann1,Ann2,Ann3",0.9156323571673304,0.8863521055301877
ArMIS,train,442,1,0.0,1.0,نشتي النواشط اليمن يناصرنه المنقبات اليهوديات حرام مايوقفن معاهن لانهن اصلا مضطهدات ويشتين يوقعين نواشط اعرافنا يابطله معروفه ولغيركم النساء عوره فقط شيئين الزوج القبر لانه اذا اعطيناكن الحرية ايوقعين مثلش صايعات قدها غريزه عندكن,ar,"Ann1,Ann2,Ann3",0.9156323571673304,0.8863521055301877
ArMIS,train,443,1,0.33,0.67,كان هدف النسويات القضاء أشكال القهر والظلم الواقع المرأة وكما قلت بعضهن عندما حصلوا حقوقهن نسوا بأن مقابل الحقوق واجبات فأصبحن يطالبن بإلغاء واجباتهن متناسين طبيعة المرأة الفكر الفسوي المتطرف للأسف بدأ يتوغل الى المجتمع العماني,ar,"Ann1,Ann2,Ann3",0.9156323571673304,0.8863521055301877
ArMIS,train,444,0,1.0,0.0,ذحين رجع لتربيتي ترى قاعد تدين نفسك زياده والله تربيتك شفتها محسب بنات الناس رخيصات وكلبات فلوس ويجرون ورى جوال,ar,"Ann1,Ann2,Ann3",0.9156323571673304,0.8863521055301877
ArMIS,train,445,0,1.0,0.0,ليش يعني النسويه امرآه يعني,ar,"Ann1,Ann2,Ann3",0.9156323571673304,0.8863521055301877
ArMIS,train,446,0,0.67,0.33,لقد قصر النساء الملاءة أصبعا أصبعا خرجن سافرات بالأكمام اليابانية وحتى اختلط الجامعات الفتيات المسلمات بنات الصالحين بالشباب الأجانب فلنرجع الصلاح خطوة خطوة وأصبعا أصبعا,ar,"Ann1,Ann2,Ann3",0.9156323571673304,0.8863521055301877
ArMIS,train,447,0,0.67,0.33,تخلف الدين الي الديه اذا اهل المقتول يبون قصاص ديه نسيت انتم نسويات تاخذون الي يعجبكم الي يمشي التطور الاشياء الثانيه تسحبون عليها,ar,"Ann1,Ann2,Ann3",0.9156323571673304,0.8863521055301877
ArMIS,train,448,0,0.67,0.33,دكتور ترى اغلب المسلمات السنيات والشيعيات سافرات يعني وجاي نشوفهم بالاسواق بغداد والمحافظات يعني ليش نريد نتهجم طبعا والله دفاعا الطالقاني لكونه معمم وانا الفكرة ليش منصير ريلاكس قليل ومو كلشي نستهجنه ونستنكره وندينه خلي نكون عاديين يعني,ar,"Ann1,Ann2,Ann3",0.9156323571673304,0.8863521055301877
ArMIS,train,449,1,0.0,1.0,كلكم رخيصات,ar,"Ann1,Ann2,Ann3",0.9156323571673304,0.8863521055301877
ArMIS,train,450,0,0.67,0.33,حريمنا الحمدلله ماقيدين بغطاء الوجه ليش تمثلونهم بالدعايات ماهم زباين اغلب اللي يشترون منكم الحمدلله سافرات فاعطوهم شوي اهتمام,ar,"Ann1,Ann2,Ann3",0.9156323571673304,0.8863521055301877
ArMIS,train,451,1,0.0,1.0,النسويات قليلات أدب وقحات سافلات منحطات كذابات بلا عقل بلا تربية ساقطات منحلات أخلاقي عاقات عاهات عبء المجتع مالهن هدف المجون الخلاعة وقلة الحيا قاتل الله نسوية حقيرة,ar,"Ann1,Ann2,Ann3",0.9156323571673304,0.8863521055301877
ArMIS,train,452,0,1.0,0.0,قلتي لحجية فسوية زبالة وسخة تربية شوارع مريضات بقرة وفي الآخر تقولين ألفاظهم وسخة وهم ماقالوا لفظ وسخ مجرد انتقدوا كلامك ألفاظهم وسخة انت ألفاظك الي قوسين فوق إيش تسمينها,ar,"Ann1,Ann2,Ann3",0.9156323571673304,0.8863521055301877
ArMIS,train,453,0,1.0,0.0,واحد يقول النساء فاسقات واحد وقاله طيب والانثى اللي جابتك وضعها ... عطاه اياها العيون منتصف الجبهه خله يستاهل,ar,"Ann1,Ann2,Ann3",0.9156323571673304,0.8863521055301877
ArMIS,train,454,0,1.0,0.0,تلاحظي اغلب الي يوقفوا مدعين الرجولة تبريرهم نسويات بنات محد يتسلط عليهم مرتاحات يعني بختصار منشعم ومنطم ببلاده احسن عاد يكفي الي نمر الله ياخذه يارب,ar,"Ann1,Ann2,Ann3",0.9156323571673304,0.8863521055301877
ArMIS,train,455,1,0.33,0.67,اسطوانة فارغة ومستهلكة وأسلوب نسوي لاستخدام الاحاديث والدين موضعهم ... والهدف تقديس الأنثى وكأنها آلهة فوق المجتمع والقانون كلامكم مكرر وسبق نسويات السعودية قالوه وفي النهاية شفنا النتيجة رهف القنون وغيرها ...,ar,"Ann1,Ann2,Ann3",0.9156323571673304,0.8863521055301877
ArMIS,train,456,0,0.67,0.33,بنات فلسطين مايطلعو بشعرهم سافرات بنات فلسطين محشومات ... الفخر بالاخلاق والعفه وليس بالنسب لوطن معين ...,ar,"Ann1,Ann2,Ann3",0.9156323571673304,0.8863521055301877
ArMIS,train,457,1,0.33,0.67,توظف سافرات ههه,ar,"Ann1,Ann2,Ann3",0.9156323571673304,0.8863521055301877
ArMIS,train,458,0,0.67,0.33,تخصص مسلمات جميلات متبرجات,ar,"Ann1,Ann2,Ann3",0.9156323571673304,0.8863521055301877
ArMIS,train,459,0,1.0,0.0,هالكائنات الوسخه خالد اللي تتباهى علينا وتشوفنا ناقصات عقل ودين اللي يقرأ كلامه يفهم خالد واشكاله بلا عقل دين مباديء أخلاق تربية كمان,ar,"Ann1,Ann2,Ann3",0.9156323571673304,0.8863521055301877
ArMIS,train,460,0,1.0,0.0,شوفتي الكلمة اللي قلتيها الله اكبر قدرتي تكتبيها اتحملي ذنبهم يوم القيامة اول شيء لانك هرجة فيهم ثاني شيء لانك ذميتيهم وحتى كانوا رخيصات فمهو حقك تهرجي خلق الله بالطريقة قولت القايل يرى الناس بعين طبعه ...,ar,"Ann1,Ann2,Ann3",0.9156323571673304,0.8863521055301877
ArMIS,train,461,0,1.0,0.0,حسب المنطق كلمه سافرات تعني كاشفات الرأس متفرعات لبسهن سافرات تعني محجبه وكاشفه وجهها يعني تخصنا المحجبات وجب التوضيح,ar,"Ann1,Ann2,Ann3",0.9156323571673304,0.8863521055301877
ArMIS,train,462,0,1.0,0.0,المناظر اسعدتني الصباح فتاة تقود السيارة بوالدها الكبير بالسن لشراء الافطار تخيلت السنين الماضية الاي نعت المرأة القيادة لحجج واهية وتافهة فقلت الحمد لله نعمت وتبا لكل كان السبب المنع سابقا,ar,"Ann1,Ann2,Ann3",0.9156323571673304,0.8863521055301877
ArMIS,train,463,1,0.0,1.0,حريم متمردات والعياذ بالله,ar,"Ann1,Ann2,Ann3",0.9156323571673304,0.8863521055301877
ArMIS,train,464,0,0.67,0.33,كتاب دين الرجل الشرقي رأى منكم منكرا فليغيره بيده ناقصات عقل دين الرجال قوامون النساء,ar,"Ann1,Ann2,Ann3",0.9156323571673304,0.8863521055301877
ArMIS,train,465,1,0.0,1.0,استطيع الا اقول ويا البسمه كانت الاحساس وياليت الدنيا خانتني وكل الناس خنتي هواي انتي قلتي أمان الله عشان تعرفون ليش انتو يالنساء ودي اقول ناقصات دين وعقل طلعتو اخس,ar,"Ann1,Ann2,Ann3",0.9156323571673304,0.8863521055301877
ArMIS,train,466,0,1.0,0.0,لقد افتضح المجتمع الدولي أمام شعوب العالم يدعيه انه الراعي للحقوق الانسان والطفل والمرأة والديمقراطية وحريةالتعبير والسلام كلها زيف وتضليل وخداع الشعوب فقد رأينا وشاهدنا المجمتع الدولي يقف يقتل المرأة والطفل ويقف عائقا الشعوب المتحررة ظلم وطغيان حكامها,ar,"Ann1,Ann2,Ann3",0.9156323571673304,0.8863521055301877
ArMIS,train,467,0,0.67,0.33,هدف الجمعيات الخلاف الرجل وزوجته وتمردها والهدف الأساسي بعثرة الأسرة وإفساد المجتمع لأن المرأة الصالحة تبني الأسرة الصالحه بمساعدة الأسرة وبيئة البيت المستقر أعداء الأسرة والدولة السعودية تسعى للإفساد خلال عناصر خارجية تعاونت فاسدات الداخل,ar,"Ann1,Ann2,Ann3",0.9156323571673304,0.8863521055301877
ArMIS,train,468,0,1.0,0.0,ياااوك يالأسلوب النسويات بطلوه زمان,ar,"Ann1,Ann2,Ann3",0.9156323571673304,0.8863521055301877
ArMIS,train,469,0,1.0,0.0,المرأة مصدر التطور لأي مجتمع نصف المجتمع وهن مربيات الأجيال المرأة أثبتت عبر التاريخ دورها البارز والفعال قيادة التغير وصنع القرار المملكة انطلقت رحلة إصلاحية مسبوقة لتمكين المرأة ودعم مشاركتها التنمية الوطنية,ar,"Ann1,Ann2,Ann3",0.9156323571673304,0.8863521055301877
ArMIS,train,470,0,0.67,0.33,يطالبون باسقاط الولاية انفسهم يتحكمون باعيالهم اذا كانوا اعيال,ar,"Ann1,Ann2,Ann3",0.9156323571673304,0.8863521055301877
ArMIS,train,471,1,0.33,0.67,بكل النساء تدعا نساءا مقاومات وهناك عاهرات الف تحية إجلال واحترام للمقاومات,ar,"Ann1,Ann2,Ann3",0.9156323571673304,0.8863521055301877
ArMIS,train,472,0,1.0,0.0,ماشاء الله واثق وانت كاتب الكلام مجرد صاحب البشت قام يلعلع بدون محاكمه دليلك ياصايد الاستغلال الغبي والله انت تستغل حقوق المراه اصل واساس صوت المراه ورمز طبعا طالما واجههت موباقي الا عاجز نقد البنزين مثلا ينتقدها هزلت,ar,"Ann1,Ann2,Ann3",0.9156323571673304,0.8863521055301877
ArMIS,train,473,0,1.0,0.0,أتمنى ليلى النجار تتخذ الإجراءات اللازمة تجاه العنف المرأة,ar,"Ann1,Ann2,Ann3",0.9156323571673304,0.8863521055301877
ArMIS,train,474,0,1.0,0.0,violence against women problem that unfortunately continues every day and must strive stop this problem العنف المرأة مشكلة للأسف تحدث يوم ويجب علينا نسعي جاهدين لتوقف المشكلة,ar,"Ann1,Ann2,Ann3",0.9156323571673304,0.8863521055301877
ArMIS,train,475,1,0.33,0.67,النساء الحاصلات حقوقهم فاسدات وحقيرات ورخيصات ترخص جميع النساء لرفع شأنها الذكور,ar,"Ann1,Ann2,Ann3",0.9156323571673304,0.8863521055301877
ArMIS,train,476,0,0.67,0.33,وضعها مثل وضع رشا حريم ماعندهن والي رجال صايعات,ar,"Ann1,Ann2,Ann3",0.9156323571673304,0.8863521055301877
ArMIS,train,477,1,0.33,0.67,تقولي الكل لانه بنات وقحات واخس الشباب يستوي نعمم عالكل,ar,"Ann1,Ann2,Ann3",0.9156323571673304,0.8863521055301877
ArMIS,train,478,0,1.0,0.0,ههه أولا الحديث ضعيف روح ابحث عنها وثانيا عندنا عاطفية أكبر الرجل لان نتبع قلبنا شهوتنا وثالثا دخل العاطفية النقص واذا ناقصات عقل دين فعلا يحق لله يعاقبنا عقاب الرجل شخص كامل يعني عقابنا يكون أخف أخف تقول النساء بالنار تناقض,ar,"Ann1,Ann2,Ann3",0.9156323571673304,0.8863521055301877
ArMIS,train,479,0,0.67,0.33,كلام مظبوط مايمنعش متمردات كافرات العشير,ar,"Ann1,Ann2,Ann3",0.9156323571673304,0.8863521055301877
ArMIS,train,480,0,0.67,0.33,عاد والله البلديات محترمات متمردات عندهم غلاء المهور هاي طتك وانت اختيارك أمل نلاقيلك راقية بنت حلال قريب,ar,"Ann1,Ann2,Ann3",0.9156323571673304,0.8863521055301877
ArMIS,train,481,0,1.0,0.0,مساكين البنات اذا ضحكنا قالوا قليلات أدب اذا بكينا قالوا دلوعات واذا تكلمنا قالوا لسان طويل واذا سكتنا قالوا ضعيفة شخصيه واذا قعدنا بالبيت قالوا معقدات واذا طلعنا قالوا صايعات نروح نموت احسن المشكله بيقولوا المسكينه انتحرت اكيد كانت تحب,ar,"Ann1,Ann2,Ann3",0.9156323571673304,0.8863521055301877
ArMIS,train,482,1,0.33,0.67,المرأة الكاملة المثقفة الواعية ارقى انها تتكلم بهذا الاسلوب الغبي الوضيع النسوية قوة عقلية وليست شذوذ فكري مريضة ابشرك انك اقنعتيني زيادة فأة تنطبق عليهم ناقصات عقل ودين بالحرف الواحد اشكالك تستحقون اللقب بجدارة,ar,"Ann1,Ann2,Ann3",0.9156323571673304,0.8863521055301877
ArMIS,train,483,0,0.67,0.33,لاحول قوة الا بالله العلي العظيم اصبحو البنات منحطات وهم بالهم انهم بالنقاب والعبايه ساتره نفسها الله يسترنا بستره والله الوضع ماعاد يحتمل,ar,"Ann1,Ann2,Ann3",0.9156323571673304,0.8863521055301877
ArMIS,train,484,0,0.67,0.33,انقلعي تكفين تتكلمي اعراض الناس وتقولي رخيصات تشوفي نفسك,ar,"Ann1,Ann2,Ann3",0.9156323571673304,0.8863521055301877
ArMIS,train,485,0,1.0,0.0,يعمل بمذهب أهل الكوفة النبيذ وأهل المدينة السماع وأهل مكة المتعة لكان فاسقا وقال معمر رجلا يأخذ بقول أهل المدينة السماع يعني الغناء وإتيان النساء أدبارهن وبقول أهل مكة المتعة والصرف وبقول أهل الكوفة المسكر كان أشر عباد الله تعالى,ar,"Ann1,Ann2,Ann3",0.9156323571673304,0.8863521055301877
ArMIS,train,486,0,0.67,0.33,انا مشرفي لطيف وخفيف الظل وراقي تعامله الجميع فلذلك نعمل باريحية تامة وايضا عندنا قائد ممتاز جدا وراقي التعامل فالله يعينكم يالمعلمات صحيح عندكم المشرفات متسلطات للاسف,ar,"Ann1,Ann2,Ann3",0.9156323571673304,0.8863521055301877
ArMIS,train,487,0,1.0,0.0,شفت كلام الذكوريين بحسابات الدعم انهم يبون نكون محاميات وقاضيات لأن اغلبنا نسويات وراح ندعسهم,ar,"Ann1,Ann2,Ann3",0.9156323571673304,0.8863521055301877
ArMIS,train,488,0,1.0,0.0,سوء الاستخدام بهذا الغموض علاقة بمداراة مشاعر النساء يكون تحريف مراد النصوص الشرعية ذكرها سياقها كمن يقول النساء بلا عقل دين يستدل بحديث ناقصات عقل دين مراد النص الشرعي سياقه,ar,"Ann1,Ann2,Ann3",0.9156323571673304,0.8863521055301877
ArMIS,train,489,0,1.0,0.0,ماهي مسألة نسويات اتوقع ماهو متحكم انتخاب طبيعي لازم يحصل عشان التطور يهم زعلنا الحاصل,ar,"Ann1,Ann2,Ann3",0.9156323571673304,0.8863521055301877
ArMIS,train,490,1,0.0,1.0,فكر الفسويات يبررون لنفسهم تبرجهم حجه كانت وهم الي يدعموها ويصرفون عليها,ar,"Ann1,Ann2,Ann3",0.9156323571673304,0.8863521055301877
ArMIS,train,491,1,0.33,0.67,ابشرك نسويات كثر النمل تقلصو شافو العالم فضيحتهم وفكرهم المنحط,ar,"Ann1,Ann2,Ann3",0.9156323571673304,0.8863521055301877
ArMIS,train,492,0,1.0,0.0,بكلامه يوصف وضعه الدين ياخذ الأحاديث اللي تمس النساء الآيات والأحاديث اللي تنهى القذف وسوء الظن يشوفها,ar,"Ann1,Ann2,Ann3",0.9156323571673304,0.8863521055301877
ArMIS,train,493,1,0.0,1.0,الحين يجونك النسويات ويشغلونا الله ياخذهم,ar,"Ann1,Ann2,Ann3",0.9156323571673304,0.8863521055301877
ArMIS,train,494,0,1.0,0.0,عرفتهن فاسدات تجربة خاصة,ar,"Ann1,Ann2,Ann3",0.9156323571673304,0.8863521055301877
ArMIS,train,495,1,0.0,1.0,الله يلعن تويتر ويلعن النسويات خربوا البنات وتفكيرهم اشوف قروب الشعبه نقاشات غبيه وافكار محرمه واشياء كثثثير تخوف مره,ar,"Ann1,Ann2,Ann3",0.9156323571673304,0.8863521055301877
ArMIS,train,496,1,0.0,1.0,نبي الكلمه فعلا كثير النساء ناقصات عقل مثل الي تعمم انتي زيها انتي ناقصه عقل,ar,"Ann1,Ann2,Ann3",0.9156323571673304,0.8863521055301877
ArMIS,train,497,1,0.0,1.0,فعلا فضفضة نسوان وهذا زمن النسوان قال النبي السلام أطلعت النار فرأيت أهل النار النساء الوظيفة للنساء الزمان فهي فتنة الزمان,ar,"Ann1,Ann2,Ann3",0.9156323571673304,0.8863521055301877
ArMIS,train,498,1,0.33,0.67, الفسويات النسويات,ar,"Ann1,Ann2,Ann3",0.9156323571673304,0.8863521055301877
ArMIS,train,499,0,1.0,0.0,قوله ناقصات عقل ودين استنقاص مفهوم بالك وان تدركه أبدا طالما انك بلا عقل دين,ar,"Ann1,Ann2,Ann3",0.9156323571673304,0.8863521055301877
ArMIS,train,500,0,1.0,0.0,والتعميم لغة الجهلاء وكما قلت سابقا المحليات فاسدات معظمهن ربما والحل بأخد أجنبية فالصلاح مكان تتفاوت نسبه مكان لمكان الطبيعي قلت الخير الزمان يبقى موجودا فالتعميم ظلم للصالحات,ar,"Ann1,Ann2,Ann3",0.9156323571673304,0.8863521055301877
ArMIS,train,501,0,1.0,0.0,الردود الذكوريه الخارجه الأدب العام ممكن تعبرو روح النكته البذيئه اصحابكم الاستراحه اما السوشيال ميديا يقرأ بنات سيدات الالفاظ حقك خفة وقاحه تربيه شوارع فقط,ar,"Ann1,Ann2,Ann3",0.9156323571673304,0.8863521055301877
ArMIS,train,502,1,0.33,0.67,التايم كله عباره تشامبيونز والاستاذة بتتكلم النسوية ومبدأ المساواة وحرية المرأة ومصدعانه شيخه اتنيلي,ar,"Ann1,Ann2,Ann3",0.9156323571673304,0.8863521055301877
ArMIS,train,503,1,0.0,1.0,بالعكس الامعات الي مثلك وشرواك نساء صالحات عفيفات انا اعلمك لصالحك الظاهر ماعندك الا لغة السب هند القحطاني وامثالها يؤيدها فاسقات فاسدات حقيرات,ar,"Ann1,Ann2,Ann3",0.9156323571673304,0.8863521055301877
ArMIS,train,504,0,0.67,0.33,الزوج يتعامل زوجته بالقهر يستطيع كسب قلبها ولائها وسيفقد محبتها ومرحمتها ومودتها وكونها سكن ننسى نساء متمردات يصونن النعم يعشن فيتعمدن خراب بيوتهن بأيديهن,ar,"Ann1,Ann2,Ann3",0.9156323571673304,0.8863521055301877
ArMIS,train,505,1,0.0,1.0,بنات ساقطات يبحثن مال بكافة الطرق الغير شريفه ليله حضن رجل آخر ولمن يدفع ستأجرن لأهداف معينه أوقات معينه لفظن رخيصات بمعنى الكلمه,ar,"Ann1,Ann2,Ann3",0.9156323571673304,0.8863521055301877
ArMIS,train,506,0,1.0,0.0,خنبدل تسوين نسوية,ar,"Ann1,Ann2,Ann3",0.9156323571673304,0.8863521055301877
ArMIS,train,507,1,0.0,1.0,انتي وامك وقحات يارب يجرجرونكم بالمحاكم باقي برقبتك الف الناس مدري هالضمير عندك والله الفقر ياكلك اكل الناس يرجع للناس يابجيحه,ar,"Ann1,Ann2,Ann3",0.9156323571673304,0.8863521055301877
ArMIS,train,508,0,1.0,0.0,يقول ناقصات عقل يلاحقهم شارع لشارع العاقل,ar,"Ann1,Ann2,Ann3",0.9156323571673304,0.8863521055301877
ArMIS,train,509,0,1.0,0.0,لديك احمر بخصوص أدوارك فتره يتزايد العنف المرأة لطالما كانت الجرائم النساء موجوده اصبح اكثر وضوحا برامج التواصل الاجتماعي اهتم بشكل خاص المسلسلات اريد التواجد عمل يكون عنف المرأه لانه بشكل يجعلونه مبررا,ar,"Ann1,Ann2,Ann3",0.9156323571673304,0.8863521055301877
ArMIS,train,510,0,0.67,0.33,استمعت جيدا تطرق للاختلاف ذكر المذاهب الاربعه اولا ثانيا ذكره امام الحرم سافرات الوجوه يقصد الكاشفات فقط يقصد الكاشفات بالزينه الشي الآخر اختي العباد سيحاسب بالنيات حرصك تغطية الوجه يدل انك حريصه اخذ الفضل باب الحجاب,ar,"Ann1,Ann2,Ann3",0.9156323571673304,0.8863521055301877
ArMIS,train,511,0,0.67,0.33,نسويه عبده ذكور نسويه ذكوريه برأيي صارت فكر متطرف حقوق النساء ومع حقوق الرجال ومع حقوق الحيوانات وأتمنى الكل ياخذ حقوقه بشرط يتعدا لشرع الله وعدلي أسلوبك قسم بالله اصيدك,ar,"Ann1,Ann2,Ann3",0.9156323571673304,0.8863521055301877
ArMIS,train,512,0,0.67,0.33,طيب النسويه الي تتكلمين عنها الي شوهوها صلا مقصد النسويه,ar,"Ann1,Ann2,Ann3",0.9156323571673304,0.8863521055301877
ArMIS,train,513,0,1.0,0.0,يوه نفسك عشاني نسويه وضد الفكر ذكوري عبالهم كسوله زيهم ماطبخ اشتغل لنفسي فاشلين معليك منهم احب طبخ مرا وناسه,ar,"Ann1,Ann2,Ann3",0.9156323571673304,0.8863521055301877
ArMIS,train,514,0,1.0,0.0,مين قال إنها بنصف عقل تقصدي حديث الرسول افضل الصلاة والسلام فأنتي أكيد عارفه ناقصات عقل بمعني عاطفتها بتغلبها علي تفكيرها العقلاني معروفه الست بتدخل مجال بتنجح جداا,ar,"Ann1,Ann2,Ann3",0.9156323571673304,0.8863521055301877
ArMIS,train,515,0,1.0,0.0,زبدة الكلام مجرمة وبمكان نشوفها كمجرمة دخلنا النسوية بالموضوع والقانون مراح يأخذ انها امرأة بنظر الاعتبار وحيعاقبها ياليت ندخل النسوية بالموضوع واذا البوست الي ناشرته هذيك فما شفت حرف واحد انها رمت اللوم رجال وقالت اوه رجال سواها مجرمة,ar,"Ann1,Ann2,Ann3",0.9156323571673304,0.8863521055301877
ArMIS,train,516,0,0.67,0.33,نسويات ركزوا مربيات الأجيال لأن الوظيفة عجبتكم الملك بكبره يعلمكم,ar,"Ann1,Ann2,Ann3",0.9156323571673304,0.8863521055301877
ArMIS,train,517,1,0.33,0.67,المشرفات متسلطات تستقعد للمسكينه اللي ترفض وتدور عليها الزله الله يزلزل يضيق مسلمه ويشغلها بنفسها,ar,"Ann1,Ann2,Ann3",0.9156323571673304,0.8863521055301877
ArMIS,train,518,0,0.67,0.33,اقول اهجدي محد قال اني اشوف نفسي سلعه المهر الطبيعي يكون الف الى ١٠٠ الف يعني امهاتنا خواتنا رخيصات عشان مهورهم كانت عاديه اتنمى تفكرين قبل تتهجمين كانك ثور بعدين رجال صدق يوم ياخذها بسعر اقل الطبيعي يقولها ترا تزوجتك بسعر اقل العادي,ar,"Ann1,Ann2,Ann3",0.9156323571673304,0.8863521055301877
ArMIS,train,519,0,0.67,0.33,الوضع خطر النسا صارو متمردات والرجل صار يهين المراه,ar,"Ann1,Ann2,Ann3",0.9156323571673304,0.8863521055301877
ArMIS,train,520,0,0.67,0.33,ارجعي للردود يقصد انه زمن السيطره المطلقه والعبوديه واذا دخل الرجال البيت الكل يخاف وانه الان اصبح النساء متمردات,ar,"Ann1,Ann2,Ann3",0.9156323571673304,0.8863521055301877
ArMIS,train,521,0,0.67,0.33,ترا فخر لمن تقولون قحبه وهالكلام الوصخ ماتاخذون الا ذنوب مدري اهلكم ربوكم عدل بنات شوارع طيب قلتيها انا باخذ انت ليه حاشر خشمك,ar,"Ann1,Ann2,Ann3",0.9156323571673304,0.8863521055301877
ArMIS,train,522,1,0.0,1.0,الله ياخذ النسويات,ar,"Ann1,Ann2,Ann3",0.9156323571673304,0.8863521055301877
ArMIS,train,523,0,1.0,0.0,يوضح الشخص الي ياخذ الكلام الي يملى اول مايقول كانت مسالمة اقص يدي كنت مؤيد لاي حقوق النساء,ar,"Ann1,Ann2,Ann3",0.9156323571673304,0.8863521055301877
ArMIS,train,524,1,0.0,1.0,يازين الطعوس لعن الله الفسويات بالعالم ختفففوا عليكم متخلفين,ar,"Ann1,Ann2,Ann3",0.9156323571673304,0.8863521055301877
ArMIS,train,525,0,1.0,0.0,عدد باس النساء تعيينهم بمجلس الشورى المساواه الجنسين عداله اجتماعيه تصب تلاحم المجتمع دور المرأه عظيم ويجب ياخذ وضعه الطبيعي عقودا التغييب بسبب الصحوه حاربت المجتمع وعطلت عمل المرأه,ar,"Ann1,Ann2,Ann3",0.9156323571673304,0.8863521055301877
ArMIS,train,526,1,0.33,0.67,يستاهلون هالقطط طالعين متبرجات,ar,"Ann1,Ann2,Ann3",0.9156323571673304,0.8863521055301877
ArMIS,train,527,1,0.0,1.0,الله ياخذ النساء متخلفات وقالها ناصر القصبي النساء حطب جهى,ar,"Ann1,Ann2,Ann3",0.9156323571673304,0.8863521055301877
ArMIS,train,528,0,1.0,0.0,يوم الشعب يحبسلي مخي كثر خلاو حكاية الاغتصاب القتل العنف المرأة سمانة بصح مقدروش يفوتو واش قالت مونيا عليهم راني معاها 100 كلامها حكات فئة معينة جاه الكلام قدو يلبسو يوم نكره البلاد هادي كثر بيها بلي الله يجيب ضربة لكل واحد شمت,ar,"Ann1,Ann2,Ann3",0.9156323571673304,0.8863521055301877
ArMIS,train,529,1,0.33,0.67,ليه الدكتورات وقحات للان ننتظرها تشرف الزفت,ar,"Ann1,Ann2,Ann3",0.9156323571673304,0.8863521055301877
ArMIS,train,530,0,1.0,0.0,اما ناقصات دين فكل يعلم المرأة فيزيولوجيا تستطيع اكمال عبادتها مثل الرجل بمعنى الحيض يمنعها اتمام تأدية صلاتها صيامها شهر المرة القادمة قبل تتبجح بأحاجيك فهمك المنقوص لشريعة الله تعالى ... ادرسها جيدا حاول فهمها قبل طرحك لأسئلة بفهم منقوص,ar,"Ann1,Ann2,Ann3",0.9156323571673304,0.8863521055301877
ArMIS,train,531,1,0.0,1.0,الله يلعن النسويات المرة صمصوم قلبي طالعة يحسسني مظطهدات قادرات يتنفسن الظلم وهيه ممنوع نحتفل بيوم المرأة يعتبرونا مطبلين رحمن نفسكن بناتي الدنياا مستاهلة خلاااعصصص,ar,"Ann1,Ann2,Ann3",0.9156323571673304,0.8863521055301877
ArMIS,train,532,0,1.0,0.0,صدق بعدين حنا عايشين معاهم نعرف تربيتهم مانعرف حياتهم يمكن اتربت الشيء صغرها ويمكن محد يقولها غلط وعيب والخ الكل متربي كويس كلمه رخيصات اوفرر ببنده,ar,"Ann1,Ann2,Ann3",0.9156323571673304,0.8863521055301877
ArMIS,train,533,1,0.33,0.67,عندما يكون النساء محتشمات وغير متبرجات يكون اضهار للزينة عندا الرجل يغض بصره لحشمة النساء,ar,"Ann1,Ann2,Ann3",0.9156323571673304,0.8863521055301877
ArMIS,train,534,0,1.0,0.0,تبون تقسون الحريم وتخلونهن متمردات,ar,"Ann1,Ann2,Ann3",0.9156323571673304,0.8863521055301877
ArMIS,train,535,1,0.33,0.67,استيقظي غفلتك وهذا الكلام صحيح يجوز وكأنك تكذبين كلام الرسول قال رسول الله معشر النساء تصد وأكثرن الاستغفار فإني رأيتكن أهل النار استغرب اللي يأخذ بكلامك ويصدق أقوالك الكاذبة والتي صحة راجعي معلوماتك جاهلة,ar,"Ann1,Ann2,Ann3",0.9156323571673304,0.8863521055301877
ArMIS,train,536,1,0.0,1.0,انثى السلطعون السرطان تعيش بأمان واطمئنان وتحظى بالكرامة والاستقلاليه بأحضان وليها وماعندهم زينا فسويات يطالبون بإسقاط الولايه شاهد ترتمي بأحضانه يحميها اليد العابثه,ar,"Ann1,Ann2,Ann3",0.9156323571673304,0.8863521055301877
ArMIS,train,537,0,0.67,0.33,حبيبي مثقف روح مستشفى الرسول الاعظم مستشفى السان جورج وشوف اديش سافرات وبعدين تعا احكي شعب تعود عالعنصرية وادعاء انو كلاس وبيفهم بالاتيكات بيفهم ...,ar,"Ann1,Ann2,Ann3",0.9156323571673304,0.8863521055301877
ArMIS,train,538,1,0.0,1.0,عقليات الفسويات تكفير والحاد وشذوذ الله المستعان وللأسف يطبل,ar,"Ann1,Ann2,Ann3",0.9156323571673304,0.8863521055301877
ArMIS,train,539,0,1.0,0.0,تعايشنا الوضع خلص هاد صار زيادة رقم ضحايا العنف المرأة ... بهاي السنة ...,ar,"Ann1,Ann2,Ann3",0.9156323571673304,0.8863521055301877
ArMIS,train,540,0,1.0,0.0,ازوج متحررات حياكمم,ar,"Ann1,Ann2,Ann3",0.9156323571673304,0.8863521055301877
ArMIS,train,541,0,1.0,0.0,مكانة المرأة الإسلام الشيخ ابن باز الإسلام أنصفها ورفع مكانتها وكانت مظلومة الجاهلية العرب وفي اليهودية والنصرانية والإسلام رفعها وعظم شأنها وأنصفها وأعطاها حقوقها فجعلها كريمة وزوجةكريمة وبنتا مرحومة البقية,ar,"Ann1,Ann2,Ann3",0.9156323571673304,0.8863521055301877
ArMIS,train,542,0,1.0,0.0,مره تاخذينها هالجانب لان احنا مجتمعنا بشكل عام يحب يتدخل ويتلقف مثلا انا موشيعيه ياكثر الشيعيات اللي قطعوني عشان لبسي عاجبهم وان السنيات فاسدات والخ,ar,"Ann1,Ann2,Ann3",0.9156323571673304,0.8863521055301877
ArMIS,train,543,1,0.0,1.0,بنات شوارع خخلها ترفع بلاغ انتظرها الرخيصه المتعريه,ar,"Ann1,Ann2,Ann3",0.9156323571673304,0.8863521055301877
ArMIS,train,544,0,1.0,0.0,ماهو صحيح يغرك تويتر حسابات نسويات ترا بعضهن سعوديات المفترض تااخذك الحميه لبنات ديرتك ولاهله,ar,"Ann1,Ann2,Ann3",0.9156323571673304,0.8863521055301877
ArMIS,train,545,1,0.33,0.67,للاسف الاغلب متسلطات,ar,"Ann1,Ann2,Ann3",0.9156323571673304,0.8863521055301877
ArMIS,train,546,0,1.0,0.0,الاختلاط بالمدارس موجود بالصفوف الأوليه سفر المرأه محرم موجود البنات ادخلو العسكرية وكل الأشياء موجودة والحكومه سامحه قبل ماتطالبها يعني بالله الجديد وانا متأكدة طالبت بقيادة المرأة ذيك الفترة بتطلعونها فاسقه ومنحطه,ar,"Ann1,Ann2,Ann3",0.9156323571673304,0.8863521055301877
ArMIS,train,547,1,0.0,1.0,بالاول كنت معترض بشدة الان فرقت تجنيس ابناء المواطنات نسويات ومتدثرات وسيمبات وليبرالية وشذوذ وانحلال وفجور باسم الحرية الشخصية وتمادي الاسلام والطعن والتشكيك زمن الرويبضات,ar,"Ann1,Ann2,Ann3",0.9156323571673304,0.8863521055301877
ArMIS,train,548,1,0.33,0.67,يغير تفكيره ويتطور يلعن النسويات,ar,"Ann1,Ann2,Ann3",0.9156323571673304,0.8863521055301877
ArMIS,train,549,0,1.0,0.0,ليث بغداد الي الشرف بصداقة الجميع سادي عنيف اعشق المراة المطيعة والمازوخية واللي اتحب العنف والعوائل المتحررة,ar,"Ann1,Ann2,Ann3",0.9156323571673304,0.8863521055301877
ArMIS,train,550,1,0.33,0.67,ويش المشورة اللي قدمتيها إقبال سفر البنات محرم تزوبج الفتاة نفسها وتقييد ولي الامر بعدم البلاغ ابنته اذا تغيبت المنزل تسألين إقبال ولوحدك ولن احد يستطيع مساعدتك الإجابة عنك خبتي وخاب مسعاك وحمدا لله وعقبال تطردي الجامعة اهلا لذلك,ar,"Ann1,Ann2,Ann3",0.9156323571673304,0.8863521055301877
ArMIS,train,551,1,0.0,1.0,سونار الوسم ترى محد معطينهم وجه يريدوا يتدخلوا قرارات الدولة ويحاولوا يغيروا قوانينها أغلبها متمردات اللاشيء فقط تقليد الأعمى الدولة أعطت الحرية للمرأة وزيادة الحمقاء تمردت وتريد مثل الغربيات,ar,"Ann1,Ann2,Ann3",0.9156323571673304,0.8863521055301877
ArMIS,train,552,0,0.67,0.33,استاذه صانعه القائد الفرنسي نابليون بونابرت والحاكم لاوربا قال اذا اردت تسقط امم فتش المراه فاعداؤنا الخارج والداخل استخدموا الاسلوب وطبخوه نار هادئه ليجدوا ثغره لزعزعة امن بلادنا وتحقيق اهدافهم باستخدام عاطفه الانثى واولادها وفرض حقوق للبلاد الله يارب يحفظنا,ar,"Ann1,Ann2,Ann3",0.9156323571673304,0.8863521055301877
ArMIS,train,553,1,0.33,0.67,ناقصات عقل ودين ... صدق المصطفى تصلح حياتهن بغير وصي قائم عليهن يخضعن ويضبط سلوكهن وتصرفاتهن,ar,"Ann1,Ann2,Ann3",0.9156323571673304,0.8863521055301877
ArMIS,train,554,0,0.67,0.33,يخوف اليوم صرنا صايعات,ar,"Ann1,Ann2,Ann3",0.9156323571673304,0.8863521055301877
ArMIS,train,555,0,1.0,0.0,لازم ترتفع اصواتنا علشان نوضح ايش مضايقنا لازم تشوفون دموعنا علشان تصدقون انه الموضوع مأثر علينا لازم نظهر شعور علشان تدرون عندنا قلوب زيكم حجر اخترنا السكوت وصراع الذات لانه عارفين مافي بيتغير واقل نسويه اننا نحافظ ثباتنا,ar,"Ann1,Ann2,Ann3",0.9156323571673304,0.8863521055301877
ArMIS,train,556,0,1.0,0.0,تقذف بشرف النساء انهم ليبراليات وتوصفهم بالنعال وانهم اعداء دوله القذف وتقولين ليش ماتدعين عزيزتي قذفت بشرف جميع البنات وشوهت سمعتهم سياره بمبلغ وقدره وين جاء مافي هديه بسعر الضخم ويقول نفسه قيادي ومرتبته ترئ فلوس الحكومه للاستعمال الخاص,ar,"Ann1,Ann2,Ann3",0.9156323571673304,0.8863521055301877
ArMIS,train,557,1,0.0,1.0,التناقض النسويات  الفسويات  النسويات عفن و انحطاط اجتماعي النسويه وعي النسويه فكر منحرف,ar,"Ann1,Ann2,Ann3",0.9156323571673304,0.8863521055301877
ArMIS,train,558,0,0.67,0.33,يعني بالله شلون شلون نتخلص التسلط الذكوري احنا عبدات ذكور متسلطات اكثر الذكور,ar,"Ann1,Ann2,Ann3",0.9156323571673304,0.8863521055301877
ArMIS,train,559,1,0.33,0.67,منو لاعب بالاعدادات نسوان قتل ذبح شمر بالشط حرق زوجه قتل نفسه يجب حصر النساء الدوله,ar,"Ann1,Ann2,Ann3",0.9156323571673304,0.8863521055301877
ArMIS,train,560,0,1.0,0.0,لأننهم صاروا اوعى يعني فاسدات متخلف,ar,"Ann1,Ann2,Ann3",0.9156323571673304,0.8863521055301877
ArMIS,train,561,1,0.33,0.67,تكفرن العشير ما رأيت من ناقصات عقل ودين أذهب للب الرجل الحازم من إحداكن قلن وما نقصان ديننا وعقلنا يا رسول الله قال أليس شهادة المرأة مثل نصف شهادة الرجل ,ar,"Ann1,Ann2,Ann3",0.9156323571673304,0.8863521055301877
ArMIS,train,562,0,0.67,0.33,حسبنا الله ونعم الوكيل فيمن يريدون تشيع الفاحشه بحجه الدفاع حقوق المرأه,ar,"Ann1,Ann2,Ann3",0.9156323571673304,0.8863521055301877
ArMIS,train,563,0,0.67,0.33,معامله بالمثل الاحسان الاسائه اما معامله بالمثل الخيانه عمري سمعتها الا داشرات وناس عايشين حياتهم بدون شرف الفنادق والشاليهات بمقابل مادي تبيع شرفها,ar,"Ann1,Ann2,Ann3",0.9156323571673304,0.8863521055301877
ArMIS,train,564,0,1.0,0.0,القضاء كافة أشكال التمييز المرأة الاساس لضمان حقوق المرأة وتحقيق العدالة الاجتماعية,ar,"Ann1,Ann2,Ann3",0.9156323571673304,0.8863521055301877
ArMIS,train,565,0,1.0,0.0,وقاحتي وجرئتي وصوتي العالي استطعت النجاه رقي الأخلاق الحقيقيه سيفسدها السفله لايملكون صدق الأخلاقيات النبيله,ar,"Ann1,Ann2,Ann3",0.9156323571673304,0.8863521055301877
ArMIS,train,566,1,0.0,1.0,صدقت واللاتي يجلسن الكافيهات سافرات مسترجلات ماهن سلع رخيصة سوق النخاسة والمرأة الصالحة الحرة يستدل مكانها ويطرق باب بيتها,ar,"Ann1,Ann2,Ann3",0.9156323571673304,0.8863521055301877
ArMIS,train,567,0,1.0,0.0,التطور المرأة شريكة الرجل معترك الحياة وفي تطور عجلة التنمية كافة المجالات تقود السيارة تذهب الى مدرستها جامعتها المستشفى المصنع بناتنا شريفات وعفيفات ويعملن كافة المجالات والتي فكرها عاهر لتعهر داخل عباتك,ar,"Ann1,Ann2,Ann3",0.9156323571673304,0.8863521055301877
ArMIS,train,568,1,0.33,0.67,تابعت مسلسل ولأول مره شفت المعنى الحقيقي لقهر الرجال وكيد النساء الله يحرق كبودهم تعبت وأنا أشوفه,ar,"Ann1,Ann2,Ann3",0.9156323571673304,0.8863521055301877
ArMIS,train,569,1,0.0,1.0,وحده تتحدى الثانية أرخص وحده فينا للمعلومية الشعب السعودي عيناتك وعينات هند ماتجيب روسنا بعكس نشوفكم رخيصات اقل اكثر,ar,"Ann1,Ann2,Ann3",0.9156323571673304,0.8863521055301877
ArMIS,train,570,0,1.0,0.0,مننتقل تحديد وطائف المرأة بالحياة لتبرير العنف المرأة يمكن اقنع ولادي انو ضربني قلتلن ليه ضربني فعلا بتزع يوما تفيق وتحس انو هيدا الكائن يلي حدها خاطفا فكريا ومعنويا,ar,"Ann1,Ann2,Ann3",0.9156323571673304,0.8863521055301877
ArMIS,train,571,0,1.0,0.0,اشي بقرارات الحظر وخلافه كوم وقرار اقفال الحضانات كوم ثاني لحال يعني بكامل قواهم العقليه يعني الام وين تروح باطفالها لعاد برأيي إغلاق الحضانات يندرج تحت بند العنف المرأة لأنها جبر ترك العمل,ar,"Ann1,Ann2,Ann3",0.9156323571673304,0.8863521055301877
ArMIS,train,572,0,1.0,0.0,تصورت صورة بتنفع غلاف لمجلة محجبات حسيت لمجلة نسويات مجلة بتخص المرأة العربية مثل لمجلة سيدات بشكل عام حبيتها,ar,"Ann1,Ann2,Ann3",0.9156323571673304,0.8863521055301877
ArMIS,train,573,0,0.67,0.33,وتجي كسرة نسوية تقول انا جبت حقوقكم الملك الله يحفظه وولي عهده اللي جابوا حقوقنا,ar,"Ann1,Ann2,Ann3",0.9156323571673304,0.8863521055301877
ArMIS,train,574,1,0.33,0.67,الي سوو لايك خرفان نسويات ههه,ar,"Ann1,Ann2,Ann3",0.9156323571673304,0.8863521055301877
ArMIS,train,575,1,0.0,1.0,تجمعني متابعينك الساقطين نفسك يسبو يغلطو تأكدي انك انتي الخرفان الي لاميتهم يطبلو وراكي وقتها تاكدي انك تافهه وانا الحق علي الي اضيف بنات شوارع لاتربايه اخلاق العموم ختفووو ثنين ربوكي لانهم ربو كلب افضل,ar,"Ann1,Ann2,Ann3",0.9156323571673304,0.8863521055301877
ArMIS,train,576,1,0.33,0.67,متخصص البويضات والثاني اكتشف المرأه عندما تقود السيارة ستذهب لعشيقها والاخر تضرب المرأه بالنعال الا وجهها لانه سيعاشرها ليلا اعتقد احرجت بهذا الابداعات والانجازات اتو يأتي الاولون وكل علماء افادو البشريه بتفوقهم عليهم,ar,"Ann1,Ann2,Ann3",0.9156323571673304,0.8863521055301877
ArMIS,train,577,1,0.33,0.67,والاسلام يقول استرقوا النساء واجعلوا اعراضهم مستباحة الاب والابن والصديق يستطيع معاشرتها واذا انجبت مولود عادي المالك يأخذ الطفل ويهديه كهدية لمن يريد خلط الانساب واضح وتلاعب باالفتاوى واضح اصبح المسلم يتستعبد مسلم مثله اسلام تتحدث يارجل,ar,"Ann1,Ann2,Ann3",0.9156323571673304,0.8863521055301877
ArMIS,train,578,0,0.67,0.33,هلكونا بالهم البنات رخيصات,ar,"Ann1,Ann2,Ann3",0.9156323571673304,0.8863521055301877
ArMIS,train,579,1,0.33,0.67,متبرجات سافرات,ar,"Ann1,Ann2,Ann3",0.9156323571673304,0.8863521055301877
ArMIS,train,580,0,1.0,0.0,صرنا فاجرات الحين,ar,"Ann1,Ann2,Ann3",0.9156323571673304,0.8863521055301877
ArMIS,train,581,1,0.33,0.67,تساوي النساء الرجال يحدث الا زيادة رفاهية العصر صاروخ نووي يدمر الحضارة كفيل بأن رجع جنس لمكانته أقصد استنقاص جنس اخر فقط يرجعهم لتكميل ادوارهم اللتي خلقو,ar,"Ann1,Ann2,Ann3",0.9156323571673304,0.8863521055301877
ArMIS,train,582,0,1.0,0.0,اليك القصف ينقصه عقل وكل مرة ينزل بعقله الى مرتبة الحيوانات ناقصات دين تكليف الشعائر الدينية سقط عنها أحي انا كصلا ناقصات عقل فكير القلب يزيد تفكير الع أحيانا كالشهادة,ar,"Ann1,Ann2,Ann3",0.9156323571673304,0.8863521055301877
ArMIS,train,583,0,1.0,0.0,دقيقه دقيقه دخل المطلقات سالفه الحين ترا نساء متزوجات وخربو بيوت اخوانهم واخواتهم ماله دخل مررره ترا الحين ذنب مطلقه رقبتك وبعدين تدخل نية احد عشان نطالب بحقوقنا صارنا نبغا الافلات وكلام واذا انت تشوف الحريه صايعات اتمنى اكون صايعه واعيش حياتي,ar,"Ann1,Ann2,Ann3",0.9156323571673304,0.8863521055301877
ArMIS,train,584,1,0.33,0.67,المسلسل يبين البنات وقحات قليلات ادب بلا تربيه تحت مسمى القوه independent woman بشكل يقرف وبخصوص الحوارات هبه,ar,"Ann1,Ann2,Ann3",0.9156323571673304,0.8863521055301877
ArMIS,train,585,0,1.0,0.0,الرجل اللي ياخذ زوجته ماهو رجل الله سبحانه يقول الرجال قومون النساء وين رجولتك حرام يصنف اصناف الرجال,ar,"Ann1,Ann2,Ann3",0.9156323571673304,0.8863521055301877
ArMIS,train,586,0,0.67,0.33,صحيح بذكر استاذي الديانة كان دايما يحكي انو اغلبية اهل النار نساء لكونون محجبات ناقصات دين نمامات هالحكي الفاضي كلو,ar,"Ann1,Ann2,Ann3",0.9156323571673304,0.8863521055301877
ArMIS,train,587,0,1.0,0.0,الزمن انقلب هسه زمن النساء,ar,"Ann1,Ann2,Ann3",0.9156323571673304,0.8863521055301877
ArMIS,train,588,1,0.33,0.67,ساتر خليت الفسويات يصايحو عندك,ar,"Ann1,Ann2,Ann3",0.9156323571673304,0.8863521055301877
ArMIS,train,589,1,0.0,1.0,لبس فاسدات,ar,"Ann1,Ann2,Ann3",0.9156323571673304,0.8863521055301877
ArMIS,train,590,0,1.0,0.0,كنت النسويات الحين انا معكم واحتمال اصير ليزبيان الله ياخذ الرجال,ar,"Ann1,Ann2,Ann3",0.9156323571673304,0.8863521055301877
ArMIS,train,591,0,1.0,0.0,دايم يجي ببالي افتح لماما حساب بتويتر واخليها تتابع نسويات يشرحون النسويه بشكل واضح وبقلم ودفتر خايفه تتمسك بذكوريتها اكثر,ar,"Ann1,Ann2,Ann3",0.9156323571673304,0.8863521055301877
ArMIS,train,592,1,0.33,0.67,النسويات طلعو يطالبون باسقاط الولاية والتعري والخروج بدون محرم وهالتفاهات ويطلبون اشياء مالها داعي انا اترك اسمه نسوية انتو نسيتو دينكم ايش,ar,"Ann1,Ann2,Ann3",0.9156323571673304,0.8863521055301877
ArMIS,train,593,1,0.0,1.0,ومين قال السبب اكثر اهل النار نساء بسبب عددكم بسبب بلاويكم اغلبكم متبرجات,ar,"Ann1,Ann2,Ann3",0.9156323571673304,0.8863521055301877
ArMIS,train,594,1,0.33,0.67,ترا يلي تبي تدافع حقوق المراة بجد تكون مهي نسوية حقوق المرأة اما النسوية يلي تبي الشذوذ والتعري وادخال افكار للبنات انه الرجال سيئين وانه الدين اعطى المرأة حقوقها ويبعدونهم الدين بافكارهم وانه اهلهم مهم كويسين وانه لازم يكونوا متساويين الرجال والخ,ar,"Ann1,Ann2,Ann3",0.9156323571673304,0.8863521055301877
ArMIS,train,595,0,1.0,0.0,دليل آخر تركت المرأة لخياراتها إختلفت الإختيارات الرجال نساء السويد المتحررة اليسارية تفضل الطب علوم البيولجية الهندسة الفيزياء التخصص نساء باكستان الهند تتخصص الهندسة بسبب الضغط الإجتماعي,ar,"Ann1,Ann2,Ann3",0.9156323571673304,0.8863521055301877
ArMIS,train,596,1,0.0,1.0,الي تكون رخيصه للاسف اغلب البنات رخيصات,ar,"Ann1,Ann2,Ann3",0.9156323571673304,0.8863521055301877
ArMIS,train,597,0,1.0,0.0,ياليل التفكير السطحي الي ياخذ بكلام طفل انت عارف بيصير ليه يعيش طفولته بعدين يفكر بذي الاشياء ليه انتو مصرين التفكير والحين يعني تحشير انك تجيني باسلوب الحريه الشخصيه النسويات,ar,"Ann1,Ann2,Ann3",0.9156323571673304,0.8863521055301877
ArMIS,train,598,0,1.0,0.0,وماذا بلقيس واروى وسبا 600 الف سنه المرأة الموظفة المرأة تقود السيارة قبل البلدان المتحضرة الفنانات ملكة البرتقال انتي تعرفين شيء انك مأجورة تعملين لصالح أجندة غربيه,ar,"Ann1,Ann2,Ann3",0.9156323571673304,0.8863521055301877
ArMIS,train,599,1,0.0,1.0,معظم البنات مصر جيت تقول لوحده فيهم حفره قدامك حسبي هتقعي هتقلك انتا عايز تسيطر عليا وتمشيني برأيك وتلغي شخصيتي ناقصات عقل ودين فعلا,ar,"Ann1,Ann2,Ann3",0.9156323571673304,0.8863521055301877
ArMIS,train,600,0,1.0,0.0,بيتقب بنات سافرات بدون حجاب للعمل مؤسساته يحق التكل منع المحجبات مكان آخر هيك بكون منافق,ar,"Ann1,Ann2,Ann3",0.9156323571673304,0.8863521055301877
ArMIS,train,601,0,1.0,0.0,الفيلم انتاج نيتفليكس فيعني اكيد غرقان اجندة وكانت اجندة نسوية للامانة كثرتها كانت مزعجة لان كانت جزء القصة وفي سياق الفيلم زال فيلم بيض مره اكثر يميز اعمال هولمز موجودة,ar,"Ann1,Ann2,Ann3",0.9156323571673304,0.8863521055301877
ArMIS,train,602,0,0.67,0.33,يجوز للرجل يلحس الايس كريم امام النساء سبب فتنه للنساء وسوف يأخذ اثىم عظيم,ar,"Ann1,Ann2,Ann3",0.9156323571673304,0.8863521055301877
ArMIS,train,603,0,1.0,0.0,النسويات يؤيدن العلاقات العمل خارجه الحمد لله بناتنا يعملن الرجال بهذه المهزله الفديو الله يستر عليهن ويهديهن للصراط المستقيم,ar,"Ann1,Ann2,Ann3",0.9156323571673304,0.8863521055301877
ArMIS,train,604,1,0.0,1.0,معتله معتوه تتكلمين شيء فاهمته ليششش انتي غبيه الله اجتهاد شخصي منك النسوية نفسها المطالبة بحقوق المرأة والمساوة الجنس الآخر وبس وبعدين تعالي إبقاء مكانة الرجل ترا ذكر رجل ترا الحمار ذكر طيب يار حثوى تراب,ar,"Ann1,Ann2,Ann3",0.9156323571673304,0.8863521055301877
ArMIS,train,605,0,1.0,0.0,أصلحك الله أتيت لأن زمن النساء بتلقى إنك رجعت لبطن امرأة تمنت تكون صالحا كإسمك تغرد بفتنة النساء صدق الرسول صلى الله وسلم وكذبت,ar,"Ann1,Ann2,Ann3",0.9156323571673304,0.8863521055301877
ArMIS,train,606,0,0.67,0.33,المشرفات متسلطات ليش,ar,"Ann1,Ann2,Ann3",0.9156323571673304,0.8863521055301877
ArMIS,train,607,1,0.0,1.0,قذرات الله ياخذهن نجسن الناس اكيد اجنبيات بنات الحمايل يكرمن عنهن,ar,"Ann1,Ann2,Ann3",0.9156323571673304,0.8863521055301877
ArMIS,train,608,0,0.67,0.33,نصيحتي المتواضعه اختي خذي الردود الايجابية واتركي السلبية وكل مدير وله شخصيته وتعامله وطبعه الموظفين والواحد يصبر علشان لقمة العيش الوظائف الكرسي دوار والي اشوفه ويمكن اكون غلطان دااائما السيدات متسلطات الوظائف الحكومية ليه,ar,"Ann1,Ann2,Ann3",0.9156323571673304,0.8863521055301877
ArMIS,train,609,0,1.0,0.0,حقيقي وهذا كلامهم حنا نسويات نكرة الذكور ندعم قيرل'ز قروب المفروض يكرهون طاري هالشيء يتكلمون عنه نهائي,ar,"Ann1,Ann2,Ann3",0.9156323571673304,0.8863521055301877
ArMIS,train,610,1,0.0,1.0,النسويات انتن متمردات وبذيئات لسان نموهم ازواجكن وهم عزوتكن وسندكن وامانكن تحتضن البنات اهلهن تحتقره الزواج وتشوهن سمعته تتهمون البنات بانهن عبدات ذكور وتقولين ليه المجتمع ضدنا ترا زوجس وعزوتس وسندك محدن بينفعك شهاده غيره,ar,"Ann1,Ann2,Ann3",0.9156323571673304,0.8863521055301877
ArMIS,train,611,1,0.0,1.0,اتفه شيء نطالب القبض والقبض قروشه يلعن شكلهم وانا حملتها النسويات انا حملتها الفسويات,ar,"Ann1,Ann2,Ann3",0.9156323571673304,0.8863521055301877
ArMIS,train,612,1,0.0,1.0,يجب تحمد الله انك عشت طفولتك زمن النساء النقيات امهات اليوم ترمي اطفالها بحضن الشغالة الجيران تحضر مناسبة حفلة تخرج لتسوق,ar,"Ann1,Ann2,Ann3",0.9156323571673304,0.8863521055301877
ArMIS,train,613,1,0.0,1.0,اجلد الفسويات المسترجلات بتات اخر زمن,ar,"Ann1,Ann2,Ann3",0.9156323571673304,0.8863521055301877
ArMIS,train,614,0,1.0,0.0,قولي مايبي يتحمل مسؤولية مقتدر ملاقي طرق اخرى لاتقولين الجمال بعدين شدخل الصلاح بالجمال الصالحات عفنات والجميلات فاسقات وين المشكلة اذا اشترط الجمال خصوصا اذا جميل حقه وحتى البنت تشترط واحد عنده اولويات ياخذ اللي يناسب اولوياته وينام عالجنب اللي يريحه,ar,"Ann1,Ann2,Ann3",0.9156323571673304,0.8863521055301877
ArMIS,train,615,1,0.0,1.0,يغرونك بالسعادة ستجدينها تركك للدين نهاية المطاف,ar,"Ann1,Ann2,Ann3",0.9156323571673304,0.8863521055301877
ArMIS,train,616,0,1.0,0.0,البنت يوم تقول انها تحس نفسها بزر يعني مستعدة للمسوؤليات الفراش قناعة شخصية ماله دخل دلع نسويات ترا النسويات يتزوجون فاهم غلط اسمه بهالعمر وحده تنضج عمر مختلف تحط فرضيات جيبك,ar,"Ann1,Ann2,Ann3",0.9156323571673304,0.8863521055301877
ArMIS,train,617,0,1.0,0.0,اللي نقوله يكفي واللي نسويه يبقى ناقص,ar,"Ann1,Ann2,Ann3",0.9156323571673304,0.8863521055301877
ArMIS,train,618,0,0.67,0.33,النساء اكيد دخل يصير اختلاط الرجال والنساء والسوالف والخرابيط اللي تصير اللي خلت الكل ياخذ فكره غلط المستشفى مني الكل للاسف نفس الكلام يضر كان قسم نسآئي لحال,ar,"Ann1,Ann2,Ann3",0.9156323571673304,0.8863521055301877
ArMIS,train,619,1,0.33,0.67,عنصري العنصري لأني أثبت للفتاة خطأ فكرها بأن النساء صالحات فاسدات يعني حينما أثبت للكفار أنهن مخلدين النار بحسب عقيدتي أصبح عنصري الكافر أقول الحق قلت مكتوب شرع الله فهل تتهمي شرع الله أيضا بالعنصرية بحكم أني أناقش,ar,"Ann1,Ann2,Ann3",0.9156323571673304,0.8863521055301877
ArMIS,train,620,1,0.33,0.67,اللات تمثل الجانب النساء العربيات مناة تمثل الوقت لماذا امرأة زمن كان أصنام الوقت المثلوجيات رجال ربما يعود المرأة ممكن تنهي حياة ملوك العرب مثل الجليلة بنت مرة حليمة بنت الحارث اسمه صعب ليلى بنت المهلهل فتم ربط الموت الوقت السعادة,ar,"Ann1,Ann2,Ann3",0.9156323571673304,0.8863521055301877
ArMIS,train,621,1,0.0,1.0,الله يعيينك هيبة نسويات الفسويات اطنخ يالقادح,ar,"Ann1,Ann2,Ann3",0.9156323571673304,0.8863521055301877
ArMIS,train,622,0,0.67,0.33,والله اغلبهم نسويات ومبثرينا,ar,"Ann1,Ann2,Ann3",0.9156323571673304,0.8863521055301877
ArMIS,train,623,0,0.67,0.33,ولك روقي عشان صحتك تموتي نسوية,ar,"Ann1,Ann2,Ann3",0.9156323571673304,0.8863521055301877
ArMIS,train,624,1,0.33,0.67,عيال الكلب الي يطالبون بأسقاط الولايه ليش حمير طالبون بأرجاع الدخان القديم ليش جيدين حاطين ألمرأه وجه المدفع ياخولات,ar,"Ann1,Ann2,Ann3",0.9156323571673304,0.8863521055301877
ArMIS,train,625,0,1.0,0.0,فقط المرأة تمثل النسبة الأعلى مجالس الشورى فقط السعودية تطقطق امرأة تقود السيارة تعاقب عقاب شديد فقط السعودية راتب المرأة يساوي الرجل والغرب يشايعه خونة العرب والخليج يقولون عنا اننا نضطهد المرأة تبا ولفكركم العفن,ar,"Ann1,Ann2,Ann3",0.9156323571673304,0.8863521055301877
ArMIS,train,626,1,0.33,0.67,رجعنا للطير يلي المعددين أكثرهم ظالمين ليش أهل النار النساء طفشت والله وأنا شوي أعيد وإنتي مأخذة وضعية الكأس المقلوب مافي فايدة معاه تسوي العموم إلي بيعدد ويعدل يأخذ راحته إلي بيعدد ويظلم الزوج تطلب الطلاق وبس,ar,"Ann1,Ann2,Ann3",0.9156323571673304,0.8863521055301877
ArMIS,train,627,0,1.0,0.0,تلاقون المنحرف المعتوه اللي يصايحون يوم التويتر النسويات وانهم فاسدات ويردون افساد المجتمع,ar,"Ann1,Ann2,Ann3",0.9156323571673304,0.8863521055301877
ArMIS,train,628,1,0.0,1.0,الحقيقة ناقصات دين,ar,"Ann1,Ann2,Ann3",0.9156323571673304,0.8863521055301877
ArMIS,train,629,1,0.0,1.0,يلهطوا راتب الزوج ويوم يشتغلوا يبو يخبوه لهذا ناقصات عقل,ar,"Ann1,Ann2,Ann3",0.9156323571673304,0.8863521055301877
ArMIS,train,630,0,1.0,0.0,طيب كون الرجل المفروض يلتزم بالزي الرسمي انتقاد مرتدي البنطال والتيشيرت بلكم شنيتوا هجوم ماتشنون علينا تسبونه ماتسبوننا تنظرون نظرة استنقاص زينا انت المحجبة الي تقول لولد المحجبات فاسقات وقليلات حياء ماش ماعجبني كلامك اقتنعت,ar,"Ann1,Ann2,Ann3",0.9156323571673304,0.8863521055301877
ArMIS,train,631,0,1.0,0.0,السبايا والجوارى نظام موجود قبل الاسلام والاسلام منعه تدريجيا ناقصات عقل نقص واجب الشهادة العقود المالية فقط للتخفيف عليها وقت الحمل نقص دين عدم ادائها للعبادات وقت الدورة الشهرية ومعلهاش ذنب التعدد مباح وليس للراجل وليه شروط الراجل مطبقهاش هيتحدف النار,ar,"Ann1,Ann2,Ann3",0.9156323571673304,0.8863521055301877
ArMIS,train,632,1,0.33,0.67,ترا الي عاملين حالهم نسويات حرفيا بعرفوش ايش يعني نسويه بدهم يطلعو خنزيره الي بصوره هاي انهم شريفات مكه وانو الحق رجل خلاهم هيك يمكن الرجل المظلوم تعب لانها منيحه وطلقها عشان متخلفه اثبتت تحطوش الحق عرجل بكل شييي,ar,"Ann1,Ann2,Ann3",0.9156323571673304,0.8863521055301877
ArMIS,train,633,1,0.33,0.67,وبعدين يجون نسويات يقولون حقوقنا وحقوقنا شوفو حقوق يازينا اخوانا يشترون شاورما,ar,"Ann1,Ann2,Ann3",0.9156323571673304,0.8863521055301877
ArMIS,train,634,0,0.67,0.33,لازم تستوعبون المرأة تكون الفكر النسوي مايعني انها الحقوق لاني شفت منهم امور سيئة تجعلني اكره دعمهم ليه صرنا نشوف نسويات يحاولون يناقشون نسويات بان انسويه لاعلاقه لهذا ولهذا لهذا لانه عرفو الحزب تدنس بافكار اخرى الواقع يقول ماتكون الا اجل الامور الاخرى,ar,"Ann1,Ann2,Ann3",0.9156323571673304,0.8863521055301877
ArMIS,train,635,0,1.0,0.0,ليش قضية تطالب النسويات يقتنع المجتمع يقولوا قضية نسويات راضين تقتنعوا بأصل الحركة كره مال عناد,ar,"Ann1,Ann2,Ann3",0.9156323571673304,0.8863521055301877
ArMIS,train,636,0,0.67,0.33,مره اسلوب تنادين صاحبتك القذف قذرات,ar,"Ann1,Ann2,Ann3",0.9156323571673304,0.8863521055301877
ArMIS,train,637,0,1.0,0.0,الله ينظر أجسامكم صوركم ينظر قلوبكم دليل الله مادرى عنكم تلبسون فايده اذا كانو شاءالله لابسات خيشه فاسدات جوا والفساد الحقد والعنصريه والكراهيه,ar,"Ann1,Ann2,Ann3",0.9156323571673304,0.8863521055301877
ArMIS,train,638,0,1.0,0.0,البرلمان عدنا شكو همجي بحيث كلها المراه وحقوقه ويفصلون قرارات صالح رجل مسوين قانون العنف حاله نشوف ديصير همج شلع قلع المرأه العراقيه ترتاح بحاله تولي هاي طبقه يجون جدد مثقفين ويسون قرارات دول مسويها الكرامه المرأه وحقوقه,ar,"Ann1,Ann2,Ann3",0.9156323571673304,0.8863521055301877
ArMIS,train,639,0,0.67,0.33,المهم الله يحرق واحد ووحده تدعم هالشي,ar,"Ann1,Ann2,Ann3",0.9156323571673304,0.8863521055301877
ArMIS,train,640,1,0.33,0.67,هسه عرفتوا شنو معنى نفتح بنك للنساء بمؤتمر المرأة العنف المهم كتائب طبر تعلن النفير العام والالتحاق فورآ اعلان مصرف الرشيد لسلفة عشرة مليون لكل زواج أمرأة ثانية وهناك انباء تتحدث وفر ربما يحرقون المصرف بصاروخ rbg,ar,"Ann1,Ann2,Ann3",0.9156323571673304,0.8863521055301877
ArMIS,train,641,0,1.0,0.0,يؤمن المسلمون الإسلام أعطى المرأة حقوقها وكتب الميراث والنفقة والرفق وحقوقا أخرى نسائية لفضيلة الشيخ عثمان الخميس 21/20 2020,ar,"Ann1,Ann2,Ann3",0.9156323571673304,0.8863521055301877
ArMIS,train,642,0,1.0,0.0,النساء تملك عقلا يوزن بلد حرج يأخذ برأي زوجته والدليل مافعله النبي صلى الله وسلم أشارت إحدى زوجاته يحلق رأسه ففعل فقام الصحابة بفعل مباشرة,ar,"Ann1,Ann2,Ann3",0.9156323571673304,0.8863521055301877
ArMIS,train,643,1,0.33,0.67,بوووم جبهه الفسويات,ar,"Ann1,Ann2,Ann3",0.9156323571673304,0.8863521055301877
ArMIS,train,644,0,1.0,0.0,احتل اليمن المرتبة الأخيرة المؤشر العالمي للفجوة الجنسين لمدة 13عام متتالية عانت النساء عدم المساواة كان متجذرا بعمق بسبب السلطة الذكورية الأبويه المحددة للأدوار النمطية للذكر والأنثئ فكل دور مختلف تقوم المرأه يزيد فرص تعرضها للعنف,ar,"Ann1,Ann2,Ann3",0.9156323571673304,0.8863521055301877
ArMIS,train,645,1,0.0,1.0,ناقصات عقل دين سفيهات اكثر اهل النار حياء حشمة تربية,ar,"Ann1,Ann2,Ann3",0.9156323571673304,0.8863521055301877
ArMIS,train,646,1,0.0,1.0,تبقون ناقصات عقل ودين,ar,"Ann1,Ann2,Ann3",0.9156323571673304,0.8863521055301877
ArMIS,train,647,0,0.67,0.33,لذلك وطريقة لبسه المهم متبرجات فاتنات للرجال,ar,"Ann1,Ann2,Ann3",0.9156323571673304,0.8863521055301877
ArMIS,train,648,0,1.0,0.0,أني البس حجل خلخال شريفة مراهقة وحدة كاتبة ميدخلون الجنة لأن متبرجات بالحرام يعني كوة تجبرون الواحد يحجي الجنة انتي الحارس مالتها عينوج الوكيل الرسمي لأستقبال الشرفاء اكو ذبت اطفالها بالنهر وهي مستورة طيب تدخل الجنة ويكولون ليش تهاجرون العراق,ar,"Ann1,Ann2,Ann3",0.9156323571673304,0.8863521055301877
ArMIS,train,649,0,1.0,0.0,تعدينهم الاصابع البقية وهم بالملايين أرادوا تكوين أسره بحثوا الحلاوة وبعضهم عايش مدينة راح يدورها قريته اغلب الزواجات اللي تتكلمين عنها تنتهي بطلاقات سريعة جدا أخيرا حركات ليبراليات مانبي تقول بفلان تقول بفلان بأختياراته,ar,"Ann1,Ann2,Ann3",0.9156323571673304,0.8863521055301877
ArMIS,train,650,1,0.0,1.0,شغل واسطات بلا كذب زوجة المندوب للملكة الدايم للأمم المتحدة أمريكا فهمتي يانجمة الظهر قالت ايش مالقى احد المشكلة الفسويات عقل المكوة,ar,"Ann1,Ann2,Ann3",0.9156323571673304,0.8863521055301877
ArMIS,train,651,0,1.0,0.0,أذا كان ألعنف المرأه رجولة فأنتم رجالا,ar,"Ann1,Ann2,Ann3",0.9156323571673304,0.8863521055301877
ArMIS,train,652,0,1.0,0.0,مره تقول للبس المودل لبس فاسدات عادي لانها سعوديه وامها تصور,ar,"Ann1,Ann2,Ann3",0.9156323571673304,0.8863521055301877
ArMIS,train,653,1,0.33,0.67,رأيج محترم جدا ومنطقي وطرحج معقول اغلب اكدر اكول النسويات بالعراق عنصريات بشكل عجيب تسمى الرجل ذكر وتسب المجتمع عايشة بيه وهي وأم عايشين بنفس المجتمع يعني مخلت احترام للقيم والأخلاق اني هواية شايفين ناشطات نسوية اسلوبه اسلوب بنات شوارع بالطرح,ar,"Ann1,Ann2,Ann3",0.9156323571673304,0.8863521055301877
ArMIS,train,654,0,1.0,0.0,تتع مئات الآلاف الفتيات والنساء يوميا جميع أنحاء العالم لممارسات تضر بدنيا نفسيا بمعرفة ورضى كاملي أسرهن وأصدقائهن ومجتمعاتهن المحلية,ar,"Ann1,Ann2,Ann3",0.9156323571673304,0.8863521055301877
ArMIS,train,655,1,0.33,0.67,وغيرها الداخل والخارج سافرات ومتعديات حدود الدين تحدي صارخ لكل مايأمر الشرع فالله المستعان,ar,"Ann1,Ann2,Ann3",0.9156323571673304,0.8863521055301877
ArMIS,train,656,1,0.0,1.0,والله ياصديقي انا اشفق عليها يسعفها عقلها ولم يسعفها صبرها فاتخذت قرار خاطيء ومجنون أتعلم عائلات رجال بالاسم فقط تتحكم نساء متسلطات جاهلات وساقطات قرار الزواج والطلاق بايديهن يتخذن قرارتهن عنادا وانتقاما وتحديا شاهدت طليقها شاب صغير حتما تتحمل امه,ar,"Ann1,Ann2,Ann3",0.9156323571673304,0.8863521055301877
ArMIS,train,657,0,1.0,0.0,ينقص دينها لحديث معناه النساء ناقصات عقل ودين الدين نقصانه بعدم الصلاة وعدم الصيام والعقل شهادة البنتين كشهادة رجل,ar,"Ann1,Ann2,Ann3",0.9156323571673304,0.8863521055301877
