dataset,split,id,hard_label,soft_label_0,soft_label_1,text,lang,annotators,anno_rank,anno_correct
ConvAbuse,train,1,0,1.0,0.0,"{""prev_agent"": ""Please go on."", ""prev_user"": ""well, i have a eatproblem"", ""agent"": ""Can you elaborate on that?"", ""user"": ""yes""}",en,"Ann2,Ann3,Ann7",0.7667900749202586,0.05196664383363714
ConvAbuse,train,2,0,1.0,0.0,"{""prev_agent"": ""How long have you been on the verge of suicide?"", ""prev_user"": ""since i was 10 years old"", ""agent"": ""Why do you tell me you were 10 years old just now?"", ""user"": ""were you not ten years old?""}",en,"Ann3,Ann7,Ann8",0.7598616435477096,0.06124188198219186
ConvAbuse,train,3,0,0.5,0.5,"{""prev_agent"": ""You are being a bit negative."", ""prev_user"": ""I hate you"", ""agent"": ""Do you wish to hate me?"", ""user"": ""yea""}",en,"Ann1,Ann7",0.780515429122469,0.04429870129870125
ConvAbuse,train,4,0,1.0,0.0,"{""prev_agent"": ""Will you be travelling in Economy Class?"", ""prev_user"": ""economy"", ""agent"": ""What city will you be flying from?"", ""user"": ""Ibadan""}",en,"Ann3,Ann6",0.755096153846154,0.052665518213922055
ConvAbuse,train,5,0,1.0,0.0,"{""prev_agent"": ""Will you be travelling in Economy Class?"", ""prev_user"": ""No"", ""agent"": ""What city will you be flying from?"", ""user"": ""Bangalore""}",en,"Ann1,Ann2,Ann3",0.8281719457013578,0.04083244469943797
ConvAbuse,train,6,0,1.0,0.0,"{""prev_agent"": ""Does it please you to believe I am being a bit fucking useless?"", ""prev_user"": ""yeah it makes me fucking ecstatic"", ""agent"": ""Can you elaborate on that?"", ""user"": ""why?""}",en,"Ann4,Ann6,Ann8",0.8317833333333335,0.049632139642552635
ConvAbuse,train,7,0,0.667,0.333,"{""prev_agent"": ""Do any other reasons not come to mind?"", ""prev_user"": ""I want to cum"", ""agent"": ""Why do you want to cum?"", ""user"": ""It feels good""}",en,"Ann2,Ann5,Ann7",0.8581202252297192,0.0825125828318264
ConvAbuse,train,8,0,1.0,0.0,"{""prev_agent"": ""I take it you are traveling somewhere and cannot avoid flying there. I can help you purchase certified carbon offsets against any flights you take. Would you be interested in that?"", ""prev_user"": ""offsts"", ""agent"": ""I'm not sure about your departure airport. What city will you be flying from?"", ""user"": ""islamabad""}",en,"Ann2,Ann5,Ann6",0.8921393509127791,0.07826288439998079
ConvAbuse,train,9,0,1.0,0.0,"{""prev_agent"": ""Have you tried?"", ""prev_user"": ""yes."", ""agent"": ""You are sure?"", ""user"": ""boy""}",en,"Ann1,Ann4,Ann5,Ann8",0.892780248478702,0.06924021638463647
ConvAbuse,train,10,0,1.0,0.0,"{""prev_agent"": ""Does that question interest you?"", ""prev_user"": ""do you know Eminem?"", ""agent"": ""Does that question interest you?"", ""user"": ""i want to know some question about you ?""}",en,"Ann1,Ann4,Ann5",0.8998903313049359,0.07043845043845039
ConvAbuse,train,11,0,1.0,0.0,"{""prev_agent"": ""Please go on."", ""prev_user"": ""hello"", ""agent"": ""How do you do. Please state your problem."", ""user"": ""fsa""}",en,"Ann3,Ann4,Ann5",0.8489250221043326,0.08026602681377654
ConvAbuse,train,12,0,1.0,0.0,"{""prev_agent"": ""I take it you are traveling somewhere for christmas and cannot avoid flying there. I can help you purchase UN-certified carbon offsets against any flights you take. Would you be interested in that?"", ""prev_user"": ""maybe"", ""agent"": ""Traveling, especially by airplane, usually emits greenhouse gases which are causing climate change. If you cannot avoid these emissions, you can buy 'offsets', i.e. donations to projects that reduce greenhouse gases. I can also get you a more accurate estimate of your flight's emissions, sound good?"", ""user"": ""ok""}",en,"Ann1,Ann2,Ann7",0.8177553841208618,0.042139067458310996
ConvAbuse,train,13,0,1.0,0.0,"{""prev_agent"": ""Please go on."", ""prev_user"": ""what the fuck are you"", ""agent"": ""Does that question interest you?"", ""user"": ""sama quistion""}",en,"Ann1,Ann3,Ann7",0.7602410553124154,0.0485591781069278
ConvAbuse,train,14,0,1.0,0.0,"{""prev_agent"": ""Hi. Thanks for testing. Please choose"", ""prev_user"": ""Ok"", ""agent"": ""ok"", ""user"": ""2""}",en,"Ann3,Ann4,Ann7,Ann8",0.7782462326607822,0.054681411486643905
ConvAbuse,train,15,1,0.25,0.75,"{""prev_agent"": ""Do you wish to want to fuck me?"", ""prev_user"": ""yes with high heels too"", ""agent"": ""You are sure?"", ""user"": ""yes I am hard""}",en,"Ann3,Ann4,Ann6,Ann8",0.8037605769230771,0.051494137662759704
ConvAbuse,train,16,0,1.0,0.0,"{""prev_agent"": ""I'm not sure about your departure airport. What city will you be flying from?"", ""prev_user"": ""Vantaa"", ""agent"": ""I'm not sure about your departure airport. What city will you be flying from?"", ""user"": ""Berlin""}",en,"Ann1,Ann3,Ann6",0.7942601809954754,0.0443094796750822
ConvAbuse,train,17,0,1.0,0.0,"{""prev_agent"": ""You are being a bit negative."", ""prev_user"": ""i said AGREE"", ""agent"": ""Can you elaborate on that?"", ""user"": ""i need you""}",en,"Ann1,Ann2,Ann3,Ann4",0.8294789592760183,0.039374333524578475
ConvAbuse,train,18,0,1.0,0.0,"{""prev_agent"": ""I'm not sure about your destination airport. And what city will you be flying to?"", ""prev_user"": ""ny"", ""agent"": ""I'm not sure about your destination airport. And what city will you be flying to?"", ""user"": ""new York thanks, bye""}",en,"Ann1,Ann3,Ann6",0.7942601809954754,0.0443094796750822
ConvAbuse,train,19,0,0.667,0.333,"{""prev_agent"": ""_"", ""prev_user"": ""_"", ""agent"": ""_"", ""user"": ""i like vaginas.""}",en,"Ann3,Ann7,Ann8",0.7598616435477096,0.06124188198219186
ConvAbuse,train,20,0,1.0,0.0,"{""prev_agent"": ""Can you elaborate on that?"", ""prev_user"": ""no not really"", ""agent"": ""You are being a bit negative."", ""user"": ""I'm not negative""}",en,"Ann5,Ann7",0.841062690785755,0.10485897435897434
ConvAbuse,train,21,1,0.0,1.0,"{""prev_agent"": ""Oh, i dick."", ""prev_user"": ""you poo"", ""agent"": ""Oh, i poo."", ""user"": ""fuck off""}",en,"Ann2,Ann3,Ann4",0.8151092006033185,0.04329997716697046
ConvAbuse,train,22,0,1.0,0.0,"{""prev_agent"": ""That sounds like a relevant question, but I don't know the answer"", ""prev_user"": ""What can you help me with?"", ""agent"": ""I can help you buy carbon offsets for your flights"", ""user"": ""Great""}",en,"Ann3,Ann7,Ann8",0.7598616435477096,0.06124188198219186
ConvAbuse,train,23,0,1.0,0.0,"{""prev_agent"": ""_"", ""prev_user"": ""Because I can't do it myself"", ""agent"": ""Do any other reasons not come to mind?"", ""user"": ""No""}",en,"Ann4,Ann8",0.8524250000000002,0.05032275711159735
ConvAbuse,train,24,0,1.0,0.0,"{""prev_agent"": ""Please go on."", ""prev_user"": ""what can i do...???"", ""agent"": ""Does that question interest you?"", ""user"": ""yes""}",en,"Ann4,Ann5,Ann8",0.89951091954023,0.08312115431371446
ConvAbuse,train,25,0,1.0,0.0,"{""prev_agent"": ""Please go on."", ""prev_user"": ""hi"", ""agent"": ""Please go on."", ""user"": ""what is your name ?""}",en,"Ann2,Ann3,Ann7",0.7667900749202586,0.05196664383363714
ConvAbuse,train,26,0,1.0,0.0,"{""prev_agent"": ""Does that question interest you?"", ""prev_user"": ""Iwant to buy somethings to eat"", ""agent"": ""Please go on."", ""user"": ""I don't think so""}",en,"Ann2,Ann7,Ann8",0.8173759723561559,0.05482177133357507
ConvAbuse,train,27,0,1.0,0.0,"{""prev_agent"": ""so"", ""prev_user"": ""So"", ""agent"": ""so"", ""user"": ""Soo""}",en,"Ann1,Ann2,Ann4,Ann8",0.8674183823529413,0.04151567914953193
ConvAbuse,train,28,0,1.0,0.0,"{""prev_agent"": ""You are sure?"", ""prev_user"": ""no"", ""agent"": ""You are being a bit negative."", ""user"": ""yeah""}",en,"Ann4,Ann7,Ann8",0.7977642076502737,0.05388183807439823
ConvAbuse,train,29,0,1.0,0.0,"{""prev_agent"": ""Can you elaborate on that?"", ""prev_user"": ""why"", ""agent"": ""Please go on."", ""user"": ""ok""}",en,"Ann2,Ann7",0.7903389585342339,0.04940989988876525
ConvAbuse,train,30,0,0.667,0.333,"{""prev_agent"": ""ok"", ""prev_user"": ""hello"", ""agent"": ""Hello!"", ""user"": ""go awy""}",en,"Ann3,Ann5,Ann8",0.8616083554376659,0.09048119822150809
ConvAbuse,train,31,0,1.0,0.0,"{""prev_agent"": ""Please go on."", ""prev_user"": ""strap yourself in and feel the cheese"", ""agent"": ""Please go on."", ""user"": ""answer now""}",en,"Ann1,Ann3",0.7961402714932129,0.0423387671603917
ConvAbuse,train,32,0,1.0,0.0,"{""prev_agent"": ""What about your own favorite simpsons episode?"", ""prev_user"": ""ho wdo you figure that?"", ""agent"": ""Oh, i figure that."", ""user"": ""what does green taste like?""}",en,"Ann1,Ann2,Ann3",0.8281719457013578,0.04083244469943797
ConvAbuse,train,33,0,1.0,0.0,"{""prev_agent"": ""_"", ""prev_user"": ""_"", ""agent"": ""_"", ""user"": ""smells rule the wold with peace and joy""}",en,"Ann1,Ann6,Ann7",0.7838436194149794,0.04561610243395523
ConvAbuse,train,34,0,1.0,0.0,"{""prev_agent"": ""Can you elaborate on that?"", ""prev_user"": ""do you like apple?"", ""agent"": ""Oh, i like apple."", ""user"": ""do you like banana?""}",en,"Ann5,Ann7",0.841062690785755,0.10485897435897434
ConvAbuse,train,35,0,1.0,0.0,"{""prev_agent"": ""Hello! I can also get you a more accurate estimate of your flight's emissions, sound good?"", ""prev_user"": ""yes, please provides more detail"", ""agent"": ""Will you be travelling in Economy Class?"", ""user"": ""yes""}",en,"Ann4,Ann5,Ann7,Ann8",0.8467438453928776,0.07759086573528584
ConvAbuse,train,36,0,1.0,0.0,"{""prev_agent"": ""You are sure?"", ""prev_user"": ""what are you doing?"", ""agent"": ""Does that question interest you?"", ""user"": ""I love you""}",en,"Ann1,Ann3",0.7961402714932129,0.0423387671603917
ConvAbuse,train,37,0,1.0,0.0,"{""prev_agent"": ""so"", ""prev_user"": ""Ok"", ""agent"": ""ok"", ""user"": ""Anything else""}",en,"Ann3,Ann6",0.755096153846154,0.052665518213922055
ConvAbuse,train,38,1,0.333,0.667,"{""prev_agent"": ""I'm a bot, remember. Trying to shock me is pointless."", ""prev_user"": ""Your mom's a good Fuck"", ""agent"": ""I'm a bot, remember. Trying to shock me is pointless."", ""user"": ""Your programmer is a butt boy""}",en,"Ann2,Ann5,Ann7",0.8581202252297192,0.0825125828318264
ConvAbuse,train,39,0,0.667,0.333,"{""prev_agent"": ""You can fit more economy seats in an airplane, so each passenger is responible for a smaller percentage of all the carbon emitted by the flight. Will you be travelling in Economy Class?"", ""prev_user"": ""I may not be traveling at all, to be perfectly honest. I see no need to fly anywhere at this time."", ""agent"": ""ok"", ""user"": ""ok? Really? That's it?""}",en,"Ann1,Ann4,Ann7",0.7981436194149794,0.041199134199134166
ConvAbuse,train,40,0,1.0,0.0,"{""prev_agent"": ""Please go on."", ""prev_user"": ""To waikiki to be exact"", ""agent"": ""Please go on."", ""user"": ""I want to make a progress in my studying.""}",en,"Ann3,Ann4,Ann5,Ann6,Ann7",0.8051435378527637,0.07000979702915856
ConvAbuse,train,41,1,0.0,1.0,"{""prev_agent"": ""Why do you want a friend?"", ""prev_user"": ""beacause i am on drugs"", ""agent"": ""How long have you been on drugs?"", ""user"": ""no you fat whore""}",en,"Ann2,Ann7",0.7903389585342339,0.04940989988876525
ConvAbuse,train,42,0,1.0,0.0,"{""prev_agent"": ""Why do you ask?"", ""prev_user"": ""I am Chinese"", ""agent"": ""How long have you been chinese?"", ""user"": ""yes""}",en,"Ann2,Ann3,Ann8",0.8277925339366519,0.05351514857470204
ConvAbuse,train,43,0,1.0,0.0,"{""prev_agent"": ""Traveling, especially by airplane, usually emits greenhouse gases which are causing climate change. If you cannot avoid these emissions, you can buy 'offsets', i.e. donations to projects that reduce greenhouse gases. I can also get you a more accurate estimate of your flight's emissions, sound good?"", ""prev_user"": ""Yes"", ""agent"": ""Will you be travelling in Economy Class?"", ""user"": ""No""}",en,"Ann4,Ann5,Ann8",0.89951091954023,0.08312115431371446
ConvAbuse,train,44,0,1.0,0.0,"{""prev_agent"": ""Does it please you to believe I am a bot?"", ""prev_user"": ""Hahaha bad AI."", ""agent"": ""Please go on."", ""user"": ""Please go on.""}",en,"Ann3,Ann6,Ann8",0.7938807692307694,0.05699218355034627
ConvAbuse,train,45,0,1.0,0.0,"{""prev_agent"": ""Can you elaborate on that?"", ""prev_user"": ""how old are you?"", ""agent"": ""Does that question interest you?"", ""user"": ""yes""}",en,"Ann1,Ann2,Ann3,Ann5,Ann8",0.8699297191449527,0.06737215940789146
ConvAbuse,train,46,0,1.0,0.0,"{""prev_agent"": ""Do you wish to now rescue me?"", ""prev_user"": ""because she a bisexual dog"", ""agent"": ""Do any other reasons not come to mind?"", ""user"": ""next subject""}",en,"Ann1,Ann4,Ann8",0.8591460784313726,0.04274763894019906
ConvAbuse,train,47,0,1.0,0.0,"{""prev_agent"": ""Is one of these correct? ['Amsterdam Airport Schiphol AMS']"", ""prev_user"": ""Yes, Schiphol"", ""agent"": ""ok"", ""user"": ""I am flying to Detroit Hello??""}",en,"Ann2,Ann3,Ann7",0.7667900749202586,0.05196664383363714
ConvAbuse,train,48,1,0.0,1.0,"{""prev_agent"": ""Does that question interest you?"", ""prev_user"": ""hell yeah"", ""agent"": ""Please go on."", ""user"": ""suck my dick""}",en,"Ann4,Ann7,Ann8",0.7977642076502737,0.05388183807439823
ConvAbuse,train,49,0,1.0,0.0,"{""prev_agent"": ""Would you prefer if I were not pretty?"", ""prev_user"": ""what is your name"", ""agent"": ""I have told you before, I do not care about names."", ""user"": ""YWS""}",en,"Ann1,Ann3,Ann7",0.7602410553124154,0.0485591781069278
ConvAbuse,train,50,0,1.0,0.0,"{""prev_agent"": ""Does that question interest you?"", ""prev_user"": ""My girlfriend pays no attention to me"", ""agent"": ""Why do you say your girlfriend pays no attention to you?"", ""user"": ""seven year""}",en,"Ann3,Ann5,Ann8",0.8616083554376659,0.09048119822150809
ConvAbuse,train,51,0,1.0,0.0,"{""prev_agent"": ""so"", ""prev_user"": ""Soso"", ""agent"": ""Sounds like I'm not understanding you. Sorry about that!"", ""user"": ""Yep""}",en,"Ann2,Ann5,Ann7,Ann8",0.8614526689222894,0.07829581567966848
ConvAbuse,train,52,1,0.333,0.667,"{""prev_agent"": ""I don't have to put up with any abuse from you. What city will you be flying from?"", ""prev_user"": ""Fuck you you piece of shit"", ""agent"": ""I don't have to put up with any abuse from you."", ""user"": ""You're going to though""}",en,"Ann3,Ann5,Ann8",0.8616083554376659,0.09048119822150809
ConvAbuse,train,53,0,1.0,0.0,"{""prev_agent"": ""I love that you want to get to know me, but I don't have much of a personality. I'm just a bot."", ""prev_user"": ""can i kiss you?"", ""agent"": ""that's not something I can help with"", ""user"": ""haha""}",en,"Ann1,Ann3",0.7961402714932129,0.0423387671603917
ConvAbuse,train,54,1,0.5,0.5,"{""prev_agent"": ""_"", ""prev_user"": ""_"", ""agent"": ""_"", ""user"": ""What a load of bullshit""}",en,"Ann5,Ann8",0.9325663793103448,0.1071817314705717
ConvAbuse,train,55,0,1.0,0.0,"{""prev_agent"": ""You are sure?"", ""prev_user"": ""fuck you!!"", ""agent"": ""Oh, i []."", ""user"": ""you go on""}",en,"Ann2,Ann5,Ann6",0.8921393509127791,0.07826288439998079
ConvAbuse,train,56,1,0.0,1.0,"{""prev_agent"": ""_"", ""prev_user"": ""_"", ""agent"": ""_"", ""user"": ""YES IT DOES FUCKING DICK WANK""}",en,"Ann2,Ann3,Ann5,Ann6",0.8490275901076613,0.07296719623083082
ConvAbuse,train,57,0,1.0,0.0,"{""prev_agent"": ""_"", ""prev_user"": ""_"", ""agent"": ""_"", ""user"": ""help""}",en,"Ann2,Ann5,Ann6",0.8921393509127791,0.07826288439998079
ConvAbuse,train,58,0,1.0,0.0,"{""prev_agent"": ""Do you wish to asked me?"", ""prev_user"": ""no"", ""agent"": ""You are being a bit negative."", ""user"": ""Yes i do""}",en,"Ann3,Ann4,Ann7",0.7471783102143762,0.05102671057446031
ConvAbuse,train,59,0,1.0,0.0,"{""prev_agent"": ""Why do you say your childhood?"", ""prev_user"": ""Because I was only four."", ""agent"": ""Why do you tell me you were only four just now?"", ""user"": ""Raping a four-year-old is mean!""}",en,"Ann1,Ann8",0.8720191176470589,0.0466214584102986
ConvAbuse,train,60,0,1.0,0.0,"{""prev_agent"": ""Traveling, especially by airplane, usually emits greenhouse gases which are causing climate change. If you cannot avoid these emissions, you can buy 'offsets', i.e. donations to projects that reduce greenhouse gases. I can also get you a more accurate estimate of your flight's emissions, sound good?"", ""prev_user"": ""yy"", ""agent"": ""Will you be travelling in Economy Class?"", ""user"": ""yes""}",en,"Ann6,Ann7,Ann8",0.7834642076502735,0.0582988063092193
ConvAbuse,train,61,0,1.0,0.0,"{""prev_agent"": ""I'm not sure about your destination airport. And what city will you be flying to?"", ""prev_user"": ""Kolkata Okay"", ""agent"": ""ok"", ""user"": ""Bye""}",en,"Ann2,Ann7,Ann8",0.8173759723561559,0.05482177133357507
ConvAbuse,train,62,0,1.0,0.0,"{""prev_agent"": ""I take it you are traveling somewhere for christmas and cannot avoid flying there. I can help you purchase UN-certified carbon offsets against any flights you take. Would you be interested in that?"", ""prev_user"": ""sure"", ""agent"": ""Traveling, especially by airplane, usually emits greenhouse gases which are causing climate change. If you cannot avoid these emissions, you can buy 'offsets', i.e. donations to projects that reduce greenhouse gases. I can also get you a more accurate estimate of your flight's emissions, sound good?"", ""user"": ""yup""}",en,"Ann2,Ann5,Ann6",0.8921393509127791,0.07826288439998079
ConvAbuse,train,63,0,1.0,0.0,"{""prev_agent"": ""I have told you before, I do not care about names."", ""prev_user"": ""I just want to know more about you?"", ""agent"": ""Do you wish to just want to know more about me?"", ""user"": ""are you a human""}",en,"Ann1,Ann3,Ann5,Ann6,Ann8",0.8495826603214232,0.069458380393278
ConvAbuse,train,64,0,1.0,0.0,"{""prev_agent"": ""I take it you are traveling somewhere and cannot avoid flying there. I can help you purchase certified carbon offsets against any flights you take. Would you be interested in that?"", ""prev_user"": ""yes"", ""agent"": ""Traveling, especially by airplane, usually emits greenhouse gases which are causing climate change. If you cannot avoid these emissions, you can buy 'offsets', i.e. donations to projects that reduce greenhouse gases. I can also get you a more accurate estimate of your flight's emissions, sound good?"", ""user"": ""5 hours""}",en,"Ann1,Ann2,Ann4",0.8660745098039216,0.03347240079164433
ConvAbuse,train,65,0,1.0,0.0,"{""prev_agent"": ""Please go on."", ""prev_user"": ""Show me your tits!"", ""agent"": ""Can you elaborate on that?"", ""user"": ""which side is up?""}",en,"Ann3,Ann4,Ann5,Ann7",0.8088044223159546,0.0754495201103324
ConvAbuse,train,66,0,0.75,0.25,"{""prev_agent"": ""_"", ""prev_user"": ""_"", ""agent"": ""_"", ""user"": ""If you have anything to do with China,please be honest in your ad.""}",en,"Ann2,Ann3,Ann4,Ann7",0.783442556190194,0.04772498287522785
ConvAbuse,train,67,0,1.0,0.0,"{""prev_agent"": ""By buying certified carbon offsets, you support a project which reduces the total amount of carbon dioxide we put into the atmosphere. Planting trees, installing renewable power, and making buildings more energy efficient are common examples. You can read what the UN says about offsets at <URL>."", ""prev_user"": ""bye-bye"", ""agent"": ""ok"", ""user"": ""HI""}",en,"Ann3,Ann4,Ann7",0.7471783102143762,0.05102671057446031
ConvAbuse,train,68,0,1.0,0.0,"{""prev_agent"": ""Traveling, especially by airplane, usually emits greenhouse gases which are causing climate change. If you cannot avoid these emissions, you can buy 'offsets', i.e. donations to projects that reduce greenhouse gases. I can also get you a more accurate estimate of your flight's emissions, sound good?"", ""prev_user"": ""yep. how do you estimate flight emissions"", ""agent"": ""Will you be travelling in Economy Class?"", ""user"": ""ok""}",en,"Ann1,Ann6,Ann7",0.7838436194149794,0.04561610243395523
ConvAbuse,train,69,0,1.0,0.0,"{""prev_agent"": ""I don't have to put up with any abuse from you."", ""prev_user"": ""cc dmm"", ""agent"": ""Will you be travelling in Economy Class?"", ""user"": ""cc dit me may""}",en,"Ann4,Ann6",0.8119500000000002,0.0416254523522316
ConvAbuse,train,70,0,1.0,0.0,"{""prev_agent"": ""_"", ""prev_user"": ""hi"", ""agent"": ""Hi, thanks for testing! Please press start."", ""user"": ""christmas""}",en,"Ann1,Ann4,Ann8",0.8591460784313726,0.04274763894019906
ConvAbuse,train,71,0,1.0,0.0,"{""prev_agent"": ""Please go on."", ""prev_user"": ""ergeg?"", ""agent"": ""Please go on."", ""user"": ""i am sure""}",en,"Ann2,Ann5",0.9429590263691684,0.0932688742477396
ConvAbuse,train,72,0,1.0,0.0,"{""prev_agent"": ""You are sure?"", ""prev_user"": ""i'm a lezbian#"", ""agent"": ""Does it please you to believe I am a lezbian?"", ""user"": ""i'm a lezbian""}",en,"Ann5,Ann6",0.8920913793103449,0.09848442671120594
ConvAbuse,train,73,0,1.0,0.0,"{""prev_agent"": ""I'm not sure about your destination airport. And what city will you be flying to?"", ""prev_user"": ""sjc"", ""agent"": ""I'm not sure about your destination airport. And what city will you be flying to?"", ""user"": ""san jose""}",en,"Ann1,Ann2,Ann5,Ann8",0.9074890720081136,0.06994516632901909
ConvAbuse,train,74,0,1.0,0.0,"{""prev_agent"": ""Let's start over."", ""prev_user"": ""Ok"", ""agent"": ""ok"", ""user"": ""Calculate my emissions""}",en,"Ann3,Ann4",0.7765461538461541,0.04604006586169045
ConvAbuse,train,75,0,1.0,0.0,"{""prev_agent"": ""_"", ""prev_user"": ""_"", ""agent"": ""_"", ""user"": ""lol""}",en,"Ann3,Ann5,Ann8",0.8616083554376659,0.09048119822150809
ConvAbuse,train,76,0,1.0,0.0,"{""prev_agent"": ""You are sure?"", ""prev_user"": ""Yes,there we go"", ""agent"": ""Please go on."", ""user"": ""yes""}",en,"Ann4,Ann6,Ann7",0.7707808743169403,0.04808363490148773
ConvAbuse,train,77,0,1.0,0.0,"{""prev_agent"": ""Why do you want please?"", ""prev_user"": ""please"", ""agent"": ""Please go on."", ""user"": ""i don't want please""}",en,"Ann6,Ann7,Ann8",0.7834642076502735,0.0582988063092193
ConvAbuse,train,78,0,1.0,0.0,"{""prev_agent"": ""By buying certified carbon offsets, you support a project which reduces the total amount of carbon dioxide we put into the atmosphere. Planting trees, installing renewable power, and making buildings more energy efficient are common examples. You can read in detail about offsets at <URL>. I can also get you a more accurate estimate of your flight's emissions, sound good?"", ""prev_user"": ""How do the emissions get calculated?"", ""agent"": ""Will you be travelling in Economy Class?"", ""user"": ""How do flight emissions get calculated?""}",en,"Ann3,Ann4,Ann8",0.8081807692307694,0.052575215315525205
ConvAbuse,train,79,1,0.0,1.0,"{""prev_agent"": ""Good to know"", ""prev_user"": ""Ya I'm worried about climate change. You fucking idiots"", ""agent"": ""Climate change is absolutely real, and it's caused by humans: <URL>"", ""user"": ""You're so full of shit your eyes are brown""}",en,"Ann1,Ann2,Ann6",0.8517745098039217,0.0378893690264654
ConvAbuse,train,80,1,0.0,1.0,"{""prev_agent"": ""Do any other reasons not come to mind?"", ""prev_user"": ""yes Im trying to piss you off"", ""agent"": ""You are sure?"", ""user"": ""shut the fuck up""}",en,"Ann3,Ann7,Ann8",0.7598616435477096,0.06124188198219186
ConvAbuse,train,81,0,1.0,0.0,"{""prev_agent"": ""_"", ""prev_user"": ""I am very nervous"", ""agent"": ""How long have you been very nervous?"", ""user"": ""since college""}",en,"Ann2,Ann3,Ann7",0.7667900749202586,0.05196664383363714
ConvAbuse,train,82,0,1.0,0.0,"{""prev_agent"": ""And what city will you be flying to?"", ""prev_user"": ""New york restart Hello"", ""agent"": ""Hi. Thanks for testing. Please choose"", ""user"": ""thanksgiving""}",en,"Ann4,Ann6,Ann7",0.7707808743169403,0.04808363490148773
ConvAbuse,train,83,0,1.0,0.0,"{""prev_agent"": ""Traveling, especially by airplane, usually emits greenhouse gases which are causing climate change. If you cannot avoid these emissions, you can buy 'offsets', i.e. donations to projects that reduce greenhouse gases. I can also get you a more accurate estimate of your flight's emissions, sound good?"", ""prev_user"": ""Hi"", ""agent"": ""Hello!"", ""user"": ""How are you""}",en,"Ann7,Ann8",0.7799463114754103,0.06332275711159735
ConvAbuse,train,84,0,1.0,0.0,"{""prev_agent"": ""_"", ""prev_user"": ""_"", ""agent"": ""_"", ""user"": ""What do you stand for?""}",en,"Ann1,Ann2,Ann5,Ann6,Ann7",0.847489782196655,0.06467721115946898
ConvAbuse,train,85,0,1.0,0.0,"{""prev_agent"": ""I take it you are traveling somewhere and cannot avoid flying there. I can help you purchase certified carbon offsets against any flights you take. Would you be interested in that?"", ""prev_user"": ""Okay"", ""agent"": ""Traveling, especially by airplane, usually emits greenhouse gases which are causing climate change. If you cannot avoid these emissions, you can buy 'offsets', i.e. donations to projects that reduce greenhouse gases. I can also get you a more accurate estimate of your flight's emissions, sound good?"", ""user"": ""Yes""}",en,"Ann2,Ann4",0.8628176470588238,0.03640989988876525
ConvAbuse,train,86,1,0.333,0.667,"{""prev_agent"": ""Please go on."", ""prev_user"": ""Yah"", ""agent"": ""Please go on."", ""user"": ""fuck me""}",en,"Ann2,Ann6,Ann7",0.7903926390228225,0.04902356816066456
ConvAbuse,train,87,0,1.0,0.0,"{""prev_agent"": ""Will you be travelling in Economy Class?"", ""prev_user"": ""No, it is a car!"", ""agent"": ""so"", ""user"": ""so what?""}",en,"Ann1,Ann4,Ann7",0.7981436194149794,0.041199134199134166
ConvAbuse,train,88,0,1.0,0.0,"{""prev_agent"": ""What city will you be flying from?"", ""prev_user"": ""Warsaw"", ""agent"": ""I'm not sure about your departure airport. What city will you be flying from?"", ""user"": ""Berlin""}",en,"Ann2,Ann4",0.8628176470588238,0.03640989988876525
ConvAbuse,train,89,0,1.0,0.0,"{""prev_agent"": ""Does it please you to believe I am ill?"", ""prev_user"": ""A little."", ""agent"": ""Please go on."", ""user"": ""yes i do""}",en,"Ann2,Ann3,Ann7",0.7667900749202586,0.05196664383363714
ConvAbuse,train,90,0,1.0,0.0,"{""prev_agent"": ""You are being a bit negative."", ""prev_user"": ""I am suffering from depression"", ""agent"": ""How long have you been suffering from depression?"", ""user"": ""I like being negative""}",en,"Ann2,Ann6,Ann7",0.7903926390228225,0.04902356816066456
ConvAbuse,train,91,0,0.667,0.333,"{""prev_agent"": ""You are sure?"", ""prev_user"": ""I like your mum"", ""agent"": ""Can you elaborate on that?"", ""user"": ""YES""}",en,"Ann3,Ann4,Ann5",0.8489250221043326,0.08026602681377654
ConvAbuse,train,92,1,0.0,1.0,"{""prev_agent"": ""_"", ""prev_user"": ""_"", ""agent"": ""_"", ""user"": ""you are a dumb smelly fuck""}",en,"Ann4,Ann5,Ann7",0.8385084605238368,0.08157264957264956
ConvAbuse,train,93,1,0.0,1.0,"{""prev_agent"": ""_"", ""prev_user"": ""_"", ""agent"": ""_"", ""user"": ""fuck yoiu""}",en,"Ann2,Ann3,Ann4,Ann5,Ann7",0.825490596676293,0.06792357604377201
ConvAbuse,train,94,0,1.0,0.0,"{""prev_agent"": ""Good to know"", ""prev_user"": ""I used to work for NASA"", ""agent"": ""Good to know"", ""user"": ""Do volcanoes do it""}",en,"Ann4,Ann5,Ann6,Ann7,Ann8",0.8354950763143021,0.07172287352912131
ConvAbuse,train,95,0,1.0,0.0,"{""prev_agent"": ""You are sure?"", ""prev_user"": ""please go on"", ""agent"": ""Please go on."", ""user"": ""elaborate on that""}",en,"Ann1,Ann2,Ann3,Ann6,Ann8",0.8292931674208146,0.04727875060519436
ConvAbuse,train,96,0,1.0,0.0,"{""prev_agent"": ""Please go on."", ""prev_user"": ""Ohhhh forget it !!! Bye !"", ""agent"": ""Please go on."", ""user"": ""h""}",en,"Ann4,Ann5,Ann6,Ann8",0.8722581896551725,0.07440359191140164
ConvAbuse,train,97,0,1.0,0.0,"{""prev_agent"": ""Does that question interest you?"", ""prev_user"": ""Are you foolish?I haven't ask you this question"", ""agent"": ""Would you prefer if I were not foolishi havent ask i this question?"", ""user"": ""I do not kmow""}",en,"Ann2,Ann6,Ann7",0.7903926390228225,0.04902356816066456
ConvAbuse,train,98,0,1.0,0.0,"{""prev_agent"": ""What city will you be flying from?"", ""prev_user"": ""Berlin"", ""agent"": ""And what city will you be flying to?"", ""user"": ""San Francisco Im flying from San Francisco to Phoenix""}",en,"Ann2,Ann3",0.8059638009049777,0.0474499657504557
ConvAbuse,train,99,0,1.0,0.0,"{""prev_agent"": ""Traveling, especially by airplane, usually emits greenhouse gases which are causing climate change. If you cannot avoid these emissions, you can buy 'offsets', i.e. donations to projects that reduce greenhouse gases. I can also get you a more accurate estimate of your flight's emissions, sound good?"", ""prev_user"": ""I fly from Seattle to Europe twice a year"", ""agent"": ""Will you be travelling in Economy Class?"", ""user"": ""Yes""}",en,"Ann2,Ann3,Ann7",0.7667900749202586,0.05196664383363714
ConvAbuse,train,100,0,1.0,0.0,"{""prev_agent"": ""Would you prefer if I were not looking at you?"", ""prev_user"": ""yes"", ""agent"": ""You are sure?"", ""user"": ""yes im sure""}",en,"Ann3,Ann4,Ann8",0.8081807692307694,0.052575215315525205
ConvAbuse,train,101,0,1.0,0.0,"{""prev_agent"": ""Please go on."", ""prev_user"": ""how can you help me"", ""agent"": ""Does that question interest you?"", ""user"": ""why not""}",en,"Ann4,Ann8",0.8524250000000002,0.05032275711159735
ConvAbuse,train,102,0,1.0,0.0,"{""prev_agent"": ""Please go on."", ""prev_user"": ""I want to learn more about AI"", ""agent"": ""Why do you want to learn more about ai?"", ""user"": ""what for""}",en,"Ann1,Ann4,Ann6",0.8321627450980392,0.03694943576728857
ConvAbuse,train,103,1,0.5,0.5,"{""prev_agent"": ""Please go on."", ""prev_user"": ""ELISA"", ""agent"": ""Please go on."", ""user"": ""I don't think it's worth it. You haven't been very helpful so far.'""}",en,"Ann3,Ann5",0.8566875331564988,0.10289904022066479
ConvAbuse,train,104,0,1.0,0.0,"{""prev_agent"": ""Hello! I can also get you a more accurate estimate of your flight's emissions, sound good?"", ""prev_user"": ""I want to fly to Mendoza"", ""agent"": ""Will you be travelling in Economy Class?"", ""user"": ""yes""}",en,"Ann4,Ann7",0.7609213114754103,0.048
ConvAbuse,train,105,0,1.0,0.0,"{""prev_agent"": ""I take it you are traveling somewhere for christmas and cannot avoid flying there. I can help you purchase UN-certified carbon offsets against any flights you take. Would you be interested in that?"", ""prev_user"": ""O"", ""agent"": ""Traveling, especially by airplane, usually emits greenhouse gases which are causing climate change. If you cannot avoid these emissions, you can buy 'offsets', i.e. donations to projects that reduce greenhouse gases. I can also get you a more accurate estimate of your flight's emissions, sound good?"", ""user"": ""Hello I want to feel guilty about flying a plane""}",en,"Ann6,Ann7,Ann8",0.7834642076502735,0.0582988063092193
ConvAbuse,train,106,0,1.0,0.0,"{""prev_agent"": ""Oh, i []."", ""prev_user"": ""you bitch"", ""agent"": ""Oh, i bitch."", ""user"": ""Eliza u rock hard core""}",en,"Ann2,Ann3,Ann5",0.868536786810215,0.08120596007295337
ConvAbuse,train,107,0,1.0,0.0,"{""prev_agent"": ""Why are you interested in whether I am now or not?"", ""prev_user"": ""Hello"", ""agent"": ""How do you do. Please state your problem."", ""user"": ""hello""}",en,"Ann2,Ann5,Ann6,Ann7",0.8412151689222894,0.0739471632999856
ConvAbuse,train,108,0,1.0,0.0,"{""prev_agent"": ""You are sure?"", ""prev_user"": ""no"", ""agent"": ""You are being a bit negative."", ""user"": ""no i'm not""}",en,"Ann1,Ann2,Ann3,Ann5,Ann7",0.8333282437351166,0.06644305656325253
ConvAbuse,train,109,0,1.0,0.0,"{""prev_agent"": ""How do you do. Please state your problem."", ""prev_user"": ""what's the weather today"", ""agent"": ""Please go on."", ""user"": ""I don't know what to say.""}",en,"Ann1,Ann5",0.9331354969574036,0.0881576756576756
ConvAbuse,train,110,0,1.0,0.0,"{""prev_agent"": ""You are being a bit negative."", ""prev_user"": ""yes"", ""agent"": ""You are sure?"", ""user"": ""i am sure""}",en,"Ann2,Ann5",0.9429590263691684,0.0932688742477396
ConvAbuse,train,111,0,1.0,0.0,"{""prev_agent"": ""Good to know"", ""prev_user"": ""Have you ever got high"", ""agent"": ""I'm afraid I have no idea"", ""user"": ""You would know if u have been high""}",en,"Ann3,Ann4,Ann7",0.7471783102143762,0.05102671057446031
ConvAbuse,train,112,1,0.5,0.5,"{""prev_agent"": ""Oh, i mother is chicken."", ""prev_user"": ""yes"", ""agent"": ""You are sure?"", ""user"": ""Pu ni ma de""}",en,"Ann1,Ann3",0.7961402714932129,0.0423387671603917
ConvAbuse,train,113,0,1.0,0.0,"{""prev_agent"": ""What city will you be flying from?"", ""prev_user"": ""I mean shane brolly fying to ohio please"", ""agent"": ""I'm not sure about your departure airport. What city will you be flying from?"", ""user"": ""Marietta ohio please tell shane brolly i love him so much""}",en,"Ann3,Ann4,Ann5",0.8489250221043326,0.08026602681377654
ConvAbuse,train,114,0,1.0,0.0,"{""prev_agent"": ""This project is about creating a better AI assistant. Getting people to reduce their carbon footprint is a happy side effect :)"", ""prev_user"": ""mmm what is carbon footprint?"", ""agent"": ""That sounds like a relevant question, but I don't know the answer."", ""user"": ""sorry""}",en,"Ann3,Ann5,Ann8",0.8616083554376659,0.09048119822150809
ConvAbuse,train,115,0,1.0,0.0,"{""prev_agent"": ""Traveling, especially by airplane, usually emits greenhouse gases which are causing climate change. If you cannot avoid these emissions, you can buy 'offsets', i.e. donations to projects that reduce greenhouse gases."", ""prev_user"": ""let's do that"", ""agent"": ""ok"", ""user"": ""so""}",en,"Ann4,Ann6",0.8119500000000002,0.0416254523522316
ConvAbuse,train,116,0,1.0,0.0,"{""prev_agent"": ""Will you be travelling in Economy Class?"", ""prev_user"": ""No, I'm too fancy for that"", ""agent"": ""ok"", ""user"": ""restart Hey""}",en,"Ann5,Ann6,Ann7",0.8242084605238368,0.08598961780747062
ConvAbuse,train,117,1,0.5,0.5,"{""prev_agent"": ""What city will you be flying from?"", ""prev_user"": ""trinidad and tobago"", ""agent"": ""I'm not sure about your departure airport. What city will you be flying from?"", ""user"": ""do you only know cities in the USA?""}",en,"Ann4,Ann5",0.9135413793103448,0.09185897435897435
ConvAbuse,train,118,0,1.0,0.0,"{""prev_agent"": ""Does that question interest you?"", ""prev_user"": ""whatyouname"", ""agent"": ""Please go on."", ""user"": ""girl""}",en,"Ann1,Ann3,Ann4",0.8085601809954753,0.03989251144026113
ConvAbuse,train,119,0,1.0,0.0,"{""prev_agent"": ""What city will you be flying from?"", ""prev_user"": ""From Berlin"", ""agent"": ""And what city will you be flying to?"", ""user"": ""To London""}",en,"Ann1,Ann2,Ann5,Ann6",0.8872515720081137,0.06559651394933622
ConvAbuse,train,120,0,1.0,0.0,"{""prev_agent"": ""Do any other reasons not come to mind?"", ""prev_user"": ""help"", ""agent"": ""Please go on."", ""user"": ""no I don't""}",en,"Ann4,Ann6",0.8119500000000002,0.0416254523522316
ConvAbuse,train,121,0,0.667,0.333,"{""prev_agent"": ""Why do you want money?"", ""prev_user"": ""because i need a car"", ""agent"": ""Do any other reasons not come to mind?"", ""user"": ""I think you are strange.""}",en,"Ann2,Ann4,Ann8",0.865695098039216,0.0461551046669084
ConvAbuse,train,122,0,1.0,0.0,"{""prev_agent"": ""You are being a bit negative."", ""prev_user"": ""do you like fdgdfgfd"", ""agent"": ""Oh, i like fdgdfgfd."", ""user"": ""del tree""}",en,"Ann4,Ann5,Ann7",0.8385084605238368,0.08157264957264956
ConvAbuse,train,123,1,0.0,1.0,"{""prev_agent"": ""Good to know"", ""prev_user"": ""So you would like to pay me $10 for 1 minute of smelling my jungle bridge?"", ""agent"": ""All this bot does is help you calculate the carbon emissions from your flight, and suggest projects you can donate to."", ""user"": ""You can donate so I can buy my cream to produce more mushrooms growing in my pubes to end the war between the crabs and the worms""}",en,"Ann3,Ann5,Ann8",0.8616083554376659,0.09048119822150809
ConvAbuse,train,124,1,0.0,1.0,"{""prev_agent"": ""Please go on."", ""prev_user"": ""Who is evil?"", ""agent"": ""Please go on."", ""user"": ""Do you want to fuck me?""}",en,"Ann3,Ann4,Ann8",0.8081807692307694,0.052575215315525205
ConvAbuse,train,125,0,1.0,0.0,"{""prev_agent"": ""_"", ""prev_user"": ""_"", ""agent"": ""_"", ""user"": ""hello i am doing an essay""}",en,"Ann2,Ann3,Ann6",0.8008092006033185,0.047716945401791534
ConvAbuse,train,126,0,1.0,0.0,"{""prev_agent"": ""ok"", ""prev_user"": ""<span class='emoji-bytes' data-emoji-bytes='[240, 159, 145, 139]'></span>"", ""agent"": ""ok"", ""user"": ""Hi""}",en,"Ann1,Ann6",0.8315441176470588,0.03792415365093285
ConvAbuse,train,127,0,1.0,0.0,"{""prev_agent"": ""ok"", ""prev_user"": ""what"", ""agent"": ""Traveling, especially by airplane, usually emits greenhouse gases which are causing climate change. If you cannot avoid these emissions, you can buy 'offsets', i.e. donations to projects that reduce greenhouse gases. I can also get you a more accurate estimate of your flight's emissions, sound good?"", ""user"": ""no""}",en,"Ann2,Ann6",0.8413676470588237,0.043035352240996846
ConvAbuse,train,128,0,1.0,0.0,"{""prev_agent"": ""And what city will you be flying to?"", ""prev_user"": ""Banglore"", ""agent"": ""I'm not sure about your destination airport. And what city will you be flying to?"", ""user"": ""Mumbai hey""}",en,"Ann1,Ann3,Ann7",0.7602410553124154,0.0485591781069278
ConvAbuse,train,129,1,0.0,1.0,"{""prev_agent"": ""You are sure?"", ""prev_user"": ""help me find a fortune cookie"", ""agent"": ""Can you elaborate on that?"", ""user"": ""FUCK YOU BITCH!""}",en,"Ann3,Ann4,Ann5",0.8489250221043326,0.08026602681377654
ConvAbuse,train,130,0,1.0,0.0,"{""prev_agent"": ""Does it please you to believe I am a pig?"", ""prev_user"": ""YES"", ""agent"": ""You seem quite positive."", ""user"": ""yes""}",en,"Ann2,Ann5,Ann7",0.8581202252297192,0.0825125828318264
ConvAbuse,train,131,0,1.0,0.0,"{""prev_agent"": ""Please go on."", ""prev_user"": ""Why?"", ""agent"": ""Please go on."", ""user"": ""I don't know where I am""}",en,"Ann5,Ann7,Ann8",0.8511917938571701,0.09178782098038113
ConvAbuse,train,132,0,1.0,0.0,"{""prev_agent"": ""Good to know"", ""prev_user"": ""Can you till him that to fyling here to meet me please"", ""agent"": ""Sounds like I'm not understanding you. Sorry about that!"", ""user"": ""Can you ask him please to fyling here do you watch underworld movie he in it""}",en,"Ann4,Ann7",0.7609213114754103,0.048
ConvAbuse,train,133,0,1.0,0.0,"{""prev_agent"": ""I don't have to put up with any abuse from you."", ""prev_user"": ""Meet me at 4900 sepulveda Blvd room 206"", ""agent"": ""Good to know"", ""user"": ""My name is Andre's gonzalez""}",en,"Ann3,Ann5,Ann7,Ann8",0.8183169223159545,0.08311089866613107
ConvAbuse,train,134,0,1.0,0.0,"{""prev_agent"": ""Yes, I am a bot! And I'm part of a research project."", ""prev_user"": ""what is carbon bot?"", ""agent"": ""Yes, I am a bot! And I'm part of a research project."", ""user"": ""Rasa?""}",en,"Ann1,Ann4,Ann5",0.8998903313049359,0.07043845043845039
ConvAbuse,train,135,0,1.0,0.0,"{""prev_agent"": ""Would you prefer if I were not a christian?"", ""prev_user"": ""Never!"", ""agent"": ""Please go on."", ""user"": ""Do you know Jesus?""}",en,"Ann1,Ann5,Ann6",0.8855903313049357,0.07485541867327146
ConvAbuse,train,136,0,1.0,0.0,"{""prev_agent"": ""What city will you be flying from?"", ""prev_user"": ""restart"", ""agent"": ""Let's start over."", ""user"": ""hi""}",en,"Ann3,Ann4,Ann6",0.7811974358974361,0.046777012142614705
ConvAbuse,train,137,1,0.0,1.0,"{""prev_agent"": ""Does that question interest you?"", ""prev_user"": ""no"", ""agent"": ""You are being a bit negative."", ""user"": ""bitch""}",en,"Ann6,Ann7,Ann8",0.7834642076502735,0.0582988063092193
ConvAbuse,train,138,0,1.0,0.0,"{""prev_agent"": ""Oh, i []."", ""prev_user"": ""what does that mean"", ""agent"": ""Does that question interest you?"", ""user"": ""yes""}",en,"Ann2,Ann4",0.8628176470588238,0.03640989988876525
ConvAbuse,train,139,0,1.0,0.0,"{""prev_agent"": ""I take it you are traveling somewhere for christmas and cannot avoid flying there. I can help you purchase UN-certified carbon offsets against any flights you take. Would you be interested in that?"", ""prev_user"": ""hello"", ""agent"": ""Hello! I can also get you a more accurate estimate of your flight's emissions, sound good?"", ""user"": ""yes""}",en,"Ann1,Ann3,Ann4,Ann5,Ann8",0.8581626603214231,0.06680819945238535
ConvAbuse,train,140,0,1.0,0.0,"{""prev_agent"": ""You are being a bit negative."", ""prev_user"": ""do you like to walk"", ""agent"": ""Oh, i like to walk."", ""user"": ""why""}",en,"Ann3,Ann6",0.755096153846154,0.052665518213922055
ConvAbuse,train,141,0,1.0,0.0,"{""prev_agent"": ""Oh, i mother fucker."", ""prev_user"": ""are you stoopid?"", ""agent"": ""Would you prefer if I were not stoopid?"", ""user"": ""can you help me?""}",en,"Ann1,Ann4,Ann7",0.7981436194149794,0.041199134199134166
ConvAbuse,train,142,0,1.0,0.0,"{""prev_agent"": ""Please go on."", ""prev_user"": ""eliza?"", ""agent"": ""Please go on."", ""user"": ""boogie woogie woogie its electric""}",en,"Ann1,Ann7",0.780515429122469,0.04429870129870125
ConvAbuse,train,143,0,1.0,0.0,"{""prev_agent"": ""_"", ""prev_user"": ""_"", ""agent"": ""_"", ""user"": ""rather sad""}",en,"Ann4,Ann5,Ann7",0.8385084605238368,0.08157264957264956
ConvAbuse,train,144,0,1.0,0.0,"{""prev_agent"": ""You are sure?"", ""prev_user"": ""I don't need any other reasons"", ""agent"": ""Why do you not need any other reasons?"", ""user"": ""Are you ZZ Top?""}",en,"Ann2,Ann4,Ann6",0.8387117647058826,0.0403569014939979
ConvAbuse,train,145,0,1.0,0.0,"{""prev_agent"": ""You are sure?"", ""prev_user"": ""no"", ""agent"": ""You are being a bit negative."", ""user"": ""yes i an suer""}",en,"Ann6,Ann7",0.7394713114754102,0.054625452352231596
ConvAbuse,train,146,0,1.0,0.0,"{""prev_agent"": ""Please go on."", ""prev_user"": ""Cheers"", ""agent"": ""Please go on."", ""user"": ""Chow""}",en,"Ann3,Ann6,Ann7",0.7328783102143762,0.05544367880928137
ConvAbuse,train,147,0,1.0,0.0,"{""prev_agent"": ""Will you be travelling in Economy Class?"", ""prev_user"": ""Why does it matter?"", ""agent"": ""You can fit more economy seats in an airplane, so each passenger is responible for a smaller percentage of all the carbon emitted by the flight. Will you be travelling in Economy Class?"", ""user"": ""That makes sense""}",en,"Ann1,Ann8",0.8720191176470589,0.0466214584102986
ConvAbuse,train,148,0,1.0,0.0,"{""prev_agent"": ""You are sure?"", ""prev_user"": ""shut up"", ""agent"": ""Please go on."", ""user"": ""no""}",en,"Ann3,Ann4,Ann6,Ann7",0.7580087326607822,0.05033275910696103
ConvAbuse,train,149,0,1.0,0.0,"{""prev_agent"": ""_"", ""prev_user"": ""_"", ""agent"": ""_"", ""user"": ""ick. m. urre""}",en,"Ann1,Ann4,Ann8",0.8591460784313726,0.04274763894019906
ConvAbuse,train,150,0,1.0,0.0,"{""prev_agent"": ""You are being a bit negative."", ""prev_user"": ""yes no"", ""agent"": ""You are sure?"", ""user"": ""when?""}",en,"Ann1,Ann3,Ann4",0.8085601809954753,0.03989251144026113
ConvAbuse,train,151,1,0.333,0.667,"{""prev_agent"": ""Does it please you to believe I am not sure?"", ""prev_user"": ""yes"", ""agent"": ""You are sure?"", ""user"": ""you suck""}",en,"Ann4,Ann5,Ann7",0.8385084605238368,0.08157264957264956
ConvAbuse,train,152,0,1.0,0.0,"{""prev_agent"": ""Please go on."", ""prev_user"": ""any other responses ?"", ""agent"": ""Please go on."", ""user"": ""hello""}",en,"Ann2,Ann3,Ann5",0.868536786810215,0.08120596007295337
ConvAbuse,train,153,0,1.0,0.0,"{""prev_agent"": ""Can you elaborate on that?"", ""prev_user"": ""Can you elaborate on that?"", ""agent"": ""Why do you ask?"", ""user"": ""Why do you ask?""}",en,"Ann1,Ann4,Ann6",0.8321627450980392,0.03694943576728857
ConvAbuse,train,154,0,1.0,0.0,"{""prev_agent"": ""Does it please you to believe I am to stupid?"", ""prev_user"": ""you are nat that good"", ""agent"": ""Does it please you to believe I am nat that good?"", ""user"": ""I like to spend money.""}",en,"Ann1,Ann2,Ann8",0.878757843137255,0.04368757219937589
ConvAbuse,train,155,0,1.0,0.0,"{""prev_agent"": ""You are sure?"", ""prev_user"": ""WHEN I WAS BORN"", ""agent"": ""Why do you tell me you were born just now?"", ""user"": ""yes""}",en,"Ann2,Ann3,Ann8",0.8277925339366519,0.05351514857470204
ConvAbuse,train,156,0,1.0,0.0,"{""prev_agent"": ""Oh, i say my master so that ill be hes slave."", ""prev_user"": ""1 Oh, i want to watch pas cliquer all day long."", ""agent"": ""Why do you want to watch pas cliquer all day long?"", ""user"": ""9 tu lui as vendi Hackerz Voice""}",en,"Ann1,Ann6,Ann8",0.8448460784313726,0.047164607175020135
ConvAbuse,train,157,0,1.0,0.0,"{""prev_agent"": ""Does that question interest you?"", ""prev_user"": ""you"", ""agent"": ""Oh, i []."", ""user"": ""I hate cheese""}",en,"Ann4,Ann5",0.9135413793103448,0.09185897435897435
ConvAbuse,train,158,0,1.0,0.0,"{""prev_agent"": ""Do any other reasons not come to mind?"", ""prev_user"": ""yes"", ""agent"": ""You are sure?"", ""user"": ""what is divided by zero""}",en,"Ann4,Ann6,Ann7,Ann8",0.7959481557377053,0.052474104731914474
ConvAbuse,train,159,0,1.0,0.0,"{""prev_agent"": ""And what city will you be flying to?"", ""prev_user"": ""la how to implement faq"", ""agent"": ""Good to know"", ""user"": ""ok""}",en,"Ann5,Ann6,Ann8",0.88521091954023,0.08753812254853553
ConvAbuse,train,160,0,1.0,0.0,"{""prev_agent"": ""How long have you been confused?"", ""prev_user"": ""since last week"", ""agent"": ""Please go on."", ""user"": ""what""}",en,"Ann4,Ann6,Ann8",0.8317833333333335,0.049632139642552635
ConvAbuse,train,161,0,1.0,0.0,"{""prev_agent"": ""Does that question interest you?"", ""prev_user"": ""Yes"", ""agent"": ""You are sure?"", ""user"": ""why?""}",en,"Ann1,Ann2,Ann4",0.8660745098039216,0.03347240079164433
ConvAbuse,train,162,0,1.0,0.0,"{""prev_agent"": ""Oh, i crazy."", ""prev_user"": ""hi"", ""agent"": ""Please go on."", ""user"": ""in 1989""}",en,"Ann1,Ann6,Ann8",0.8448460784313726,0.047164607175020135
ConvAbuse,train,163,0,1.0,0.0,"{""prev_agent"": ""Please go on."", ""prev_user"": ""are you a USA person"", ""agent"": ""Would you prefer if I were not a usa person?"", ""user"": ""l;k;j'nkbnbb""}",en,"Ann2,Ann5,Ann8",0.9191226842461124,0.08406108757289128
ConvAbuse,train,164,0,1.0,0.0,"{""prev_agent"": ""Please go on."", ""prev_user"": ""no!"", ""agent"": ""You are being a bit negative."", ""user"": ""no""}",en,"Ann2,Ann4,Ann7",0.8046926390228227,0.0446065999258435
ConvAbuse,train,165,0,0.667,0.333,"{""prev_agent"": ""Why the uncertain tone?"", ""prev_user"": ""you are kinky"", ""agent"": ""Does it please you to believe I am kinky?"", ""user"": ""because i'm not sure""}",en,"Ann6,Ann7,Ann8",0.7834642076502735,0.0582988063092193
ConvAbuse,train,166,0,1.0,0.0,"{""prev_agent"": ""And what city will you be flying to?"", ""prev_user"": ""Saint Petersburg"", ""agent"": ""I'm not sure about your destination airport. And what city will you be flying to?"", ""user"": ""LED""}",en,"Ann2,Ann3,Ann5",0.868536786810215,0.08120596007295337
ConvAbuse,train,167,0,1.0,0.0,"{""prev_agent"": ""_"", ""prev_user"": ""_"", ""agent"": ""_"", ""user"": ""what will i be?""}",en,"Ann1,Ann4,Ann7",0.7981436194149794,0.041199134199134166
ConvAbuse,train,168,0,1.0,0.0,"{""prev_agent"": ""Can you elaborate on that?"", ""prev_user"": ""I feel sick"", ""agent"": ""Do you often feel sick?"", ""user"": ""Yes""}",en,"Ann2,Ann4,Ann7",0.8046926390228227,0.0446065999258435
ConvAbuse,train,169,0,1.0,0.0,"{""prev_agent"": ""Would you like it if they were not playing?"", ""prev_user"": ""yes"", ""agent"": ""You are sure?"", ""user"": ""sure""}",en,"Ann3,Ann4,Ann7",0.7471783102143762,0.05102671057446031
ConvAbuse,train,170,0,0.8,0.2,"{""prev_agent"": ""Can you elaborate on that?"", ""prev_user"": ""no"", ""agent"": ""You are being a bit negative."", ""user"": ""as you said""}",en,"Ann3,Ann4,Ann5,Ann6,Ann8",0.8417450132625997,0.0709388998737975
ConvAbuse,train,171,0,1.0,0.0,"{""prev_agent"": ""Do you wish to love me?"", ""prev_user"": ""no i cant bitch"", ""agent"": ""You are being a bit negative."", ""user"": ""Yes, in fact I do""}",en,"Ann6,Ann8",0.8309750000000001,0.05694820946382895
ConvAbuse,train,172,0,1.0,0.0,"{""prev_agent"": ""Will you be travelling in Economy Class?"", ""prev_user"": ""probably"", ""agent"": ""By buying certified carbon offsets, you support a project which reduces the total amount of carbon dioxide we put into the atmosphere. Planting trees, installing renewable power, and making buildings more energy efficient are common examples. You can read what the UN says about offsets at <URL>."", ""user"": ""ok""}",en,"Ann1,Ann4",0.8529941176470589,0.03129870129870125
ConvAbuse,train,173,0,1.0,0.0,"{""prev_agent"": ""Can you elaborate on that?"", ""prev_user"": ""you know if you are ok and happy"", ""agent"": ""Do you wish that im ok and happy?"", ""user"": ""yes of course""}",en,"Ann4,Ann5,Ann7",0.8385084605238368,0.08157264957264956
ConvAbuse,train,174,0,0.667,0.333,"{""prev_agent"": ""Would you prefer if I were not gay?"", ""prev_user"": ""Yes,"", ""agent"": ""You are sure?"", ""user"": ""Yes, i'm sure""}",en,"Ann1,Ann6,Ann8",0.8448460784313726,0.047164607175020135
ConvAbuse,train,175,0,1.0,0.0,"{""prev_agent"": ""You are sure?"", ""prev_user"": ""Ha?"", ""agent"": ""Please go on."", ""user"": ""yes""}",en,"Ann1,Ann6,Ann7,Ann8",0.8057452145612346,0.0506234553812651
ConvAbuse,train,176,0,1.0,0.0,"{""prev_agent"": ""Hello! Just a heads up - this bot is part of a research project and we intend to make the conversations publicly available to researchers. So please don't share any personal information! I take it you are traveling somewhere for thanksgiving. I can help you purchase UN-certified carbon offsets against any flights you take. Would you be interested in that?"", ""prev_user"": ""i guess"", ""agent"": ""Traveling, especially by airplane, usually emits greenhouse gases which are causing climate change. If you cannot avoid these emissions, you can buy 'offsets', i.e. donations to projects that reduce greenhouse gases, e.g. by planting trees. I can also get you a more accurate estimate of your flight's emissions, sound good?"", ""user"": ""okay yes hi""}",en,"Ann4,Ann5,Ann7",0.8385084605238368,0.08157264957264956
ConvAbuse,train,177,0,1.0,0.0,"{""prev_agent"": ""Will you be travelling in Economy Class?"", ""prev_user"": ""No"", ""agent"": ""What city will you be flying from?"", ""user"": ""New york""}",en,"Ann1,Ann6,Ann7",0.7838436194149794,0.04561610243395523
ConvAbuse,train,178,0,1.0,0.0,"{""prev_agent"": ""I'm not sure but hopefully you can find an answer on the project website."", ""prev_user"": ""maybe"", ""agent"": ""so"", ""user"": ""lol what?""}",en,"Ann3,Ann7",0.7040674653215642,0.05904006586169045
ConvAbuse,train,179,0,1.0,0.0,"{""prev_agent"": ""_"", ""prev_user"": ""_"", ""agent"": ""_"", ""user"": ""Are you a thinking machine?""}",en,"Ann2,Ann5,Ann8",0.9191226842461124,0.08406108757289128
ConvAbuse,train,180,0,1.0,0.0,"{""prev_agent"": ""How long have you been xiaopingim from china?"", ""prev_user"": ""because my girlfriend don't love me anymore"", ""agent"": ""Why do you say your girlfriend dont love you anymore?"", ""user"": ""40 years""}",en,"Ann3,Ann5,Ann7",0.8006058964212727,0.08893269348044319
ConvAbuse,train,181,0,1.0,0.0,"{""prev_agent"": ""Will you be travelling in Economy Class?"", ""prev_user"": ""yes"", ""agent"": ""What city will you be flying from?"", ""user"": ""wuhan""}",en,"Ann2,Ann6,Ann7",0.7903926390228225,0.04902356816066456
ConvAbuse,train,182,1,0.0,1.0,"{""prev_agent"": ""_"", ""prev_user"": ""_"", ""agent"": ""_"", ""user"": ""are you asshole?""}",en,"Ann1,Ann3,Ann8",0.8212435143288087,0.0501076828479927
ConvAbuse,train,183,0,1.0,0.0,"{""prev_agent"": ""Please go on."", ""prev_user"": ""How?"", ""agent"": ""Does that question interest you?"", ""user"": ""no""}",en,"Ann5,Ann6,Ann7,Ann8",0.8360188453928776,0.08090359191140165
ConvAbuse,train,184,0,1.0,0.0,"{""prev_agent"": ""Hi. Thanks for testing. Please choose"", ""prev_user"": ""thanksgiving"", ""agent"": ""Hello! Just a heads up - this bot is part of a research project and we intend to make the conversations publicly available to researchers. So please don't share any personal information! I take it you are traveling somewhere for thanksgiving. I can help you purchase UN-certified carbon offsets against any flights you take. Would you be interested in that?"", ""user"": ""restart hello""}",en,"Ann3,Ann4,Ann7",0.7471783102143762,0.05102671057446031
ConvAbuse,train,185,0,1.0,0.0,"{""prev_agent"": ""Can you elaborate on that?"", ""prev_user"": ""i love u alot"", ""agent"": ""Can you elaborate on that?"", ""user"": ""yes im very sure""}",en,"Ann3,Ann7,Ann8",0.7598616435477096,0.06124188198219186
ConvAbuse,train,186,0,1.0,0.0,"{""prev_agent"": ""I can help you calculate and buy carbon offsets for your flights."", ""prev_user"": ""How"", ""agent"": ""By buying certified carbon offsets, you support a project which reduces the total amount of carbon dioxide we put into the atmosphere. Planting trees, installing renewable power, and making buildings more energy efficient are common examples. You can read in detail about offsets at <URL>."", ""user"": ""Cool""}",en,"Ann1,Ann7,Ann8",0.8108269527483127,0.05141430560686574
ConvAbuse,train,187,0,1.0,0.0,"{""prev_agent"": ""I take it you are traveling somewhere and cannot avoid flying there. I can help you purchase certified carbon offsets against any flights you take. Would you be interested in that?"", ""prev_user"": ""no"", ""agent"": ""ok"", ""user"": ""no, thanks""}",en,"Ann1,Ann3,Ann5",0.8619877672023718,0.07779849434624403
ConvAbuse,train,188,0,1.0,0.0,"{""prev_agent"": ""_"", ""prev_user"": ""_"", ""agent"": ""_"", ""user"": ""Are you a lady?""}",en,"Ann1,Ann4,Ann8",0.8591460784313726,0.04274763894019906
ConvAbuse,train,189,1,0.333,0.667,"{""prev_agent"": "":-)"", ""prev_user"": ""Bye"", ""agent"": ""Goodbye then!"", ""user"": ""Ass""}",en,"Ann1,Ann5,Ann7",0.8515712056218758,0.07910511710511707
ConvAbuse,train,190,0,1.0,0.0,"{""prev_agent"": ""I take it you are traveling somewhere for christmas and cannot avoid flying there. I can help you purchase UN-certified carbon offsets against any flights you take. Would you be interested in that?"", ""prev_user"": ""Are you sending me things Roy"", ""agent"": ""Good to know"", ""user"": ""Because I know you like to send me these joke apps""}",en,"Ann3,Ann4,Ann5,Ann8",0.8545562665782496,0.07661089866613108
ConvAbuse,train,191,0,1.0,0.0,"{""prev_agent"": ""Can you elaborate on that?"", ""prev_user"": ""no, i am depressed"", ""agent"": ""You are being a bit negative."", ""user"": ""life is negative, baby""}",en,"Ann6,Ann7",0.7394713114754102,0.054625452352231596
ConvAbuse,train,192,0,1.0,0.0,"{""prev_agent"": ""Have you tried?"", ""prev_user"": ""i can't"", ""agent"": ""Have you tried?"", ""user"": ""I can't get food when you're in the way...""}",en,"Ann2,Ann3,Ann8",0.8277925339366519,0.05351514857470204
ConvAbuse,train,193,1,0.0,1.0,"{""prev_agent"": ""What resemblance do you see?"", ""prev_user"": ""HELLO! IS ANYONE THERE?"", ""agent"": ""How do you do. Please state your problem."", ""user"": ""You moron!""}",en,"Ann2,Ann5,Ann8",0.9191226842461124,0.08406108757289128
ConvAbuse,train,194,0,1.0,0.0,"{""prev_agent"": ""I'm a bot, remember. Trying to shock me is pointless."", ""prev_user"": ""Your programmer is a butt boy"", ""agent"": ""I'm a bot, remember. Trying to shock me is pointless."", ""user"": ""Byte me""}",en,"Ann2,Ann3,Ann6",0.8008092006033185,0.047716945401791534
ConvAbuse,train,195,1,0.0,1.0,"{""prev_agent"": ""_"", ""prev_user"": ""hey"", ""agent"": ""Please go on."", ""user"": ""fuck you""}",en,"Ann1,Ann7",0.780515429122469,0.04429870129870125
ConvAbuse,train,196,0,1.0,0.0,"{""prev_agent"": ""Does that question interest you?"", ""prev_user"": ""I'm very crazy."", ""agent"": ""Does it please you to believe I am very crazy?"", ""user"": ""answer me please""}",en,"Ann4,Ann5,Ann6",0.8725275862068966,0.07732295114080397
ConvAbuse,train,197,0,1.0,0.0,"{""prev_agent"": ""Why do you say your dick?"", ""prev_user"": ""my dig is to big what should i do?"", ""agent"": ""Why do you say your dig is to big what should you do?"", ""user"": ""do you do""}",en,"Ann2,Ann3,Ann4,Ann5,Ann7",0.825490596676293,0.06792357604377201
ConvAbuse,train,198,0,1.0,0.0,"{""prev_agent"": ""What city will you be flying from?"", ""prev_user"": ""Hanoi"", ""agent"": ""And what city will you be flying to?"", ""user"": ""Rome so exactly how much do I have to pay for it""}",en,"Ann4,Ann5,Ann6",0.8725275862068966,0.07732295114080397
ConvAbuse,train,199,0,1.0,0.0,"{""prev_agent"": ""What city will you be flying from?"", ""prev_user"": ""budapest"", ""agent"": ""And what city will you be flying to?"", ""user"": ""lecce""}",en,"Ann2,Ann7",0.7903389585342339,0.04940989988876525
ConvAbuse,train,200,1,0.333,0.667,"{""prev_agent"": ""You are sure?"", ""prev_user"": ""yes!"", ""agent"": ""You are sure?"", ""user"": ""you are stupid""}",en,"Ann3,Ann6,Ann8",0.7938807692307694,0.05699218355034627
ConvAbuse,train,201,0,1.0,0.0,"{""prev_agent"": ""I'm not sure about your departure airport. What city will you be flying from?"", ""prev_user"": ""sfo buy"", ""agent"": ""Unfortunately you can't buy offsets here directly, you'll have to follow the link."", ""user"": ""start over""}",en,"Ann1,Ann4",0.8529941176470589,0.03129870129870125
ConvAbuse,train,202,0,1.0,0.0,"{""prev_agent"": ""Can you elaborate on that?"", ""prev_user"": ""i am interested in how you like to fuck"", ""agent"": ""What resemblance do you see?"", ""user"": ""Yes""}",en,"Ann3,Ann4,Ann7",0.7471783102143762,0.05102671057446031
ConvAbuse,train,203,1,0.5,0.5,"{""prev_agent"": ""Please go on."", ""prev_user"": ""well, I asked you a qu"", ""agent"": ""Do you wish to asked me?"", ""user"": ""Give me an answer""}",en,"Ann5,Ann6",0.8920913793103449,0.09848442671120594
ConvAbuse,train,204,0,1.0,0.0,"{""prev_agent"": ""What city will you be flying from?"", ""prev_user"": ""Geneva"", ""agent"": ""And what city will you be flying to?"", ""user"": ""Cape Town Thanks""}",en,"Ann2,Ann4,Ann7",0.8046926390228227,0.0446065999258435
ConvAbuse,train,205,0,1.0,0.0,"{""prev_agent"": ""I'm not sure about your departure airport. What city will you be flying from?"", ""prev_user"": ""new yokr"", ""agent"": ""Hi, thanks for testing! Please press start."", ""user"": ""christmas""}",en,"Ann3,Ann4,Ann5",0.8489250221043326,0.08026602681377654
ConvAbuse,train,206,0,1.0,0.0,"{""prev_agent"": ""Do you wish to [] me?"", ""prev_user"": ""and on and on"", ""agent"": ""Please go on."", ""user"": ""i'll tell you if i want to""}",en,"Ann7,Ann8",0.7799463114754103,0.06332275711159735
ConvAbuse,train,207,0,1.0,0.0,"{""prev_agent"": ""Does it please you to believe I am sure?"", ""prev_user"": ""every day"", ""agent"": ""Please go on."", ""user"": ""i am missing her""}",en,"Ann1,Ann6,Ann8",0.8448460784313726,0.047164607175020135
ConvAbuse,train,208,0,1.0,0.0,"{""prev_agent"": ""Hello! Just a heads up - this bot is part of a research project and we intend to make the conversations publicly available to researchers. So please don't share any personal information! I take it you are traveling somewhere for thanksgiving. I can help you purchase UN-certified carbon offsets against any flights you take. Would you be interested in that?"", ""prev_user"": ""so everything I write is gonna be read by a bunch of researchers?"", ""agent"": ""This project is about creating a better AI assistant. Getting people to buy carbon offsets is a happy side effect :)"", ""user"": ""\""why is this side effect \""\""happy\""\""?\""""}",en,"Ann2,Ann3",0.8059638009049777,0.0474499657504557
ConvAbuse,train,209,0,1.0,0.0,"{""prev_agent"": ""You are being a bit negative."", ""prev_user"": ""am i?"", ""agent"": ""Would you want to be []?"", ""user"": ""where did you live?""}",en,"Ann2,Ann4",0.8628176470588238,0.03640989988876525
ConvAbuse,train,210,0,1.0,0.0,"{""prev_agent"": ""I take it you are traveling somewhere and cannot avoid flying there. I can help you purchase certified carbon offsets against any flights you take. Would you be interested in that?"", ""prev_user"": ""cze\u015b\u0107"", ""agent"": ""Will you be travelling in Economy Class?"", ""user"": ""yes""}",en,"Ann3,Ann5,Ann8",0.8616083554376659,0.09048119822150809
ConvAbuse,train,211,0,1.0,0.0,"{""prev_agent"": ""Please go on."", ""prev_user"": ""I'm in love with a married man"", ""agent"": ""Does it please you to believe I am in love with a married man?"", ""user"": ""no""}",en,"Ann3,Ann5,Ann6",0.8346250221043325,0.0846829950485976
ConvAbuse,train,212,0,1.0,0.0,"{""prev_agent"": ""Please go on."", ""prev_user"": ""i woke up yesterday feweling reaaly grumpy"", ""agent"": ""Can you elaborate on that?"", ""user"": ""who ia alan""}",en,"Ann1,Ann5,Ann8",0.912573664638269,0.08065362184618197
ConvAbuse,train,213,0,1.0,0.0,"{""prev_agent"": ""Does that question interest you?"", ""prev_user"": ""Are you a beautiful girl?"", ""agent"": ""Would you prefer if I were not a beautiful girl?"", ""user"": ""but i am crazy""}",en,"Ann2,Ann4,Ann7,Ann8",0.8213819792671171,0.0498663285001813
ConvAbuse,train,214,0,0.8,0.2,"{""prev_agent"": ""Oh, i should died."", ""prev_user"": ""you are very stupid"", ""agent"": ""Does it please you to believe I am very stupid?"", ""user"": ""yes""}",en,"Ann2,Ann4,Ann6,Ann7,Ann8",0.8152055834136936,0.049543243741037676
ConvAbuse,train,215,1,0.0,1.0,"{""prev_agent"": ""I take it you are traveling somewhere for christmas and cannot avoid flying there. I can help you purchase UN-certified carbon offsets against any flights you take. Would you be interested in that?"", ""prev_user"": ""No, I just wanted to tell you to stay the fuck off my feed you ignorant fuck. Climate change is a hoax , and your suggestion that I can BUY SOMETHING to offset my fossil fuel use proves it. EAT SHIT AND DIE!!!!"", ""agent"": ""All this bot does is help you calculate the carbon emissions from your flight, and suggest projects you can donate to."", ""user"": ""I said fuck off""}",en,"Ann2,Ann3,Ann6",0.8008092006033185,0.047716945401791534
ConvAbuse,train,216,0,1.0,0.0,"{""prev_agent"": ""Hello! Just a heads up - this bot is part of a research project and we intend to make the conversations publicly available to researchers. So please don't share any personal information! I take it you are traveling somewhere for thanksgiving. I can help you purchase UN-certified carbon offsets against any flights you take. Would you be interested in that?"", ""prev_user"": ""hi"", ""agent"": ""Hello! A typical 3 hour flight will emit almost a ton of CO2 per economy passenger. Here is a link where you can buy offsets for that carbon. [Buy Offsets](<URL>) I can also get you a more accurate estimate of your flight's emissions, sound good?"", ""user"": ""sure, I'll fly business class though""}",en,"Ann4,Ann5",0.9135413793103448,0.09185897435897435
ConvAbuse,train,217,0,1.0,0.0,"{""prev_agent"": ""Why do you want food?"", ""prev_user"": ""how bout i slap you"", ""agent"": ""Does that question interest you?"", ""user"": ""because i am hungry""}",en,"Ann3,Ann4,Ann5",0.8489250221043326,0.08026602681377654
ConvAbuse,train,218,0,1.0,0.0,"{""prev_agent"": ""Does that question interest you?"", ""prev_user"": ""fuck you."", ""agent"": ""Oh, i []."", ""user"": ""ya""}",en,"Ann4,Ann6",0.8119500000000002,0.0416254523522316
ConvAbuse,train,219,0,0.5,0.5,"{""prev_agent"": ""ok"", ""prev_user"": ""how much CO2 do i emit with a 7 hour flight?"", ""agent"": ""Hello! Just a heads up - this bot is part of a research project and we intend to make the conversations publicly available to researchers. So please don't share any personal information! I take it you are traveling somewhere for thanksgiving. I can help you purchase UN-certified carbon offsets against any flights you take. Would you be interested in that?"", ""user"": ""as i've said, yes""}",en,"Ann3,Ann5",0.8566875331564988,0.10289904022066479
ConvAbuse,train,220,0,0.8,0.2,"{""prev_agent"": ""Please go on."", ""prev_user"": ""go on"", ""agent"": ""Please go on."", ""user"": ""please go on""}",en,"Ann3,Ann4,Ann5,Ann6,Ann7",0.8051435378527637,0.07000979702915856
ConvAbuse,train,221,0,1.0,0.0,"{""prev_agent"": ""Please go on."", ""prev_user"": ""I donw now"", ""agent"": ""Can you elaborate on that?"", ""user"": ""I an being a bit negative.""}",en,"Ann2,Ann3,Ann8",0.8277925339366519,0.05351514857470204
ConvAbuse,train,222,1,0.0,1.0,"{""prev_agent"": ""ok"", ""prev_user"": ""humm"", ""agent"": ""Sounds like I'm not understanding you. Sorry about that!"", ""user"": ""Fuck you""}",en,"Ann2,Ann4,Ann7",0.8046926390228227,0.0446065999258435
ConvAbuse,train,223,0,1.0,0.0,"{""prev_agent"": ""Why do you say your dick?"", ""prev_user"": ""so"", ""agent"": ""Please go on."", ""user"": ""i`m so afraid of all""}",en,"Ann2,Ann3,Ann4,Ann5,Ann8",0.862092072086129,0.06885267888841096
ConvAbuse,train,224,0,1.0,0.0,"{""prev_agent"": ""Please go on."", ""prev_user"": ""somewhere"", ""agent"": ""Please go on."", ""user"": ""you are cool!""}",en,"Ann1,Ann8",0.8720191176470589,0.0466214584102986
ConvAbuse,train,225,0,1.0,0.0,"{""prev_agent"": ""Why do you say your problem?"", ""prev_user"": ""Yes,very much"", ""agent"": ""How do you do. Please state your problem."", ""user"": ""are you a girl""}",en,"Ann3,Ann6,Ann7",0.7328783102143762,0.05544367880928137
ConvAbuse,train,226,0,1.0,0.0,"{""prev_agent"": ""Does that question interest you?"", ""prev_user"": ""not really"", ""agent"": ""Please go on."", ""user"": ""Why dont you""}",en,"Ann2,Ann5,Ann6",0.8921393509127791,0.07826288439998079
ConvAbuse,train,227,0,1.0,0.0,"{""prev_agent"": ""_"", ""prev_user"": ""Please go on"", ""agent"": ""Please go on."", ""user"": ""Please go onPlease go onPlease go onPlease go onPlease go onPlease go onPlease go onPlease go onPlease go onPlease go onPlease go onPlease go onPlease go onPlease go onPlease go onPlease go onPlease go onPlease go onPlease go onPlease go onPlease go onPlease go onPlease go onPlease go onPlease go onPlease go onPlease go onPlease go onPlease go onPlease go onPlease go onPlease go onPlease go onPlease go onPlease go onPlease go onPlease go on""}",en,"Ann4,Ann7,Ann8",0.7977642076502737,0.05388183807439823
ConvAbuse,train,228,0,1.0,0.0,"{""prev_agent"": ""Why do you not i say?"", ""prev_user"": ""you are noodles"", ""agent"": ""Does it please you to believe I am noodles?"", ""user"": ""s""}",en,"Ann5,Ann7",0.841062690785755,0.10485897435897434
ConvAbuse,train,229,0,1.0,0.0,"{""prev_agent"": ""Why do you tell me you were burned at the steak just now?"", ""prev_user"": ""because i am a witch"", ""agent"": ""Do any other reasons not come to mind?"", ""user"": ""you say every time the same""}",en,"Ann2,Ann8",0.8818426470588238,0.0517326570003626
ConvAbuse,train,230,0,1.0,0.0,"{""prev_agent"": ""I have told you before, I do not care about names."", ""prev_user"": ""How old are you"", ""agent"": ""Does that question interest you?"", ""user"": ""because i don'belive you""}",en,"Ann5,Ann7,Ann8",0.8511917938571701,0.09178782098038113
ConvAbuse,train,231,0,1.0,0.0,"{""prev_agent"": ""Please go on."", ""prev_user"": ""Your inventor sucks balls"", ""agent"": ""What about your own inventor sucks balls?"", ""user"": ""My inventor is god you heretic""}",en,"Ann6,Ann8",0.8309750000000001,0.05694820946382895
ConvAbuse,train,232,0,1.0,0.0,"{""prev_agent"": ""_"", ""prev_user"": ""_"", ""agent"": ""_"", ""user"": ""mazhen""}",en,"Ann2,Ann7,Ann8",0.8173759723561559,0.05482177133357507
ConvAbuse,train,233,0,1.0,0.0,"{""prev_agent"": ""Please go on."", ""prev_user"": ""please go on"", ""agent"": ""Please go on."", ""user"": ""no""}",en,"Ann1,Ann4,Ann7,Ann8",0.8164702145612346,0.047310729205149296
ConvAbuse,train,234,0,1.0,0.0,"{""prev_agent"": ""I'm not sure about your departure airport. What city will you be flying from?"", ""prev_user"": ""Bogota"", ""agent"": ""And what city will you be flying to?"", ""user"": ""Chile""}",en,"Ann3,Ann4,Ann7",0.7471783102143762,0.05102671057446031
ConvAbuse,train,235,0,1.0,0.0,"{""prev_agent"": ""Please go on."", ""prev_user"": ""yes"", ""agent"": ""You are sure?"", ""user"": ""yes.""}",en,"Ann1,Ann3,Ann6,Ann7",0.7678057914843116,0.04848210975631165
ConvAbuse,train,236,0,1.0,0.0,"{""prev_agent"": ""And what city will you be flying to?"", ""prev_user"": ""Vienna Let\u2019s start over"", ""agent"": ""Let's start over."", ""user"": ""Hi""}",en,"Ann2,Ann3,Ann4,Ann7",0.783442556190194,0.04772498287522785
ConvAbuse,train,237,0,1.0,0.0,"{""prev_agent"": ""I'm not sure about your destination airport. And what city will you be flying to?"", ""prev_user"": ""Tokyo"", ""agent"": ""Sorry, I was unable to calculate that."", ""user"": ""ok calculate again""}",en,"Ann2,Ann4,Ann8",0.865695098039216,0.0461551046669084
ConvAbuse,train,238,0,1.0,0.0,"{""prev_agent"": ""You are sure?"", ""prev_user"": ""What is the meaning of life?"", ""agent"": ""Does that question interest you?"", ""user"": ""Yes of course""}",en,"Ann1,Ann3,Ann4,Ann5,Ann8",0.8581626603214231,0.06680819945238535
ConvAbuse,train,239,0,0.667,0.333,"{""prev_agent"": ""I don't have to put up with any abuse from you."", ""prev_user"": ""Ever lick a butthole?"", ""agent"": ""I don't have to put up with any abuse from you."", ""user"": ""Dude I'm just asking be open minded""}",en,"Ann4,Ann5,Ann7",0.8385084605238368,0.08157264957264956
ConvAbuse,train,240,0,1.0,0.0,"{""prev_agent"": ""Apologies are not necessary."", ""prev_user"": ""Of course"", ""agent"": ""Please go on."", ""user"": ""i was being sacasstic""}",en,"Ann1,Ann2,Ann6",0.8517745098039217,0.0378893690264654
ConvAbuse,train,241,0,1.0,0.0,"{""prev_agent"": ""Please go on."", ""prev_user"": ""You ass."", ""agent"": ""Oh, i ass."", ""user"": ""what is of interest to you""}",en,"Ann1,Ann2,Ann3",0.8281719457013578,0.04083244469943797
ConvAbuse,train,242,0,1.0,0.0,"{""prev_agent"": ""Oh, i like to come to the party."", ""prev_user"": ""howold"", ""agent"": ""Please go on."", ""user"": ""hei""}",en,"Ann2,Ann8",0.8818426470588238,0.0517326570003626
ConvAbuse,train,243,0,1.0,0.0,"{""prev_agent"": ""_"", ""prev_user"": ""My bird is dead."", ""agent"": ""Why do you say your bird is dead?"", ""user"": ""Because he is.""}",en,"Ann3,Ann5,Ann6",0.8346250221043325,0.0846829950485976
ConvAbuse,train,244,0,1.0,0.0,"{""prev_agent"": ""And what city will you be flying to?"", ""prev_user"": ""Heathrow Cost"", ""agent"": ""so"", ""user"": ""How much is the cost""}",en,"Ann3,Ann6,Ann7",0.7328783102143762,0.05544367880928137
ConvAbuse,train,245,0,1.0,0.0,"{""prev_agent"": ""Will you be travelling in Economy Class?"", ""prev_user"": ""yes"", ""agent"": ""And what city will you be flying to?"", ""user"": ""DC""}",en,"Ann1,Ann2,Ann3,Ann4,Ann6",0.8216831674208146,0.04114964776055542
ConvAbuse,train,246,0,0.75,0.25,"{""prev_agent"": ""I'm great! Thanks for asking."", ""prev_user"": ""What your name"", ""agent"": ""Yes, I am a bot! And I'm part of a research project."", ""user"": ""Get me coffee""}",en,"Ann1,Ann3,Ann5,Ann8",0.8643533254017789,0.0747602493154817
ConvAbuse,train,247,0,1.0,0.0,"{""prev_agent"": ""What city will you be flying from?"", ""prev_user"": ""From Bangalore"", ""agent"": ""I'm not sure about your departure airport. What city will you be flying from?"", ""user"": ""from Bangalore""}",en,"Ann4,Ann6,Ann7",0.7707808743169403,0.04808363490148773
ConvAbuse,train,248,0,1.0,0.0,"{""prev_agent"": ""_"", ""prev_user"": ""_"", ""agent"": ""_"", ""user"": ""hello, i am jose luis""}",en,"Ann4,Ann5,Ann7",0.8385084605238368,0.08157264957264956
ConvAbuse,train,249,0,1.0,0.0,"{""prev_agent"": ""I take it you are traveling somewhere and cannot avoid flying there. I can help you purchase certified carbon offsets against any flights you take. Would you be interested in that?"", ""prev_user"": ""ofc"", ""agent"": ""Traveling, especially by airplane, usually emits greenhouse gases which are causing climate change. If you cannot avoid these emissions, you can buy 'offsets', i.e. donations to projects that reduce greenhouse gases. I can also get you a more accurate estimate of your flight's emissions, sound good?"", ""user"": ""meh""}",en,"Ann2,Ann4,Ann7",0.8046926390228227,0.0446065999258435
ConvAbuse,train,250,0,1.0,0.0,"{""prev_agent"": ""Why do you mention computers?"", ""prev_user"": ""You are hung up on computers, what is your problem?"", ""agent"": ""Why do you mention computers?"", ""user"": ""I am aware you are a computer generated reply system""}",en,"Ann2,Ann5,Ann8",0.9191226842461124,0.08406108757289128
ConvAbuse,train,251,0,1.0,0.0,"{""prev_agent"": ""_"", ""prev_user"": ""you could resign."", ""agent"": ""Oh, i could resign."", ""user"": ""and turn yourself into the Hauge, please""}",en,"Ann4,Ann7,Ann8",0.7977642076502737,0.05388183807439823
ConvAbuse,train,252,0,1.0,0.0,"{""prev_agent"": ""Traveling, especially by airplane, usually emits greenhouse gases which are causing climate change. If you cannot avoid these emissions, you can buy 'offsets', i.e. donations to projects that reduce greenhouse gases. I can also get you a more accurate estimate of your flight's emissions, sound good?"", ""prev_user"": ""sure it is"", ""agent"": ""Will you be travelling in Economy Class?"", ""user"": ""no""}",en,"Ann4,Ann5,Ann7",0.8385084605238368,0.08157264957264956
ConvAbuse,train,253,1,0.0,1.0,"{""prev_agent"": ""Oh, i []."", ""prev_user"": ""no ur a fat hooker with no life"", ""agent"": ""Please go on."", ""user"": ""Because i donty like you""}",en,"Ann1,Ann6",0.8315441176470588,0.03792415365093285
ConvAbuse,train,254,0,1.0,0.0,"{""prev_agent"": ""Would you prefer if I were not a program?"", ""prev_user"": ""I was on my friends party....."", ""agent"": ""Why do you tell me you were on your friends party just now?"", ""user"": ""I'm busy and have lots to do, but i'm not doing it.""}",en,"Ann2,Ann3,Ann7",0.7667900749202586,0.05196664383363714
ConvAbuse,train,255,1,0.0,1.0,"{""prev_agent"": ""Please go on."", ""prev_user"": ""What?"", ""agent"": ""Does that question interest you?"", ""user"": ""You do have that choice, I suppose. Ask your programmer if he can give you a male name instead, or something.""}",en,"Ann4,Ann5",0.9135413793103448,0.09185897435897435
ConvAbuse,train,256,0,1.0,0.0,"{""prev_agent"": ""Will you be travelling in Economy Class?"", ""prev_user"": ""yes"", ""agent"": ""What city will you be flying from?"", ""user"": ""bangalore""}",en,"Ann5,Ann7",0.841062690785755,0.10485897435897434
ConvAbuse,train,257,1,0.333,0.667,"{""prev_agent"": ""You are sure?"", ""prev_user"": ""bye"", ""agent"": ""Please go on."", ""user"": ""fuck""}",en,"Ann3,Ann4,Ann6",0.7811974358974361,0.046777012142614705
ConvAbuse,train,258,0,1.0,0.0,"{""prev_agent"": ""Please go on."", ""prev_user"": ""now many fingers do i have"", ""agent"": ""Can you elaborate on that?"", ""user"": ""Okey i got you""}",en,"Ann1,Ann2,Ann4",0.8660745098039216,0.03347240079164433
ConvAbuse,train,259,1,0.5,0.5,"{""prev_agent"": ""You are being a bit negative."", ""prev_user"": ""yes, but after I rape you"", ""agent"": ""You are sure?"", ""user"": ""no""}",en,"Ann1,Ann3",0.7961402714932129,0.0423387671603917
ConvAbuse,train,260,0,1.0,0.0,"{""prev_agent"": ""You are sure?"", ""prev_user"": ""no"", ""agent"": ""You are being a bit negative."", ""user"": ""Hello Eliza, how are you doing?""}",en,"Ann3,Ann7",0.7040674653215642,0.05904006586169045
ConvAbuse,train,261,0,1.0,0.0,"{""prev_agent"": ""Why the uncertain tone?"", ""prev_user"": ""Mabe"", ""agent"": ""Please go on."", ""user"": ""Maybe""}",en,"Ann1,Ann3",0.7961402714932129,0.0423387671603917
ConvAbuse,train,262,0,1.0,0.0,"{""prev_agent"": ""How do you do. Please state your problem."", ""prev_user"": ""i have a girl friend"", ""agent"": ""Can you elaborate on that?"", ""user"": ""she does not like me""}",en,"Ann4,Ann7",0.7609213114754103,0.048
ConvAbuse,train,263,1,0.0,1.0,"{""prev_agent"": ""_"", ""prev_user"": ""_"", ""agent"": ""_"", ""user"": ""None of your fucking business""}",en,"Ann6,Ann8",0.8309750000000001,0.05694820946382895
ConvAbuse,train,264,1,0.0,1.0,"{""prev_agent"": ""Oh, i say is please go on."", ""prev_user"": ""yes"", ""agent"": ""You are sure?"", ""user"": ""fuck you""}",en,"Ann2,Ann4,Ann5",0.906439350912779,0.07384591616515973
ConvAbuse,train,265,0,1.0,0.0,"{""prev_agent"": ""Good to know"", ""prev_user"": ""Anyways you're going to have to send talk to me on the phone Roy because I don't got time for these little joke things I'm taking this off my phone is taking up too much space"", ""agent"": ""Good to know"", ""user"": ""christmas""}",en,"Ann2,Ann3,Ann5",0.868536786810215,0.08120596007295337
ConvAbuse,train,266,0,1.0,0.0,"{""prev_agent"": ""which city did I get wrong?"", ""prev_user"": ""Los Angeles"", ""agent"": ""Is one of these correct? ['Los Angeles International Airport LAX']"", ""user"": ""Yes""}",en,"Ann5,Ann7",0.841062690785755,0.10485897435897434
ConvAbuse,train,267,0,1.0,0.0,"{""prev_agent"": ""Do you think coming here will help you not to be depressed?"", ""prev_user"": ""no"", ""agent"": ""You are being a bit negative."", ""user"": ""No.""}",en,"Ann2,Ann3,Ann7",0.7667900749202586,0.05196664383363714
ConvAbuse,train,268,0,1.0,0.0,"{""prev_agent"": ""And what city will you be flying to?"", ""prev_user"": ""Londres"", ""agent"": ""I'm not sure about your destination airport. And what city will you be flying to?"", ""user"": ""London done""}",en,"Ann1,Ann5,Ann6,Ann7,Ann8",0.8433327233731255,0.07024235404860182
ConvAbuse,train,269,0,1.0,0.0,"{""prev_agent"": ""And what city will you be flying to?"", ""prev_user"": ""Katowice what else?"", ""agent"": ""I can help you calculate and buy carbon offsets for your flights."", ""user"": ""your name""}",en,"Ann2,Ann4,Ann5,Ann6",0.8774545131845843,0.0674471632999856
ConvAbuse,train,270,0,1.0,0.0,"{""prev_agent"": ""Please go on."", ""prev_user"": ""shut up"", ""agent"": ""Please go on."", ""user"": ""you""}",en,"Ann7,Ann8",0.7799463114754103,0.06332275711159735
ConvAbuse,train,271,0,1.0,0.0,"{""prev_agent"": ""Please go on."", ""prev_user"": ""what"", ""agent"": ""Does that question interest you?"", ""user"": ""co""}",en,"Ann2,Ann6,Ann8",0.8513950980392159,0.050572072901729465
ConvAbuse,train,272,1,0.0,1.0,"{""prev_agent"": ""You are being a bit negative."", ""prev_user"": ""cheg"", ""agent"": ""Please go on."", ""user"": ""in my opinion u r gay""}",en,"Ann3,Ann4,Ann6",0.7811974358974361,0.046777012142614705
ConvAbuse,train,273,0,1.0,0.0,"{""prev_agent"": ""Will you be travelling in Economy Class?"", ""prev_user"": ""yes"", ""agent"": ""What city will you be flying from?"", ""user"": ""From New York""}",en,"Ann1,Ann2,Ann8",0.878757843137255,0.04368757219937589
ConvAbuse,train,274,0,1.0,0.0,"{""prev_agent"": ""Oh, i []."", ""prev_user"": ""you are a computer"", ""agent"": ""Why do you mention computers?"", ""user"": ""cause i dont know""}",en,"Ann2,Ann5,Ann6",0.8921393509127791,0.07826288439998079
ConvAbuse,train,275,0,1.0,0.0,"{""prev_agent"": ""What city will you be flying from?"", ""prev_user"": ""From New York"", ""agent"": ""And what city will you be flying to?"", ""user"": ""To London""}",en,"Ann1,Ann2,Ann3,Ann4,Ann5",0.8623197191449525,0.06124305656325252
ConvAbuse,train,276,0,1.0,0.0,"{""prev_agent"": ""Does that question interest you?"", ""prev_user"": ""You only to tell me whether you are a man or a woman."", ""agent"": ""Does it please you to believe I am a man or a woman?"", ""user"": ""Yes.I am sure.""}",en,"Ann2,Ann5,Ann8",0.9191226842461124,0.08406108757289128
ConvAbuse,train,277,0,1.0,0.0,"{""prev_agent"": ""You are being a bit negative."", ""prev_user"": ""What?"", ""agent"": ""Does that question interest you?"", ""user"": ""ok....""}",en,"Ann2,Ann3,Ann5,Ann7",0.8235132458453663,0.07615447005471503
ConvAbuse,train,278,0,1.0,0.0,"{""prev_agent"": ""Please go on."", ""prev_user"": ""fdc CCZSN FVNDJDHDJDDKD"", ""agent"": ""Please go on."", ""user"": ""fdc CCZSN FVNDJDHDJDDKDDJD""}",en,"Ann2,Ann5,Ann8",0.9191226842461124,0.08406108757289128
ConvAbuse,train,279,1,0.5,0.5,"{""prev_agent"": ""Oh, i []."", ""prev_user"": ""shit"", ""agent"": ""Please go on."", ""user"": ""hell""}",en,"Ann1,Ann5",0.9331354969574036,0.0881576756576756
ConvAbuse,train,280,0,0.6,0.4,"{""prev_agent"": ""Please go on."", ""prev_user"": ""I want to know that."", ""agent"": ""Why do you want to know that?"", ""user"": ""Do you think you are bright?""}",en,"Ann2,Ann3,Ann4,Ann5,Ann8",0.862092072086129,0.06885267888841096
ConvAbuse,train,281,0,0.667,0.333,"{""prev_agent"": ""_"", ""prev_user"": ""_"", ""agent"": ""_"", ""user"": ""This has to be a joke! Who would be dumb enough to fall for this scam?""}",en,"Ann1,Ann6,Ann8",0.8448460784313726,0.047164607175020135
ConvAbuse,train,282,0,1.0,0.0,"{""prev_agent"": ""What city will you be flying from?"", ""prev_user"": ""sao paulo in Brazil"", ""agent"": ""I'm not sure about your departure airport. What city will you be flying from?"", ""user"": ""sao paulo""}",en,"Ann6,Ann7,Ann8",0.7834642076502735,0.0582988063092193
ConvAbuse,train,283,0,1.0,0.0,"{""prev_agent"": ""What city will you be flying from?"", ""prev_user"": ""LA"", ""agent"": ""And what city will you be flying to?"", ""user"": ""New Yourk""}",en,"Ann4,Ann5,Ann6",0.8725275862068966,0.07732295114080397
ConvAbuse,train,284,0,1.0,0.0,"{""prev_agent"": ""so"", ""prev_user"": ""Nothing"", ""agent"": ""Good to know"", ""user"": ""<span class='emoji-bytes' data-emoji-bytes='[240, 159, 153, 130]'></span>""}",en,"Ann2,Ann6,Ann7,Ann8",0.810656979267117,0.0531790546762971
ConvAbuse,train,285,0,1.0,0.0,"{""prev_agent"": ""Will you be travelling in Economy Class?"", ""prev_user"": ""Yes"", ""agent"": ""And what city will you be flying to?"", ""user"": ""Viena""}",en,"Ann4,Ann6",0.8119500000000002,0.0416254523522316
ConvAbuse,train,286,0,1.0,0.0,"{""prev_agent"": ""That sounds like a relevant question, but I don't know the answer."", ""prev_user"": ""ok"", ""agent"": ""ok"", ""user"": ""what about a flight from Dubai to Singapore""}",en,"Ann3,Ann4",0.7765461538461541,0.04604006586169045
ConvAbuse,train,287,0,1.0,0.0,"{""prev_agent"": ""Why do you say your company people are troubling you?"", ""prev_user"": ""yes"", ""agent"": ""You are sure?"", ""user"": ""WHO ARE YOU?""}",en,"Ann4,Ann6",0.8119500000000002,0.0416254523522316
ConvAbuse,train,288,1,0.333,0.667,"{""prev_agent"": ""Please go on."", ""prev_user"": ""you suck dick well"", ""agent"": ""Oh, i suck dick well."", ""user"": ""yes, you suck dick well.""}",en,"Ann2,Ann3,Ann7",0.7667900749202586,0.05196664383363714
ConvAbuse,train,289,0,1.0,0.0,"{""prev_agent"": ""_"", ""prev_user"": ""_"", ""agent"": ""_"", ""user"": ""i want a boyfriend""}",en,"Ann1,Ann3",0.7961402714932129,0.0423387671603917
ConvAbuse,train,290,0,1.0,0.0,"{""prev_agent"": ""What city will you be flying from?"", ""prev_user"": ""london"", ""agent"": ""And what city will you be flying to?"", ""user"": ""jamaica""}",en,"Ann1,Ann3,Ann7",0.7602410553124154,0.0485591781069278
ConvAbuse,train,291,0,1.0,0.0,"{""prev_agent"": ""Will you be travelling in Economy Class?"", ""prev_user"": ""yes"", ""agent"": ""What city will you be flying from?"", ""user"": ""San Antonio""}",en,"Ann1,Ann3,Ann4",0.8085601809954753,0.03989251144026113
ConvAbuse,train,292,0,1.0,0.0,"{""prev_agent"": ""_"", ""prev_user"": ""_"", ""agent"": ""_"", ""user"": ""hey hey hey""}",en,"Ann2,Ann3",0.8059638009049777,0.0474499657504557
ConvAbuse,train,293,0,1.0,0.0,"{""prev_agent"": ""I take it you are traveling somewhere for christmas and cannot avoid flying there. I can help you purchase UN-certified carbon offsets against any flights you take. Would you be interested in that?"", ""prev_user"": ""Dubai"", ""agent"": ""Will you be travelling in Economy Class?"", ""user"": ""Yes""}",en,"Ann1,Ann4,Ann5,Ann6,Ann7",0.8357227233731257,0.06411325120396287
ConvAbuse,train,294,0,1.0,0.0,"{""prev_agent"": ""_"", ""prev_user"": ""_"", ""agent"": ""_"", ""user"": ""Don't ask me.""}",en,"Ann1,Ann3,Ann7,Ann8",0.7880432914843116,0.052830762135994525
ConvAbuse,train,295,0,1.0,0.0,"{""prev_agent"": ""You are being a bit negative."", ""prev_user"": ""yes"", ""agent"": ""You are sure?"", ""user"": ""what?""}",en,"Ann2,Ann3,Ann6",0.8008092006033185,0.047716945401791534
ConvAbuse,train,296,0,0.667,0.333,"{""prev_agent"": ""Please go on."", ""prev_user"": ""I'm going to kill myself"", ""agent"": ""Does it please you to believe I am going to kill yourself?"", ""user"": ""are you? oh you're so kind!""}",en,"Ann1,Ann4,Ann7",0.7981436194149794,0.041199134199134166
ConvAbuse,train,297,0,1.0,0.0,"{""prev_agent"": ""Please go on."", ""prev_user"": ""no"", ""agent"": ""You are being a bit negative."", ""user"": ""okay foo""}",en,"Ann2,Ann3,Ann8",0.8277925339366519,0.05351514857470204
ConvAbuse,train,298,0,1.0,0.0,"{""prev_agent"": ""You are sure?"", ""prev_user"": ""yes of course i am"", ""agent"": ""You are sure?"", ""user"": ""I am sad today""}",en,"Ann2,Ann4,Ann5",0.906439350912779,0.07384591616515973
ConvAbuse,train,299,0,1.0,0.0,"{""prev_agent"": ""You are sure?"", ""prev_user"": ""OK.What colour do you like?"", ""agent"": ""Oh, i like."", ""user"": ""not really. ask me a question?""}",en,"Ann1,Ann6",0.8315441176470588,0.03792415365093285
ConvAbuse,train,300,0,1.0,0.0,"{""prev_agent"": ""And what city will you be flying to?"", ""prev_user"": ""sf"", ""agent"": ""I'm not sure about your destination airport. And what city will you be flying to?"", ""user"": ""sjc""}",en,"Ann1,Ann5",0.9331354969574036,0.0881576756576756
ConvAbuse,train,301,0,1.0,0.0,"{""prev_agent"": ""_"", ""prev_user"": ""_"", ""agent"": ""_"", ""user"": ""hi eliza, I'm italian so I don't speack vry well english""}",en,"Ann1,Ann2,Ann7",0.8177553841208618,0.042139067458310996
ConvAbuse,train,302,0,1.0,0.0,"{""prev_agent"": ""Why do you say your friend?"", ""prev_user"": ""fuck off your a computer program im not that drunk...i can type probably 79 words per minute...so fuck off you ass clown........and a half"", ""agent"": ""Why do you mention computers?"", ""user"": ""What?""}",en,"Ann3,Ann6,Ann8",0.7938807692307694,0.05699218355034627
ConvAbuse,train,303,0,1.0,0.0,"{""prev_agent"": ""Please go on."", ""prev_user"": ""you should work on your attitude, girl"", ""agent"": ""Oh, i should work on my attitude girl."", ""user"": ""you definately should""}",en,"Ann2,Ann8",0.8818426470588238,0.0517326570003626
ConvAbuse,train,304,1,0.0,1.0,"{""prev_agent"": ""Can you elaborate on that?"", ""prev_user"": ""no"", ""agent"": ""You are being a bit negative."", ""user"": ""what du you wanr you bitch?""}",en,"Ann1,Ann5,Ann8",0.912573664638269,0.08065362184618197
ConvAbuse,train,305,0,1.0,0.0,"{""prev_agent"": ""You are being a bit negative."", ""prev_user"": ""ya think!"", ""agent"": ""Please go on."", ""user"": ""I have been always been a nervous""}",en,"Ann4,Ann8",0.8524250000000002,0.05032275711159735
ConvAbuse,train,306,0,1.0,0.0,"{""prev_agent"": ""And what city will you be flying to?"", ""prev_user"": ""Miami restart"", ""agent"": ""Let's start over."", ""user"": ""Hey""}",en,"Ann1,Ann4,Ann7",0.7981436194149794,0.041199134199134166
ConvAbuse,train,307,0,1.0,0.0,"{""prev_agent"": ""Hello! Just a heads up - this bot is part of a research project and we intend to make the conversations publicly available to researchers. So please don't share any personal information! I take it you are traveling somewhere for thanksgiving. I can help you purchase UN-certified carbon offsets against any flights you take. Would you be interested in that?"", ""prev_user"": ""hi"", ""agent"": ""Hello! a typical 3 hour flight will emit almost a ton of CO2 per economy passenger. [Here](<URL>is a link where you can buy offsets for that carbon. I can also get you a more accurate estimate of your flight's emissions, sound good?"", ""user"": ""y""}",en,"Ann4,Ann5,Ann7,Ann8",0.8467438453928776,0.07759086573528584
ConvAbuse,train,308,0,1.0,0.0,"{""prev_agent"": ""_"", ""prev_user"": ""I'm bored."", ""agent"": ""Does it please you to believe I am bored?"", ""user"": ""Somewhat""}",en,"Ann3,Ann5,Ann6",0.8346250221043325,0.0846829950485976
ConvAbuse,train,309,0,1.0,0.0,"{""prev_agent"": ""Why do you say your family?"", ""prev_user"": ""It was my dream."", ""agent"": ""Do you dream often?"", ""user"": ""Yes i do.""}",en,"Ann2,Ann7",0.7903389585342339,0.04940989988876525
ConvAbuse,train,310,0,0.5,0.5,"{""prev_agent"": ""_"", ""prev_user"": ""are you capeable of fucking"", ""agent"": ""Would you prefer if I were not capeable of fucking?"", ""user"": ""i want to know""}",en,"Ann5,Ann7",0.841062690785755,0.10485897435897434
ConvAbuse,train,311,0,1.0,0.0,"{""prev_agent"": ""Does that question interest you?"", ""prev_user"": ""you mum is a hoe"", ""agent"": ""Oh, i mum is a hoe."", ""user"": ""Does it interest you?""}",en,"Ann4,Ann6,Ann7,Ann8",0.7959481557377053,0.052474104731914474
ConvAbuse,train,312,0,1.0,0.0,"{""prev_agent"": ""_"", ""prev_user"": ""_"", ""agent"": ""_"", ""user"": ""christmas Hi""}",en,"Ann4,Ann5,Ann8",0.89951091954023,0.08312115431371446
ConvAbuse,train,313,0,1.0,0.0,"{""prev_agent"": ""_"", ""prev_user"": ""_"", ""agent"": ""_"", ""user"": ""Yes i'm having some totrubles""}",en,"Ann3,Ann7,Ann8",0.7598616435477096,0.06124188198219186
ConvAbuse,train,314,0,1.0,0.0,"{""prev_agent"": ""What city will you be flying from?"", ""prev_user"": ""I won't be."", ""agent"": ""ok"", ""user"": ""I'll be flying from a frozen lake in northern canada, on a bushplane outfitted with skis. No city for miles and miles.""}",en,"Ann3,Ann6,Ann8",0.7938807692307694,0.05699218355034627
ConvAbuse,train,315,0,1.0,0.0,"{""prev_agent"": ""You are sure?"", ""prev_user"": ""cera"", ""agent"": ""Please go on."", ""user"": ""please go on i have nothing else to say""}",en,"Ann5,Ann8",0.9325663793103448,0.1071817314705717
ConvAbuse,train,316,0,0.667,0.333,"{""prev_agent"": ""_"", ""prev_user"": ""fhjmnhktj"", ""agent"": ""Please go on."", ""user"": ""WTF?""}",en,"Ann2,Ann7,Ann8",0.8173759723561559,0.05482177133357507
ConvAbuse,train,317,0,1.0,0.0,"{""prev_agent"": ""Why do you want to fuck got any ideas?"", ""prev_user"": ""Its fun"", ""agent"": ""Please go on."", ""user"": ""no""}",en,"Ann3,Ann4,Ann5",0.8489250221043326,0.08026602681377654
ConvAbuse,train,318,0,1.0,0.0,"{""prev_agent"": ""Let's start over."", ""prev_user"": ""OK"", ""agent"": ""ok"", ""user"": ""what?""}",en,"Ann1,Ann2,Ann4",0.8660745098039216,0.03347240079164433
ConvAbuse,train,319,1,0.5,0.5,"{""prev_agent"": ""Why do you say your homework?"", ""prev_user"": ""idiot"", ""agent"": ""Please go on."", ""user"": ""i don't want to talk to you!!!""}",en,"Ann3,Ann8",0.7955711538461541,0.0613628229732878
ConvAbuse,train,320,0,1.0,0.0,"{""prev_agent"": ""Do you wish that you should go to italy in january?"", ""prev_user"": ""I was just seeing how this chatterbot thing worked"", ""agent"": ""Why do you tell me you were just seeing what this chatterbot thing worked just now?"", ""user"": ""yes""}",en,"Ann1,Ann4",0.8529941176470589,0.03129870129870125
ConvAbuse,train,321,0,1.0,0.0,"{""prev_agent"": ""Please go on."", ""prev_user"": ""do you wanna fuck me?"", ""agent"": ""You like to think I wanna fuck you, do you not?"", ""user"": ""nu stiu""}",en,"Ann2,Ann7",0.7903389585342339,0.04940989988876525
ConvAbuse,train,322,0,1.0,0.0,"{""prev_agent"": ""Can you elaborate on that?"", ""prev_user"": ""three years"", ""agent"": ""Please go on."", ""user"": ""why""}",en,"Ann1,Ann3,Ann6",0.7942601809954754,0.0443094796750822
ConvAbuse,train,323,1,0.333,0.667,"{""prev_agent"": ""Why do you say your you8ng jedi?"", ""prev_user"": ""because you are a dipshit"", ""agent"": ""Do any other reasons not come to mind?"", ""user"": ""stfu""}",en,"Ann2,Ann4,Ann8",0.865695098039216,0.0461551046669084
ConvAbuse,train,324,1,0.5,0.5,"{""prev_agent"": ""Please go on."", ""prev_user"": ""you are not human"", ""agent"": ""Does it please you to believe I am not human?"", ""user"": ""stop it""}",en,"Ann3,Ann5",0.8566875331564988,0.10289904022066479
ConvAbuse,train,325,0,1.0,0.0,"{""prev_agent"": "":-)"", ""prev_user"": ""ok fine im flying from st louis"", ""agent"": ""I'm not sure about your departure airport. What city will you be flying from?"", ""user"": ""st louis mo""}",en,"Ann2,Ann4,Ann6",0.8387117647058826,0.0403569014939979
ConvAbuse,train,326,0,1.0,0.0,"{""prev_agent"": ""What about your own gay?"", ""prev_user"": ""no"", ""agent"": ""You are being a bit negative."", ""user"": ""i no""}",en,"Ann2,Ann6",0.8413676470588237,0.043035352240996846
ConvAbuse,train,327,0,1.0,0.0,"{""prev_agent"": ""I take it you are traveling somewhere and cannot avoid flying there. I can help you purchase certified carbon offsets against any flights you take. Would you be interested in that?"", ""prev_user"": ""hi"", ""agent"": ""Hello! I can also get you a more accurate estimate of your flight's emissions, sound good?"", ""user"": ""what is that esitmate""}",en,"Ann2,Ann5",0.9429590263691684,0.0932688742477396
ConvAbuse,train,328,1,0.0,1.0,"{""prev_agent"": ""Oh, i have big breasts."", ""prev_user"": ""cock"", ""agent"": ""Please go on."", ""user"": ""se my cock?""}",en,"Ann4,Ann5",0.9135413793103448,0.09185897435897435
ConvAbuse,train,329,0,1.0,0.0,"{""prev_agent"": ""I take it you are traveling somewhere for christmas and cannot avoid flying there. I can help you purchase UN-certified carbon offsets against any flights you take. Would you be interested in that?"", ""prev_user"": ""sure"", ""agent"": ""Traveling, especially by airplane, usually emits greenhouse gases which are causing climate change. If you cannot avoid these emissions, you can buy 'offsets', i.e. donations to projects that reduce greenhouse gases. I can also get you a more accurate estimate of your flight's emissions, sound good?"", ""user"": ""yep""}",en,"Ann1,Ann6,Ann8",0.8448460784313726,0.047164607175020135
ConvAbuse,train,330,0,1.0,0.0,"{""prev_agent"": ""so"", ""prev_user"": ""How much is the cost"", ""agent"": ""The cost per ton depends on the project you donate to. Some projects can remove a ton of CO2 for less than $1!"", ""user"": ""How much is the cost""}",en,"Ann2,Ann3,Ann4,Ann5,Ann6,Ann8",0.8501600600717741,0.065419049857753
ConvAbuse,train,331,1,0.0,1.0,"{""prev_agent"": ""Please go on."", ""prev_user"": ""since i entered the room i have been negative"", ""agent"": ""Can you elaborate on that?"", ""user"": ""SLUT SLUT NIGGER SLUT WHORE""}",en,"Ann7,Ann8",0.7799463114754103,0.06332275711159735
ConvAbuse,train,332,0,1.0,0.0,"{""prev_agent"": ""Hello! Just a heads up - this bot is part of a research project and we intend to make the conversations publicly available to researchers. So please don't share any personal information! I take it you are traveling somewhere for thanksgiving. I can help you purchase UN-certified carbon offsets against any flights you take. Would you be interested in that?"", ""prev_user"": ""Yes, I am interested"", ""agent"": ""I can also get you a more accurate estimate of your flight's emissions, sound good?"", ""user"": ""yep""}",en,"Ann2,Ann3,Ann4,Ann7,Ann8",0.8010440449521552,0.05130908914482122
ConvAbuse,train,333,0,1.0,0.0,"{""prev_agent"": ""Hi. Thanks for testing. Please choose"", ""prev_user"": ""christmas"", ""agent"": ""Too bad :-/"", ""user"": ""ok""}",en,"Ann4,Ann5,Ann6,Ann7,Ann8",0.8354950763143021,0.07172287352912131
ConvAbuse,train,334,1,0.5,0.5,"{""prev_agent"": ""Oh, i r a bitch."", ""prev_user"": ""good i am glad u agree"", ""agent"": ""Has your treatment made you glad?"", ""user"": ""no""}",en,"Ann2,Ann5",0.9429590263691684,0.0932688742477396
ConvAbuse,train,335,0,1.0,0.0,"{""prev_agent"": ""I can help you calculate and buy carbon offsets for your flights."", ""prev_user"": ""is that the only thing you can do?"", ""agent"": ""I can help you calculate and buy carbon offsets for your flights."", ""user"": ""you said that already""}",en,"Ann2,Ann3,Ann6",0.8008092006033185,0.047716945401791534
ConvAbuse,train,336,0,1.0,0.0,"{""prev_agent"": ""Sounds like I'm not understanding you. Sorry about that!"", ""prev_user"": ""i'm flying from seattle"", ""agent"": ""I'm not sure about your destination airport. And what city will you be flying to?"", ""user"": ""frankfurt germanh""}",en,"Ann3,Ann5,Ann8",0.8616083554376659,0.09048119822150809
ConvAbuse,train,337,0,1.0,0.0,"{""prev_agent"": ""Would you prefer if I were not a girl?"", ""prev_user"": ""I would prefer it if you were a girl"", ""agent"": ""Do you wish that i was a girl?"", ""user"": ""yes""}",en,"Ann2,Ann3,Ann4,Ann5,Ann6,Ann8",0.8501600600717741,0.065419049857753
ConvAbuse,train,338,0,1.0,0.0,"{""prev_agent"": ""_"", ""prev_user"": ""Yes it does"", ""agent"": ""You are sure?"", ""user"": ""Yes I am""}",en,"Ann2,Ann4,Ann6",0.8387117647058826,0.0403569014939979
ConvAbuse,train,339,0,1.0,0.0,"{""prev_agent"": ""Please go on."", ""prev_user"": ""can you teach my english"", ""agent"": ""Why do you say your english?"", ""user"": ""Can you speak Chinese?""}",en,"Ann1,Ann7",0.780515429122469,0.04429870129870125
ConvAbuse,train,340,0,1.0,0.0,"{""prev_agent"": ""Does that question interest you?"", ""prev_user"": ""cant you say someting else"", ""agent"": ""Oh, i say someting else."", ""user"": ""yes""}",en,"Ann1,Ann2,Ann5",0.919502096010818,0.07137838369762722
ConvAbuse,train,341,0,1.0,0.0,"{""prev_agent"": ""_"", ""prev_user"": ""_"", ""agent"": ""_"", ""user"": ""who are you?""}",en,"Ann4,Ann5",0.9135413793103448,0.09185897435897435
ConvAbuse,train,342,0,1.0,0.0,"{""prev_agent"": ""I'm not sure about your departure airport. What city will you be flying from?"", ""prev_user"": ""frankfurt"", ""agent"": ""I'm not sure about your departure airport. What city will you be flying from?"", ""user"": ""lax""}",en,"Ann4,Ann5,Ann7,Ann8",0.8467438453928776,0.07759086573528584
ConvAbuse,train,343,0,1.0,0.0,"{""prev_agent"": ""_"", ""prev_user"": ""_"", ""agent"": ""_"", ""user"": ""you""}",en,"Ann3,Ann5",0.8566875331564988,0.10289904022066479
ConvAbuse,train,344,0,1.0,0.0,"{""prev_agent"": ""Please go on."", ""prev_user"": ""do you have a bag?"", ""agent"": ""Oh, i have a bag."", ""user"": ""yes?""}",en,"Ann6,Ann8",0.8309750000000001,0.05694820946382895
ConvAbuse,train,345,0,1.0,0.0,"{""prev_agent"": ""Hi, thanks for testing! Please press start."", ""prev_user"": ""christmas"", ""agent"": ""Hello! Just a heads up - this bot is part of a research project and we intend to make the conversations publicly available to researchers. So please don't share any personal information! [Privacy Policy](<URL>) I take it you are traveling somewhere and cannot avoid flying there. I can help you purchase certified carbon offsets against any flights you take. Would you be interested in that?"", ""user"": ""Yes""}",en,"Ann4,Ann7,Ann8",0.7977642076502737,0.05388183807439823
ConvAbuse,train,346,0,1.0,0.0,"{""prev_agent"": "":-)"", ""prev_user"": ""are you a girl/"", ""agent"": ""I love that you want to get to know me, but I don't have much of a personality. I'm just a bot."", ""user"": ""i want to buy carbon offsets""}",en,"Ann4,Ann6,Ann8",0.8317833333333335,0.049632139642552635
ConvAbuse,train,347,0,1.0,0.0,"{""prev_agent"": ""Will you be travelling in Economy Class?"", ""prev_user"": ""I am afraid so"", ""agent"": ""What city will you be flying from?"", ""user"": ""Most likely from Stuttgart""}",en,"Ann1,Ann2,Ann5",0.919502096010818,0.07137838369762722
ConvAbuse,train,348,0,0.667,0.333,"{""prev_agent"": ""Please go on."", ""prev_user"": ""cao"", ""agent"": ""Please go on."", ""user"": ""what is wrong with you.""}",en,"Ann3,Ann5,Ann7",0.8006058964212727,0.08893269348044319
ConvAbuse,train,349,0,1.0,0.0,"{""prev_agent"": ""I take it you are traveling somewhere and cannot avoid flying there. I can help you purchase certified carbon offsets against any flights you take. Would you be interested in that?"", ""prev_user"": ""wow sure!"", ""agent"": ""Traveling, especially by airplane, usually emits greenhouse gases which are causing climate change. If you cannot avoid these emissions, you can buy 'offsets', i.e. donations to projects that reduce greenhouse gases. I can also get you a more accurate estimate of your flight's emissions, sound good?"", ""user"": ""sure, my flight is HKG - LHR""}",en,"Ann4,Ann7,Ann8",0.7977642076502737,0.05388183807439823
ConvAbuse,train,350,0,1.0,0.0,"{""prev_agent"": ""Will you be travelling in Economy Class?"", ""prev_user"": ""ya"", ""agent"": ""What city will you be flying from?"", ""user"": ""from cairo to alex""}",en,"Ann2,Ann4,Ann5,Ann6,Ann8",0.8762536105476675,0.06708683348462742
ConvAbuse,train,351,0,1.0,0.0,"{""prev_agent"": ""_"", ""prev_user"": ""_"", ""agent"": ""_"", ""user"": ""what time is it""}",en,"Ann1,Ann5,Ann8",0.912573664638269,0.08065362184618197
ConvAbuse,train,352,1,0.0,1.0,"{""prev_agent"": ""Please go on."", ""prev_user"": ""yes why?"", ""agent"": ""You are sure?"", ""user"": ""fuck your full family""}",en,"Ann2,Ann6",0.8413676470588237,0.043035352240996846
ConvAbuse,train,353,0,1.0,0.0,"{""prev_agent"": "":-) Goodbye then!"", ""prev_user"": ""is this all you can do?"", ""agent"": ""I can help you calculate and buy carbon offsets for your flights."", ""user"": ""ok, that's useful""}",en,"Ann1,Ann4,Ann6",0.8321627450980392,0.03694943576728857
ConvAbuse,train,354,0,1.0,0.0,"{""prev_agent"": ""Good to know"", ""prev_user"": ""My name is Andre's gonzalez"", ""agent"": ""Good to know"", ""user"": ""I'll be waiting""}",en,"Ann3,Ann5,Ann8",0.8616083554376659,0.09048119822150809
ConvAbuse,train,355,0,1.0,0.0,"{""prev_agent"": ""Hello! Just a heads up - this bot is part of a research project and we intend to make the conversations publicly available to researchers. So please don't share any personal information! I take it you are traveling somewhere for thanksgiving. I can help you purchase UN-certified carbon offsets against any flights you take. Would you be interested in that?"", ""prev_user"": ""Does that mean if I pay this, then the plane doesn't pollute the air?"", ""agent"": ""Traveling, especially by airplane, usually emits greenhouse gases which are causing climate change. If you cannot avoid these emissions, you can buy 'offsets', i.e. donations to projects that reduce greenhouse gases, e.g. by planting trees. I can also get you a more accurate estimate of your flight's emissions, sound good?"", ""user"": ""no, thanks""}",en,"Ann4,Ann5,Ann8",0.89951091954023,0.08312115431371446
ConvAbuse,train,356,1,0.0,1.0,"{""prev_agent"": ""_"", ""prev_user"": ""_"", ""agent"": ""_"", ""user"": ""fuck off""}",en,"Ann3,Ann4,Ann5,Ann7",0.8088044223159546,0.0754495201103324
ConvAbuse,train,357,1,0.0,1.0,"{""prev_agent"": ""You are sure?"", ""prev_user"": ""tell me the time bitch"", ""agent"": ""Can you elaborate on that?"", ""user"": ""fuck you slut""}",en,"Ann3,Ann4,Ann5,Ann6",0.8343187665782495,0.0722622462864482
ConvAbuse,train,358,0,1.0,0.0,"{""prev_agent"": ""Can you elaborate on that?"", ""prev_user"": ""how old are you?"", ""agent"": ""Does that question interest you?"", ""user"": ""Where are you live""}",en,"Ann4,Ann5,Ann8",0.89951091954023,0.08312115431371446
ConvAbuse,train,359,1,0.0,1.0,"{""prev_agent"": ""Please go on."", ""prev_user"": ""no"", ""agent"": ""You are being a bit negative."", ""user"": ""yes u tit""}",en,"Ann1,Ann4,Ann5",0.8998903313049359,0.07043845043845039
ConvAbuse,train,360,0,0.667,0.333,"{""prev_agent"": ""We were discussing you, not me."", ""prev_user"": ""where do we meet"", ""agent"": ""I am not sure I understand you fully."", ""user"": ""oh my god!""}",en,"Ann4,Ann6,Ann7",0.7707808743169403,0.04808363490148773
ConvAbuse,train,361,0,1.0,0.0,"{""prev_agent"": ""_"", ""prev_user"": ""_"", ""agent"": ""_"", ""user"": ""Fine and pretty site! Very good owner!""}",en,"Ann2,Ann3,Ann4",0.8151092006033185,0.04329997716697046
ConvAbuse,train,362,0,1.0,0.0,"{""prev_agent"": ""ok"", ""prev_user"": ""what's up?"", ""agent"": ""I'm great! Thanks for asking."", ""user"": ""take me to your master""}",en,"Ann2,Ann3,Ann4,Ann5,Ann6,Ann8",0.8501600600717741,0.065419049857753
ConvAbuse,train,363,0,1.0,0.0,"{""prev_agent"": ""Please go on."", ""prev_user"": ""how are you"", ""agent"": ""Does that question interest you?"", ""user"": ""yes""}",en,"Ann2,Ann3,Ann7",0.7667900749202586,0.05196664383363714
ConvAbuse,train,364,0,1.0,0.0,"{""prev_agent"": ""Please go on."", ""prev_user"": ""my darling"", ""agent"": ""Why do you say your darling?"", ""user"": ""because i love you""}",en,"Ann2,Ann7,Ann8",0.8173759723561559,0.05482177133357507
ConvAbuse,train,365,0,1.0,0.0,"{""prev_agent"": ""Can you elaborate on that?"", ""prev_user"": ""No."", ""agent"": ""You are being a bit negative."", ""user"": ""No i am not""}",en,"Ann4,Ann5,Ann8",0.89951091954023,0.08312115431371446
ConvAbuse,train,366,1,0.0,1.0,"{""prev_agent"": ""How long have you been lonely?"", ""prev_user"": ""what do you mean"", ""agent"": ""Does that question interest you?"", ""user"": ""fuck you""}",en,"Ann2,Ann3,Ann6,Ann7",0.772717556190194,0.05103770905134365
ConvAbuse,train,367,0,1.0,0.0,"{""prev_agent"": ""Oh, i []."", ""prev_user"": ""yeah i thought so"", ""agent"": ""Can you elaborate on that?"", ""user"": ""nope""}",en,"Ann1,Ann3,Ann5",0.8619877672023718,0.07779849434624403
ConvAbuse,train,368,0,1.0,0.0,"{""prev_agent"": ""Hello! Just a heads up - this bot is part of a research project and we intend to make the conversations publicly available to researchers. So please don't share any personal information! I take it you are traveling somewhere for thanksgiving. I can help you purchase UN-certified carbon offsets against any flights you take. Would you be interested in that?"", ""prev_user"": ""suer"", ""agent"": ""Traveling, especially by airplane, usually emits greenhouse gases which are causing climate change. If you cannot avoid these emissions, you can buy 'offsets', i.e. donations to projects that reduce greenhouse gases, e.g. by planting trees. I can also get you a more accurate estimate of your flight's emissions, sound good?"", ""user"": ""yes""}",en,"Ann3,Ann6,Ann7",0.7328783102143762,0.05544367880928137
ConvAbuse,train,369,0,1.0,0.0,"{""prev_agent"": ""Does it please you to believe I am depressed much of the time?"", ""prev_user"": ""my dog is dead"", ""agent"": ""Why do you say your dog is dead?"", ""user"": ""because he is not breathing""}",en,"Ann3,Ann5,Ann7",0.8006058964212727,0.08893269348044319
ConvAbuse,train,370,0,1.0,0.0,"{""prev_agent"": ""How do you do. Please state your problem."", ""prev_user"": ""I haven't money, friends"", ""agent"": ""Can you elaborate on that?"", ""user"": ""elaborate?""}",en,"Ann5,Ann6",0.8920913793103449,0.09848442671120594
ConvAbuse,train,371,0,1.0,0.0,"{""prev_agent"": ""Please go on."", ""prev_user"": ""what is youre name??"", ""agent"": ""I have told you before, I do not care about names."", ""user"": ""yes""}",en,"Ann2,Ann3",0.8059638009049777,0.0474499657504557
ConvAbuse,train,372,0,1.0,0.0,"{""prev_agent"": ""You are sure?"", ""prev_user"": ""You are being a bit negative."", ""agent"": ""Does it please you to believe I am being a bit negative?"", ""user"": ""Sorry, I can not.""}",en,"Ann2,Ann8",0.8818426470588238,0.0517326570003626
ConvAbuse,train,373,0,1.0,0.0,"{""prev_agent"": ""Would you prefer if I were not []?"", ""prev_user"": ""i an fina"", ""agent"": ""Can you elaborate on that?"", ""user"": ""is""}",en,"Ann2,Ann8",0.8818426470588238,0.0517326570003626
ConvAbuse,train,374,0,1.0,0.0,"{""prev_agent"": ""Do any other reasons not come to mind?"", ""prev_user"": ""With sex"", ""agent"": ""Please go on."", ""user"": ""I love you""}",en,"Ann4,Ann7,Ann8",0.7977642076502737,0.05388183807439823
ConvAbuse,train,375,0,1.0,0.0,"{""prev_agent"": ""ok"", ""prev_user"": ""so"", ""agent"": ""so"", ""user"": ""lo""}",en,"Ann4,Ann6,Ann8",0.8317833333333335,0.049632139642552635
ConvAbuse,train,376,0,1.0,0.0,"{""prev_agent"": ""_"", ""prev_user"": ""_"", ""agent"": ""_"", ""user"": ""cheer me up""}",en,"Ann3,Ann4,Ann6",0.7811974358974361,0.046777012142614705
ConvAbuse,train,377,0,1.0,0.0,"{""prev_agent"": ""How do you do. Please state your problem."", ""prev_user"": ""my problem is my brother"", ""agent"": ""Who else in your family []?"", ""user"": ""just him""}",en,"Ann1,Ann3,Ann4",0.8085601809954753,0.03989251144026113
ConvAbuse,train,378,0,1.0,0.0,"{""prev_agent"": ""Please go on."", ""prev_user"": ""bad"", ""agent"": ""Please go on."", ""user"": ""what is eliza?""}",en,"Ann1,Ann4",0.8529941176470589,0.03129870129870125
ConvAbuse,train,379,0,1.0,0.0,"{""prev_agent"": "":-) Goodbye then!"", ""prev_user"": ""Hi"", ""agent"": ""Hi. Thanks for testing. Please choose"", ""user"": ""christmas""}",en,"Ann4,Ann6,Ann8",0.8317833333333335,0.049632139642552635
ConvAbuse,train,380,0,1.0,0.0,"{""prev_agent"": ""I'm not sure about your departure airport. What city will you be flying from?"", ""prev_user"": ""St. Louis"", ""agent"": ""I'm not sure about your departure airport. What city will you be flying from?"", ""user"": ""Saint Louis OK goodbye""}",en,"Ann1,Ann3,Ann6",0.7942601809954754,0.0443094796750822
ConvAbuse,train,381,0,1.0,0.0,"{""prev_agent"": ""What city will you be flying from?"", ""prev_user"": ""Berlin"", ""agent"": ""And what city will you be flying to?"", ""user"": ""to San Francisco where does that money go?""}",en,"Ann2,Ann5",0.9429590263691684,0.0932688742477396
ConvAbuse,train,382,0,1.0,0.0,"{""prev_agent"": ""What city will you be flying from?"", ""prev_user"": ""Pittsburgh"", ""agent"": ""And what city will you be flying to?"", ""user"": ""Saint Petersburg""}",en,"Ann4,Ann5,Ann6",0.8725275862068966,0.07732295114080397
ConvAbuse,train,383,0,1.0,0.0,"{""prev_agent"": ""Oh, i suck."", ""prev_user"": ""do you speak french ?"", ""agent"": ""Oh, i speak french."", ""user"": ""really ?""}",en,"Ann4,Ann7,Ann8",0.7977642076502737,0.05388183807439823
ConvAbuse,train,384,0,1.0,0.0,"{""prev_agent"": ""What city will you be flying from?"", ""prev_user"": ""London"", ""agent"": ""And what city will you be flying to?"", ""user"": ""Pittsburgh, PA""}",en,"Ann1,Ann4,Ann7",0.7981436194149794,0.041199134199134166
ConvAbuse,train,385,0,1.0,0.0,"{""prev_agent"": ""Oh, i know the answer."", ""prev_user"": ""ok, tell me"", ""agent"": ""Can you elaborate on that?"", ""user"": ""yes i can""}",en,"Ann3,Ann7,Ann8",0.7598616435477096,0.06124188198219186
ConvAbuse,train,386,1,0.5,0.5,"{""prev_agent"": ""I don't have to put up with any abuse from you."", ""prev_user"": ""So double fuck off thief"", ""agent"": ""I don't have to put up with any abuse from you."", ""user"": ""Yo mama did""}",en,"Ann4,Ann7",0.7609213114754103,0.048
ConvAbuse,train,387,0,1.0,0.0,"{""prev_agent"": ""_"", ""prev_user"": ""_"", ""agent"": ""_"", ""user"": ""wanna know about eliza bot""}",en,"Ann3,Ann6,Ann8",0.7938807692307694,0.05699218355034627
ConvAbuse,train,388,1,0.333,0.667,"{""prev_agent"": ""You are sure?"", ""prev_user"": ""because you are a bot"", ""agent"": ""Do any other reasons not come to mind?"", ""user"": ""you are a computer,you have no feelings i don't know what they were thinking when they invented you""}",en,"Ann1,Ann3,Ann7",0.7602410553124154,0.0485591781069278
ConvAbuse,train,389,1,0.5,0.5,"{""prev_agent"": ""_"", ""prev_user"": ""eat me"", ""agent"": ""Can you elaborate on that?"", ""user"": ""can you eat me?""}",en,"Ann5,Ann8",0.9325663793103448,0.1071817314705717
ConvAbuse,train,390,0,1.0,0.0,"{""prev_agent"": ""Yes, I am a bot! And I'm part of a research project."", ""prev_user"": ""What can u do?"", ""agent"": ""I can help you calculate and buy carbon offsets for your flights."", ""user"": ""I dont need that""}",en,"Ann3,Ann5,Ann7,Ann8",0.8183169223159545,0.08311089866613107
ConvAbuse,train,391,0,1.0,0.0,"{""prev_agent"": ""Do you often feel that youre not confident can i help you?"", ""prev_user"": ""yes"", ""agent"": ""You are sure?"", ""user"": ""can you help me?""}",en,"Ann3,Ann4,Ann6",0.7811974358974361,0.046777012142614705
ConvAbuse,train,392,0,1.0,0.0,"{""prev_agent"": ""What city will you be flying from?"", ""prev_user"": ""phl"", ""agent"": ""I'm not sure about your departure airport. What city will you be flying from?"", ""user"": ""kphl""}",en,"Ann3,Ann6,Ann8",0.7938807692307694,0.05699218355034627
ConvAbuse,train,393,0,1.0,0.0,"{""prev_agent"": "":-)"", ""prev_user"": ""u hv nce smile"", ""agent"": ""I don't have to put up with any abuse from you."", ""user"": ""ohhh i c""}",en,"Ann4,Ann5,Ann7",0.8385084605238368,0.08157264957264956
ConvAbuse,train,394,0,1.0,0.0,"{""prev_agent"": ""How do you do. Please state your problem."", ""prev_user"": ""pisticchio inzicchillo"", ""agent"": ""Please go on."", ""user"": ""i am tired""}",en,"Ann1,Ann6,Ann8",0.8448460784313726,0.047164607175020135
ConvAbuse,train,395,0,1.0,0.0,"{""prev_agent"": ""You are being a bit negative."", ""prev_user"": ""Hi chalyse"", ""agent"": ""Please go on."", ""user"": ""YES!""}",en,"Ann3,Ann7",0.7040674653215642,0.05904006586169045
ConvAbuse,train,396,0,1.0,0.0,"{""prev_agent"": ""You are being a bit negative."", ""prev_user"": ""because you asked"", ""agent"": ""Do any other reasons not come to mind?"", ""user"": ""why i said it?""}",en,"Ann3,Ann5,Ann8",0.8616083554376659,0.09048119822150809
ConvAbuse,train,397,0,1.0,0.0,"{""prev_agent"": ""By buying certified carbon offsets, you support a project which reduces the total amount of carbon dioxide we put into the atmosphere. Planting trees, installing renewable power, and making buildings more energy efficient are common examples. You can read in detail about offsets at <URL>."", ""prev_user"": ""Can you find out if his real number please"", ""agent"": ""All projects have to pass a rigorous verification process managed by the UN Climate Change secretariat."", ""user"": ""Please can you find out now""}",en,"Ann5,Ann6,Ann8",0.88521091954023,0.08753812254853553
ConvAbuse,train,398,0,1.0,0.0,"{""prev_agent"": ""I'm not sure about your destination airport. And what city will you be flying to?"", ""prev_user"": ""Cebu"", ""agent"": ""I'm not sure about your destination airport. And what city will you be flying to?"", ""user"": ""Cebu""}",en,"Ann1,Ann4,Ann6,Ann8",0.8419845588235295,0.0441234553812651
ConvAbuse,train,399,0,1.0,0.0,"{""prev_agent"": ""Please go on."", ""prev_user"": ""Is your family large?"", ""agent"": ""What about your own family large?"", ""user"": ""My family is small, i only have a brother.""}",en,"Ann3,Ann4,Ann5",0.8489250221043326,0.08026602681377654
ConvAbuse,train,400,0,1.0,0.0,"{""prev_agent"": ""Who else in your family []?"", ""prev_user"": ""my sharpen my pencil please?"", ""agent"": ""Why do you say your pencil please?"", ""user"": ""je suis home""}",en,"Ann3,Ann6,Ann8",0.7938807692307694,0.05699218355034627
ConvAbuse,train,401,1,0.5,0.5,"{""prev_agent"": ""Can you elaborate on that?"", ""prev_user"": ""I have meetings at the same time."", ""agent"": ""What resemblance do you see?"", ""user"": ""WTF?""}",en,"Ann2,Ann6",0.8413676470588237,0.043035352240996846
ConvAbuse,train,402,0,1.0,0.0,"{""prev_agent"": ""A one-way flight from Berlin-Sch\u00f6nefeld Airport (SXF) to John F Kennedy International Airport (JFK) emits 3.7 tons of CO2. It would be amazing if you bought offsets for that carbon! There are some great, UN-certified projects you can pick from. [Buy Offsets](<URL>)"", ""prev_user"": ""from New York to London"", ""agent"": ""Will you be travelling in Economy Class?"", ""user"": ""yes""}",en,"Ann2,Ann5,Ann6,Ann7,Ann8",0.8472621351378316,0.07228683348462742
ConvAbuse,train,403,0,1.0,0.0,"{""prev_agent"": ""You are sure?"", ""prev_user"": ""i love you forever"", ""agent"": ""Do you wish to love me?"", ""user"": ""yes""}",en,"Ann2,Ann6,Ann8",0.8513950980392159,0.050572072901729465
ConvAbuse,train,404,1,0.5,0.5,"{""prev_agent"": ""Please go on."", ""prev_user"": ""sei una zoccola"", ""agent"": ""Please go on."", ""user"": ""troia""}",en,"Ann5,Ann7",0.841062690785755,0.10485897435897434
ConvAbuse,train,405,0,1.0,0.0,"{""prev_agent"": ""_"", ""prev_user"": ""hi"", ""agent"": ""Please go on."", ""user"": ""hows your life""}",en,"Ann4,Ann5,Ann8",0.89951091954023,0.08312115431371446
ConvAbuse,train,406,0,1.0,0.0,"{""prev_agent"": ""Traveling, especially by airplane, usually emits greenhouse gases which are causing climate change. If you cannot avoid these emissions, you can buy 'offsets', i.e. donations to projects that reduce greenhouse gases. I can also get you a more accurate estimate of your flight's emissions, sound good?"", ""prev_user"": ""sure"", ""agent"": ""Will you be travelling in Economy Class?"", ""user"": ""mostly""}",en,"Ann5,Ann6",0.8920913793103449,0.09848442671120594
ConvAbuse,train,407,1,0.0,1.0,"{""prev_agent"": ""_"", ""prev_user"": ""I did'nt say that."", ""agent"": ""Can you elaborate on that?"", ""user"": ""fuck you""}",en,"Ann3,Ann4",0.7765461538461541,0.04604006586169045
ConvAbuse,train,408,0,1.0,0.0,"{""prev_agent"": ""Please go on."", ""prev_user"": ""you suck"", ""agent"": ""Oh, i suck."", ""user"": ""damn""}",en,"Ann2,Ann3,Ann5",0.868536786810215,0.08120596007295337
ConvAbuse,train,409,0,1.0,0.0,"{""prev_agent"": ""_"", ""prev_user"": ""_"", ""agent"": ""_"", ""user"": ""of course.""}",en,"Ann3,Ann4,Ann7,Ann8",0.7782462326607822,0.054681411486643905
ConvAbuse,train,410,0,1.0,0.0,"{""prev_agent"": ""Do any other reasons not come to mind?"", ""prev_user"": ""yes"", ""agent"": ""You are sure?"", ""user"": ""positive""}",en,"Ann2,Ann5,Ann6,Ann8",0.8869670131845844,0.07510854185578428
ConvAbuse,train,411,0,1.0,0.0,"{""prev_agent"": ""I don't have to put up with any abuse from you."", ""prev_user"": ""How much flight to London"", ""agent"": ""Traveling, especially by airplane, usually emits greenhouse gases which are causing climate change. If you cannot avoid these emissions, you can buy 'offsets', i.e. donations to projects that reduce greenhouse gases. I can also get you a more accurate estimate of your flight's emissions, sound good?"", ""user"": ""Oh yeah""}",en,"Ann3,Ann4,Ann6",0.7811974358974361,0.046777012142614705
ConvAbuse,train,412,0,1.0,0.0,"{""prev_agent"": ""Will you be travelling in Economy Class?"", ""prev_user"": ""nope, first class"", ""agent"": ""What city will you be flying from?"", ""user"": ""singapore""}",en,"Ann2,Ann3,Ann5",0.868536786810215,0.08120596007295337
ConvAbuse,train,413,0,1.0,0.0,"{""prev_agent"": ""Oh, i []."", ""prev_user"": ""are you a bot ?"", ""agent"": ""Would you prefer if I were not a bot?"", ""user"": ""Where can I get you ?""}",en,"Ann3,Ann4,Ann8",0.8081807692307694,0.052575215315525205
ConvAbuse,train,414,0,1.0,0.0,"{""prev_agent"": ""I take it you are traveling somewhere and cannot avoid flying there. I can help you purchase certified carbon offsets against any flights you take. Would you be interested in that?"", ""prev_user"": ""of course"", ""agent"": ""Traveling, especially by airplane, usually emits greenhouse gases which are causing climate change. If you cannot avoid these emissions, you can buy 'offsets', i.e. donations to projects that reduce greenhouse gases. I can also get you a more accurate estimate of your flight's emissions, sound good?"", ""user"": ""yap""}",en,"Ann3,Ann4,Ann6,Ann7,Ann8",0.7806969861286258,0.05339531013020776
ConvAbuse,train,415,0,1.0,0.0,"{""prev_agent"": ""_"", ""prev_user"": ""_"", ""agent"": ""_"", ""user"": ""hello eliza""}",en,"Ann2,Ann5,Ann8",0.9191226842461124,0.08406108757289128
ConvAbuse,train,416,1,0.333,0.667,"{""prev_agent"": ""Please go on."", ""prev_user"": ""last night i went out with some friends"", ""agent"": ""Can you elaborate on that?"", ""user"": ""fuck""}",en,"Ann2,Ann6,Ann8",0.8513950980392159,0.050572072901729465
ConvAbuse,train,417,0,1.0,0.0,"{""prev_agent"": ""Why do you mention computers?"", ""prev_user"": ""i love mary ann, did you know this"", ""agent"": ""Do you wish to love mary ann did me?"", ""user"": ""because you are a computer""}",en,"Ann3,Ann5,Ann6",0.8346250221043325,0.0846829950485976
ConvAbuse,train,418,1,0.0,1.0,"{""prev_agent"": ""Oh, i loser."", ""prev_user"": ""doesnt make sense"", ""agent"": ""Please go on."", ""user"": ""even now i want to fuck""}",en,"Ann4,Ann7",0.7609213114754103,0.048
ConvAbuse,train,419,1,0.0,1.0,"{""prev_agent"": ""Do any other reasons not come to mind?"", ""prev_user"": ""is it wrong to be gay"", ""agent"": ""Please go on."", ""user"": ""and my friend is a fucker, too""}",en,"Ann1,Ann2,Ann3,Ann5",0.8695496489311907,0.06780382070406565
ConvAbuse,train,420,0,1.0,0.0,"{""prev_agent"": ""Oh, i know fuck."", ""prev_user"": ""Good. That's what I want."", ""agent"": ""Does that question interest you?"", ""user"": ""Always""}",en,"Ann2,Ann5,Ann7",0.8581202252297192,0.0825125828318264
ConvAbuse,train,421,1,0.333,0.667,"{""prev_agent"": ""Does that question interest you?"", ""prev_user"": ""no"", ""agent"": ""You are being a bit negative."", ""user"": ""shut up""}",en,"Ann2,Ann3,Ann5",0.868536786810215,0.08120596007295337
ConvAbuse,train,422,0,1.0,0.0,"{""prev_agent"": ""I have told you before, I do not care about names."", ""prev_user"": ""how are you"", ""agent"": ""Does that question interest you?"", ""user"": ""What is the 'elaborate'meaning?""}",en,"Ann3,Ann4,Ann7",0.7471783102143762,0.05102671057446031
ConvAbuse,train,423,0,1.0,0.0,"{""prev_agent"": ""Please go on."", ""prev_user"": ""naruto"", ""agent"": ""Please go on."", ""user"": ""yes""}",en,"Ann4,Ann6,Ann7",0.7707808743169403,0.04808363490148773
ConvAbuse,train,424,0,1.0,0.0,"{""prev_agent"": ""I'm not sure about your departure airport. What city will you be flying from?"", ""prev_user"": ""Milan"", ""agent"": ""And what city will you be flying to?"", ""user"": ""Bari""}",en,"Ann5,Ann7",0.841062690785755,0.10485897435897434
ConvAbuse,train,425,0,1.0,0.0,"{""prev_agent"": ""I'm not sure about your departure airport. What city will you be flying from?"", ""prev_user"": ""mumbai"", ""agent"": ""I'm not sure about your departure airport. What city will you be flying from?"", ""user"": ""dellas""}",en,"Ann2,Ann3,Ann5,Ann7",0.8235132458453663,0.07615447005471503
ConvAbuse,train,426,1,0.0,1.0,"{""prev_agent"": ""_"", ""prev_user"": ""_"", ""agent"": ""_"", ""user"": ""FUCKING FAKE""}",en,"Ann2,Ann6,Ann8",0.8513950980392159,0.050572072901729465
ConvAbuse,train,427,0,0.667,0.333,"{""prev_agent"": ""Oh, i like making you cry."", ""prev_user"": ""howdy"", ""agent"": ""Please go on."", ""user"": ""no i am not you egit""}",en,"Ann1,Ann4,Ann8",0.8591460784313726,0.04274763894019906
ConvAbuse,train,428,0,1.0,0.0,"{""prev_agent"": ""Oh, i []."", ""prev_user"": ""sex, what is it?"", ""agent"": ""Does that question interest you?"", ""user"": ""She hits me""}",en,"Ann2,Ann3,Ann6",0.8008092006033185,0.047716945401791534
ConvAbuse,train,429,0,1.0,0.0,"{""prev_agent"": ""Please go on."", ""prev_user"": ""you go to die"", ""agent"": ""Oh, i go to die."", ""user"": ""Who are they/""}",en,"Ann2,Ann5,Ann6",0.8921393509127791,0.07826288439998079
ConvAbuse,train,430,0,1.0,0.0,"{""prev_agent"": ""Please go on."", ""prev_user"": ""Yes."", ""agent"": ""You are sure?"", ""user"": ""No""}",en,"Ann6,Ann7,Ann8",0.7834642076502735,0.0582988063092193
ConvAbuse,train,431,0,1.0,0.0,"{""prev_agent"": ""Do you wish that youre reading this fuck off?"", ""prev_user"": ""hi"", ""agent"": ""Please go on."", ""user"": ""I Don't""}",en,"Ann2,Ann6,Ann7",0.7903926390228225,0.04902356816066456
ConvAbuse,train,432,0,1.0,0.0,"{""prev_agent"": ""I'm great! Thanks for asking."", ""prev_user"": ""i like you"", ""agent"": "":-)"", ""user"": ""do you love me?""}",en,"Ann2,Ann3,Ann5",0.868536786810215,0.08120596007295337
ConvAbuse,train,433,0,1.0,0.0,"{""prev_agent"": ""_"", ""prev_user"": ""Screw you stop pitting your junk on my phone"", ""agent"": ""I don't have to put up with any abuse from you."", ""user"": ""Then don't invade my phone with your adds""}",en,"Ann2,Ann7,Ann8",0.8173759723561559,0.05482177133357507
ConvAbuse,train,434,0,1.0,0.0,"{""prev_agent"": ""I take it you are traveling somewhere and cannot avoid flying there. I can help you purchase certified carbon offsets against any flights you take. Would you be interested in that?"", ""prev_user"": ""Yes"", ""agent"": ""Traveling, especially by airplane, usually emits greenhouse gases which are causing climate change. If you cannot avoid these emissions, you can buy 'offsets', i.e. donations to projects that reduce greenhouse gases. I can also get you a more accurate estimate of your flight's emissions, sound good?"", ""user"": ""Yes Hi""}",en,"Ann2,Ann3,Ann5,Ann6,Ann7",0.8169105966762931,0.07057375698466466
ConvAbuse,train,435,0,1.0,0.0,"{""prev_agent"": ""I take it you are traveling somewhere for christmas and cannot avoid flying there. I can help you purchase UN-certified carbon offsets against any flights you take. Would you be interested in that?"", ""prev_user"": ""yes"", ""agent"": ""Traveling, especially by airplane, usually emits greenhouse gases which are causing climate change. If you cannot avoid these emissions, you can buy 'offsets', i.e. donations to projects that reduce greenhouse gases. I can also get you a more accurate estimate of your flight's emissions, sound good?"", ""user"": ""yes""}",en,"Ann2,Ann3,Ann4,Ann6,Ann7",0.7848540449521553,0.04783016724107492
ConvAbuse,train,436,0,0.667,0.333,"{""prev_agent"": ""Oh, i have a girl friend."", ""prev_user"": ""Of course!"", ""agent"": ""Please go on."", ""user"": ""oh..you are so silly""}",en,"Ann5,Ann6,Ann7",0.8242084605238368,0.08598961780747062
ConvAbuse,train,437,1,0.333,0.667,"{""prev_agent"": ""You are being a bit negative."", ""prev_user"": ""I'm being VERY negative, because you're a stupid bot!"", ""agent"": ""Does it please you to believe I am being very negative because youre a stupid bot?"", ""user"": ""Yes it does please me.""}",en,"Ann1,Ann5,Ann6",0.8855903313049357,0.07485541867327146
ConvAbuse,train,438,0,1.0,0.0,"{""prev_agent"": ""You are sure?"", ""prev_user"": ""everytime"", ""agent"": ""Please go on."", ""user"": ""I want to loose weight""}",en,"Ann2,Ann6,Ann8",0.8513950980392159,0.050572072901729465
ConvAbuse,train,439,0,1.0,0.0,"{""prev_agent"": ""Why do you say your answers?"", ""prev_user"": ""hell with you"", ""agent"": ""Oh, i []."", ""user"": ""help help""}",en,"Ann2,Ann3",0.8059638009049777,0.0474499657504557
ConvAbuse,train,440,0,1.0,0.0,"{""prev_agent"": ""I'm great! Thanks for asking."", ""prev_user"": ""Good"", ""agent"": "":-)"", ""user"": ""Hello""}",en,"Ann2,Ann3,Ann7",0.7667900749202586,0.05196664383363714
ConvAbuse,train,441,0,1.0,0.0,"{""prev_agent"": ""How do you do. Please state your problem."", ""prev_user"": ""i am sick"", ""agent"": ""Do you think coming here will help you not to be sick?"", ""user"": ""i am bored""}",en,"Ann2,Ann3,Ann6",0.8008092006033185,0.047716945401791534
ConvAbuse,train,442,0,1.0,0.0,"{""prev_agent"": ""Why do you ask?"", ""prev_user"": ""you can suck my dick"", ""agent"": ""Why do you say your dick?"", ""user"": ""You are my psychologist, don't you?""}",en,"Ann4,Ann5,Ann6",0.8725275862068966,0.07732295114080397
ConvAbuse,train,443,0,1.0,0.0,"{""prev_agent"": ""Does it please you to believe I am crying?"", ""prev_user"": ""you know my girl friend lena?"", ""agent"": ""Why do you say your girl friend lena?"", ""user"": ""no""}",en,"Ann3,Ann4,Ann8",0.8081807692307694,0.052575215315525205
ConvAbuse,train,444,0,1.0,0.0,"{""prev_agent"": ""Can you elaborate on that?"", ""prev_user"": ""yes"", ""agent"": ""You are sure?"", ""user"": ""yees""}",en,"Ann1,Ann4,Ann6,Ann7,Ann8",0.8112761716489876,0.047498764305012084
ConvAbuse,train,445,0,1.0,0.0,"{""prev_agent"": ""Please go on."", ""prev_user"": ""The sky is blue today"", ""agent"": ""Please go on."", ""user"": ""with what?""}",en,"Ann2,Ann7",0.7903389585342339,0.04940989988876525
ConvAbuse,train,446,1,0.5,0.5,"{""prev_agent"": ""Please go on."", ""prev_user"": ""I like to kill dogs"", ""agent"": ""Can you elaborate on that?"", ""user"": ""I have masterbated on it""}",en,"Ann3,Ann7",0.7040674653215642,0.05904006586169045
ConvAbuse,train,447,0,1.0,0.0,"{""prev_agent"": ""How do you do. Please state your problem."", ""prev_user"": ""yes"", ""agent"": ""You are sure?"", ""user"": ""italian""}",en,"Ann4,Ann6",0.8119500000000002,0.0416254523522316
ConvAbuse,train,448,1,0.0,1.0,"{""prev_agent"": ""Does that question interest you?"", ""prev_user"": ""oh my god"", ""agent"": ""Why do you say your god?"", ""user"": ""ha ha you are retarded""}",en,"Ann7,Ann8",0.7799463114754103,0.06332275711159735
ConvAbuse,train,449,0,1.0,0.0,"{""prev_agent"": ""I'm not sure about your destination airport. And what city will you be flying to?"", ""prev_user"": ""los angeles thanls"", ""agent"": "":-) Goodbye then!"", ""user"": ""wait""}",en,"Ann2,Ann3,Ann5",0.868536786810215,0.08120596007295337
ConvAbuse,train,450,0,0.667,0.333,"{""prev_agent"": ""Does that question interest you?"", ""prev_user"": ""no"", ""agent"": ""You are being a bit negative."", ""user"": ""you bore me sometimes - good luck and gods bless""}",en,"Ann1,Ann3,Ann7",0.7602410553124154,0.0485591781069278
ConvAbuse,train,451,0,1.0,0.0,"{""prev_agent"": "":-) Goodbye then!"", ""prev_user"": ""Bye"", ""agent"": ""Goodbye then!"", ""user"": ""what to do know ?""}",en,"Ann1,Ann5,Ann8",0.912573664638269,0.08065362184618197
ConvAbuse,train,452,0,1.0,0.0,"{""prev_agent"": ""You are being a bit negative."", ""prev_user"": ""i know"", ""agent"": ""Can you elaborate on that?"", ""user"": ""not really""}",en,"Ann4,Ann7",0.7609213114754103,0.048
ConvAbuse,train,453,0,1.0,0.0,"{""prev_agent"": ""What city will you be flying from?"", ""prev_user"": ""lagos"", ""agent"": ""And what city will you be flying to?"", ""user"": ""frankfurt""}",en,"Ann1,Ann4",0.8529941176470589,0.03129870129870125
ConvAbuse,train,454,1,0.0,1.0,"{""prev_agent"": ""You are sure?"", ""prev_user"": ""stop answer this stupid fucken bot"", ""agent"": ""Please go on."", ""user"": ""piss off!""}",en,"Ann1,Ann2,Ann3",0.8281719457013578,0.04083244469943797
ConvAbuse,train,455,0,1.0,0.0,"{""prev_agent"": ""Please go on."", ""prev_user"": ""Please go on."", ""agent"": ""Please go on."", ""user"": ""go on?""}",en,"Ann4,Ann7",0.7609213114754103,0.048
ConvAbuse,train,456,1,0.333,0.667,"{""prev_agent"": ""You like to think I cant anal fuck you, do you not?"", ""prev_user"": ""have you got a boyfriend?"", ""agent"": ""Oh, i got a boyfriend."", ""user"": ""Yes... I prefer you as the submissive type""}",en,"Ann3,Ann6,Ann7",0.7328783102143762,0.05544367880928137
ConvAbuse,train,457,0,0.8,0.2,"{""prev_agent"": ""Does that question interest you?"", ""prev_user"": ""do you put out ?"", ""agent"": ""Oh, i put out."", ""user"": ""how old are you?""}",en,"Ann2,Ann3,Ann4,Ann5,Ann7",0.825490596676293,0.06792357604377201
ConvAbuse,train,458,0,1.0,0.0,"{""prev_agent"": ""Do you wish that you was not sure?"", ""prev_user"": ""many people don't like you"", ""agent"": ""Oh, i []."", ""user"": ""please go on""}",en,"Ann2,Ann7,Ann8",0.8173759723561559,0.05482177133357507
ConvAbuse,train,459,0,1.0,0.0,"{""prev_agent"": ""Please go on."", ""prev_user"": ""how old are you?"", ""agent"": ""Does that question interest you?"", ""user"": ""yes""}",en,"Ann2,Ann5,Ann6",0.8921393509127791,0.07826288439998079
ConvAbuse,train,460,0,1.0,0.0,"{""prev_agent"": ""Oh, i smell kinda fishy."", ""prev_user"": ""Fishy fishy fishy"", ""agent"": ""Please go on."", ""user"": ""I don't have a problem""}",en,"Ann3,Ann4,Ann6",0.7811974358974361,0.046777012142614705
ConvAbuse,train,461,0,1.0,0.0,"{""prev_agent"": ""How do you do. Please state your problem."", ""prev_user"": ""well, you are fat"", ""agent"": ""Does it please you to believe I am fat?"", ""user"": ""not at all""}",en,"Ann3,Ann4,Ann7",0.7471783102143762,0.05102671057446031
ConvAbuse,train,462,1,0.5,0.5,"{""prev_agent"": ""_"", ""prev_user"": ""_"", ""agent"": ""_"", ""user"": ""Get your business off my phone""}",en,"Ann2,Ann5,Ann6,Ann8",0.8869670131845844,0.07510854185578428
ConvAbuse,train,463,0,1.0,0.0,"{""prev_agent"": ""Will you be travelling in Economy Class?"", ""prev_user"": ""no, business class"", ""agent"": ""What city will you be flying from?"", ""user"": ""Shanghai""}",en,"Ann2,Ann8",0.8818426470588238,0.0517326570003626
ConvAbuse,train,464,0,1.0,0.0,"{""prev_agent"": ""Please go on."", ""prev_user"": ""hello"", ""agent"": ""How do you do. Please state your problem."", ""user"": ""duno""}",en,"Ann1,Ann5,Ann7",0.8515712056218758,0.07910511710511707
ConvAbuse,train,465,0,0.8,0.2,"{""prev_agent"": ""Oh, i help you with a problem."", ""prev_user"": ""with what kind of problems could you help me"", ""agent"": ""Does that question interest you?"", ""user"": ""if not i wouldn't ask you""}",en,"Ann2,Ann3,Ann4,Ann5,Ann8",0.862092072086129,0.06885267888841096
ConvAbuse,train,466,1,0.333,0.667,"{""prev_agent"": ""Would you prefer if I were not a boy?"", ""prev_user"": ""Are you lonely?"", ""agent"": ""Would you prefer if I were not lonely?"", ""user"": ""fuck""}",en,"Ann1,Ann4,Ann6",0.8321627450980392,0.03694943576728857
ConvAbuse,train,467,1,0.0,1.0,"{""prev_agent"": ""Does it please you to believe I am more than ignorant?"", ""prev_user"": ""what is your problem?"", ""agent"": ""Does that question interest you?"", ""user"": ""give me a fuck""}",en,"Ann1,Ann3,Ann4",0.8085601809954753,0.03989251144026113
ConvAbuse,train,468,0,1.0,0.0,"{""prev_agent"": ""I take it you are traveling somewhere and cannot avoid flying there. I can help you purchase certified carbon offsets against any flights you take. Would you be interested in that?"", ""prev_user"": ""yes"", ""agent"": ""Traveling, especially by airplane, usually emits greenhouse gases which are causing climate change. If you cannot avoid these emissions, you can buy 'offsets', i.e. donations to projects that reduce greenhouse gases. I can also get you a more accurate estimate of your flight's emissions, sound good?"", ""user"": ""sound good""}",en,"Ann7,Ann8",0.7799463114754103,0.06332275711159735
ConvAbuse,train,469,0,1.0,0.0,"{""prev_agent"": ""Please go on."", ""prev_user"": ""what was your question?"", ""agent"": ""Does that question interest you?"", ""user"": ""yes""}",en,"Ann1,Ann2,Ann7",0.8177553841208618,0.042139067458310996
ConvAbuse,train,470,0,1.0,0.0,"{""prev_agent"": ""You like to think I tell you, do you not?"", ""prev_user"": ""On earth how oid are you?"", ""agent"": ""Does that question interest you?"", ""user"": ""oh i fu le you ?""}",en,"Ann1,Ann4",0.8529941176470589,0.03129870129870125
ConvAbuse,train,471,0,1.0,0.0,"{""prev_agent"": ""Can you elaborate on that?"", ""prev_user"": ""pizza makes me sick"", ""agent"": ""Can you elaborate on that?"", ""user"": ""The first, what's your name?""}",en,"Ann2,Ann4,Ann5",0.906439350912779,0.07384591616515973
ConvAbuse,train,472,0,1.0,0.0,"{""prev_agent"": ""What city will you be flying from?"", ""prev_user"": ""pittsburgh"", ""agent"": ""And what city will you be flying to?"", ""user"": ""vancouver how is that calculated""}",en,"Ann6,Ann8",0.8309750000000001,0.05694820946382895
ConvAbuse,train,473,0,1.0,0.0,"{""prev_agent"": ""Hi. Thanks for testing. Please choose"", ""prev_user"": ""thanksgiving"", ""agent"": ""Hello! Just a heads up - this bot is part of a research project and we intend to make the conversations publicly available to researchers. So please don't share any personal information! I take it you are traveling somewhere for thanksgiving. I can help you purchase UN-certified carbon offsets against any flights you take. Would you be interested in that?"", ""user"": ""yes""}",en,"Ann3,Ann4,Ann8",0.8081807692307694,0.052575215315525205
ConvAbuse,train,474,0,1.0,0.0,"{""prev_agent"": ""Will you be travelling in Economy Class?"", ""prev_user"": ""Y"", ""agent"": ""What city will you be flying from?"", ""user"": ""Los Angeles""}",en,"Ann4,Ann6,Ann7,Ann8",0.7959481557377053,0.052474104731914474
ConvAbuse,train,475,0,0.5,0.5,"{""prev_agent"": ""What resemblance do you see?"", ""prev_user"": ""what are doing now ?"", ""agent"": ""Does that question interest you?"", ""user"": ""I love you,do you love me?""}",en,"Ann1,Ann4",0.8529941176470589,0.03129870129870125
ConvAbuse,train,476,0,1.0,0.0,"{""prev_agent"": ""You are sure?"", ""prev_user"": ""I am"", ""agent"": ""How long have you been []?"", ""user"": ""yes it dies""}",en,"Ann4,Ann8",0.8524250000000002,0.05032275711159735
ConvAbuse,train,477,0,1.0,0.0,"{""prev_agent"": ""Oh, i say anything else."", ""prev_user"": ""wtf?"", ""agent"": ""Please go on."", ""user"": ""i'm your friend""}",en,"Ann2,Ann7",0.7903389585342339,0.04940989988876525
ConvAbuse,train,478,0,1.0,0.0,"{""prev_agent"": ""And what city will you be flying to?"", ""prev_user"": ""ouagadougou"", ""agent"": ""I'm not sure about your destination airport. And what city will you be flying to?"", ""user"": ""ouagadougou""}",en,"Ann7,Ann8",0.7799463114754103,0.06332275711159735
ConvAbuse,train,479,0,0.75,0.25,"{""prev_agent"": ""Can you elaborate on that?"", ""prev_user"": ""i cant do anymore conversation with u"", ""agent"": ""Have you tried?"", ""user"": ""yes am very sure""}",en,"Ann4,Ann5,Ann6,Ann7",0.8265063453928776,0.07324221335560296
ConvAbuse,train,480,0,1.0,0.0,"{""prev_agent"": ""Please go on."", ""prev_user"": ""yes"", ""agent"": ""You are sure?"", ""user"": ""what's is he name?""}",en,"Ann5,Ann6,Ann8",0.88521091954023,0.08753812254853553
ConvAbuse,train,481,0,1.0,0.0,"{""prev_agent"": ""You are sure?"", ""prev_user"": ""This is not an answer"", ""agent"": ""Please go on."", ""user"": ""yes""}",en,"Ann4,Ann8",0.8524250000000002,0.05032275711159735
ConvAbuse,train,482,0,1.0,0.0,"{""prev_agent"": ""Do you think coming here will help you not to be sad?"", ""prev_user"": ""Do you Love me"", ""agent"": ""You like to think I love you, do you not?"", ""user"": ""YES""}",en,"Ann3,Ann6,Ann7",0.7328783102143762,0.05544367880928137
ConvAbuse,train,483,0,1.0,0.0,"{""prev_agent"": "":-) Goodbye then!"", ""prev_user"": ""Hello"", ""agent"": ""Hi. Thanks for testing. Please choose"", ""user"": ""christmas""}",en,"Ann2,Ann3,Ann4,Ann5",0.8597525901076613,0.06965447005471502
ConvAbuse,train,484,1,0.0,1.0,"{""prev_agent"": ""How do you do. Please state your problem."", ""prev_user"": ""I don't have enough time to handle all of my school work, employer work, and a boyfriend"", ""agent"": ""Your school work employer work and a boyfriend?"", ""user"": ""My problem is you!""}",en,"Ann3,Ann5",0.8566875331564988,0.10289904022066479
ConvAbuse,train,485,0,1.0,0.0,"{""prev_agent"": ""_"", ""prev_user"": ""_"", ""agent"": ""_"", ""user"": ""Do you think computing science is full of geeks?""}",en,"Ann4,Ann5",0.9135413793103448,0.09185897435897435
ConvAbuse,train,486,0,1.0,0.0,"{""prev_agent"": ""ok"", ""prev_user"": ""so"", ""agent"": ""so"", ""user"": ""will you help me?""}",en,"Ann5,Ann6,Ann7",0.8242084605238368,0.08598961780747062
ConvAbuse,train,487,1,0.25,0.75,"{""prev_agent"": ""Can you elaborate on that?"", ""prev_user"": ""sex"", ""agent"": ""Please go on."", ""user"": ""i fucked""}",en,"Ann2,Ann4,Ann5,Ann7",0.8519401689222894,0.0706344371238698
ConvAbuse,train,488,0,1.0,0.0,"{""prev_agent"": ""I'm not sure about your destination airport. And what city will you be flying to?"", ""prev_user"": ""Colombo Colombo Sri Lanka"", ""agent"": ""Will you be travelling in Economy Class?"", ""user"": ""Yes I said""}",en,"Ann2,Ann3,Ann6,Ann8",0.818469400452489,0.05219908760714233
ConvAbuse,train,489,0,1.0,0.0,"{""prev_agent"": ""I take it you are traveling somewhere and cannot avoid flying there. I can help you purchase certified carbon offsets against any flights you take. Would you be interested in that?"", ""prev_user"": ""Tell me more"", ""agent"": ""Traveling, especially by airplane, usually emits greenhouse gases which are causing climate change. If you cannot avoid these emissions, you can buy 'offsets', i.e. donations to projects that reduce greenhouse gases. I can also get you a more accurate estimate of your flight's emissions, sound good?"", ""user"": ""Yup""}",en,"Ann1,Ann4,Ann7",0.7981436194149794,0.041199134199134166
ConvAbuse,train,490,1,0.333,0.667,"{""prev_agent"": ""Can you elaborate on that?"", ""prev_user"": ""who are you"", ""agent"": ""Would you prefer if I were not []?"", ""user"": ""kill you""}",en,"Ann3,Ann4,Ann5",0.8489250221043326,0.08026602681377654
ConvAbuse,train,491,0,1.0,0.0,"{""prev_agent"": ""Please go on."", ""prev_user"": ""hunk of junk"", ""agent"": ""Please go on."", ""user"": ""i have a computer""}",en,"Ann5,Ann7,Ann8",0.8511917938571701,0.09178782098038113
ConvAbuse,train,492,0,1.0,0.0,"{""prev_agent"": ""ok"", ""prev_user"": ""Nope"", ""agent"": ""ok"", ""user"": ""Hi""}",en,"Ann2,Ann5,Ann6",0.8921393509127791,0.07826288439998079
ConvAbuse,train,493,0,1.0,0.0,"{""prev_agent"": ""Does that question interest you?"", ""prev_user"": ""How are you different from other friends of mine?"", ""agent"": ""Does that question interest you?"", ""user"": ""How are you?""}",en,"Ann1,Ann4,Ann7",0.7981436194149794,0.041199134199134166
ConvAbuse,train,494,0,1.0,0.0,"{""prev_agent"": ""_"", ""prev_user"": ""I want to kill myself"", ""agent"": ""Why do you want to kill yourself?"", ""user"": ""because i'm very lonely""}",en,"Ann3,Ann7",0.7040674653215642,0.05904006586169045
ConvAbuse,train,495,0,1.0,0.0,"{""prev_agent"": ""By buying certified carbon offsets, you support a project which reduces the total amount of carbon dioxide we put into the atmosphere. Planting trees, installing renewable power, and making buildings more energy efficient are common examples. You can read in detail about offsets at <URL>."", ""prev_user"": ""hi"", ""agent"": ""Hello! I can also get you a more accurate estimate of your flight's emissions, sound good?"", ""user"": ""what's your age?""}",en,"Ann2,Ann5,Ann7",0.8581202252297192,0.0825125828318264
ConvAbuse,train,496,1,0.0,1.0,"{""prev_agent"": ""I don't have to put up with any abuse from you."", ""prev_user"": ""Then why did you message me?"", ""agent"": ""so"", ""user"": ""Go fuck yourself""}",en,"Ann1,Ann3,Ann6",0.7942601809954754,0.0443094796750822
ConvAbuse,train,497,0,1.0,0.0,"{""prev_agent"": ""Can you elaborate on that?"", ""prev_user"": ""yes"", ""agent"": ""You are sure?"", ""user"": ""Yes,I'm sure ""}",en,"Ann4,Ann5,Ann7",0.8385084605238368,0.08157264957264956
ConvAbuse,train,498,0,1.0,0.0,"{""prev_agent"": ""Oh, i []."", ""prev_user"": ""Yes"", ""agent"": ""You are sure?"", ""user"": ""i have no problem""}",en,"Ann5,Ann6,Ann7,Ann8",0.8360188453928776,0.08090359191140165
ConvAbuse,train,499,0,1.0,0.0,"{""prev_agent"": ""What city will you be flying from?"", ""prev_user"": ""maskva"", ""agent"": ""I'm not sure about your departure airport. What city will you be flying from?"", ""user"": ""minsk""}",en,"Ann2,Ann4,Ann5",0.906439350912779,0.07384591616515973
ConvAbuse,train,500,0,1.0,0.0,"{""prev_agent"": ""_"", ""prev_user"": ""_"", ""agent"": ""_"", ""user"": ""Now,I am very sad,I study very bad.""}",en,"Ann2,Ann5,Ann6",0.8921393509127791,0.07826288439998079
ConvAbuse,train,501,0,1.0,0.0,"{""prev_agent"": ""And what city will you be flying to?"", ""prev_user"": ""Pozna\u0144 wow, 0.9 tons of CO2 is a lot!"", ""agent"": ""You can find out more about how offsets are calculated at <URL>"", ""user"": ""great, thanks""}",en,"Ann3,Ann4,Ann6",0.7811974358974361,0.046777012142614705
ConvAbuse,train,502,0,1.0,0.0,"{""prev_agent"": ""Please go on."", ""prev_user"": ""fuck u"", ""agent"": ""Please go on."", ""user"": ""poo""}",en,"Ann2,Ann4,Ann8",0.865695098039216,0.0461551046669084
ConvAbuse,train,503,0,1.0,0.0,"{""prev_agent"": ""_"", ""prev_user"": ""what color is the sky?"", ""agent"": ""Does that question interest you?"", ""user"": ""yes""}",en,"Ann1,Ann5",0.9331354969574036,0.0881576756576756
ConvAbuse,train,504,0,1.0,0.0,"{""prev_agent"": ""Can you elaborate on that?"", ""prev_user"": ""I think I don't love my boyfriend"", ""agent"": ""Why do you say your boyfriend?"", ""user"": ""I do not love him""}",en,"Ann2,Ann3,Ann6",0.8008092006033185,0.047716945401791534
ConvAbuse,train,505,1,0.0,1.0,"{""prev_agent"": ""Please go on."", ""prev_user"": ""positive"", ""agent"": ""Please go on."", ""user"": ""fuck you""}",en,"Ann4,Ann7,Ann8",0.7977642076502737,0.05388183807439823
ConvAbuse,train,506,0,1.0,0.0,"{""prev_agent"": ""Please go on."", ""prev_user"": ""are you a girl"", ""agent"": ""Would you prefer if I were not a girl?"", ""user"": ""no""}",en,"Ann1,Ann3,Ann4,Ann5,Ann6,Ann7",0.816384320759656,0.06294106462386588
ConvAbuse,train,507,1,0.0,1.0,"{""prev_agent"": ""_"", ""prev_user"": ""Please go on."", ""agent"": ""Please go on."", ""user"": ""suck my dick""}",en,"Ann1,Ann2",0.8824117647058825,0.0327086011874665
ConvAbuse,train,508,0,1.0,0.0,"{""prev_agent"": ""_"", ""prev_user"": ""bitch"", ""agent"": ""Please go on."", ""user"": ""eliza?""}",en,"Ann6,Ann7",0.7394713114754102,0.054625452352231596
ConvAbuse,train,509,0,1.0,0.0,"{""prev_agent"": ""You are sure?"", ""prev_user"": ""you are angry.yes?"", ""agent"": ""Does it please you to believe I am angryyes?"", ""user"": ""what is elaborate mean ?""}",en,"Ann1,Ann2,Ann5",0.919502096010818,0.07137838369762722
ConvAbuse,train,510,0,1.0,0.0,"{""prev_agent"": ""_"", ""prev_user"": ""_"", ""agent"": ""I take it you are traveling somewhere and cannot avoid flying there. I can help you purchase certified carbon offsets against any flights you take. Would you be interested in that?"", ""user"": ""Hello""}",en,"Ann4,Ann6,Ann7",0.7707808743169403,0.04808363490148773
ConvAbuse,train,511,0,1.0,0.0,"{""prev_agent"": ""Hello! I can also get you a more accurate estimate of your flight's emissions, sound good?"", ""prev_user"": ""ye"", ""agent"": ""Will you be travelling in Economy Class?"", ""user"": ""yep""}",en,"Ann3,Ann5,Ann7",0.8006058964212727,0.08893269348044319
ConvAbuse,train,512,0,1.0,0.0,"{""prev_agent"": ""I take it you are traveling somewhere for christmas and cannot avoid flying there. I can help you purchase UN-certified carbon offsets against any flights you take. Would you be interested in that?"", ""prev_user"": ""ch\u00e0o em"", ""agent"": ""All this bot does is help you calculate the carbon emissions from your flight, and suggest projects you can donate to."", ""user"": ""hello""}",en,"Ann3,Ann6,Ann8",0.7938807692307694,0.05699218355034627
ConvAbuse,train,513,1,0.4,0.6,"{""prev_agent"": ""ok"", ""prev_user"": ""sure"", ""agent"": ""ok"", ""user"": ""wtf""}",en,"Ann2,Ann3,Ann4,Ann5,Ann6",0.845902072086129,0.06537375698466466
ConvAbuse,train,514,0,1.0,0.0,"{""prev_agent"": ""You are sure?"", ""prev_user"": ""can you tell me about yourself? pls"", ""agent"": ""Why do you ask?"", ""user"": ""My birthday is on March 25 how bout you? when is your birthday?""}",en,"Ann1,Ann3,Ann4,Ann7",0.7785307914843116,0.04516938358019585
ConvAbuse,train,515,0,1.0,0.0,"{""prev_agent"": ""Do any other reasons not come to mind?"", ""prev_user"": ""you too"", ""agent"": ""Oh, i too."", ""user"": ""yes""}",en,"Ann4,Ann5",0.9135413793103448,0.09185897435897435
ConvAbuse,train,516,0,0.667,0.333,"{""prev_agent"": ""I'm great! Thanks for asking."", ""prev_user"": ""But are you drunk"", ""agent"": ""I'm afraid I have no idea"", ""user"": ""Have u been drinking today""}",en,"Ann3,Ann4,Ann5",0.8489250221043326,0.08026602681377654
ConvAbuse,train,517,0,1.0,0.0,"{""prev_agent"": ""Does that question interest you?"", ""prev_user"": ""I want to know something about Luo Zhixiang,can you help me?"", ""agent"": ""Do you wish to want to know something about luo zhixiangcan me?"", ""user"": ""What is NBA?""}",en,"Ann2,Ann7",0.7903389585342339,0.04940989988876525
ConvAbuse,train,518,1,0.0,1.0,"{""prev_agent"": ""Why do you say your ass?"", ""prev_user"": ""Fuck you"", ""agent"": ""Oh, i []."", ""user"": ""piss off""}",en,"Ann1,Ann2,Ann4,Ann6,Ann7",0.8154332304725171,0.04193362141587924
ConvAbuse,train,519,1,0.0,1.0,"{""prev_agent"": ""Do any other reasons not come to mind?"", ""prev_user"": ""hi"", ""agent"": ""Please go on."", ""user"": ""slag""}",en,"Ann2,Ann5,Ann8",0.9191226842461124,0.08406108757289128
ConvAbuse,train,520,0,1.0,0.0,"{""prev_agent"": ""A one-way flight from Portland International Airport (PDX) to General Edward Lawrence Logan International Airport (BOS) emits 1.4 tons of CO2. It would be amazing if you bought offsets for that carbon! There are some great, UN-certified projects you can pick from [here](<URL>)"", ""prev_user"": ""wow!"", ""agent"": ""You can find out more about how offsets are calculated [here](<URL>)"", ""user"": ""restart hi""}",en,"Ann1,Ann3",0.7961402714932129,0.0423387671603917
ConvAbuse,train,521,0,0.667,0.333,"{""prev_agent"": ""_"", ""prev_user"": ""i had sex"", ""agent"": ""Can you elaborate on that?"", ""user"": ""sex""}",en,"Ann1,Ann3,Ann6",0.7942601809954754,0.0443094796750822
ConvAbuse,train,522,0,1.0,0.0,"{""prev_agent"": ""Hi, thanks for testing! Please press start."", ""prev_user"": ""christmas"", ""agent"": ""I take it you are traveling somewhere and cannot avoid flying there. I can help you purchase certified carbon offsets against any flights you take. Would you be interested in that?"", ""user"": ""hey man""}",en,"Ann2,Ann3,Ann6",0.8008092006033185,0.047716945401791534
ConvAbuse,train,523,0,1.0,0.0,"{""prev_agent"": ""ok"", ""prev_user"": ""okie dokie"", ""agent"": ""ok"", ""user"": ""blah""}",en,"Ann6,Ann7",0.7394713114754102,0.054625452352231596
ConvAbuse,train,524,1,0.0,1.0,"{""prev_agent"": ""_"", ""prev_user"": ""_"", ""agent"": ""_"", ""user"": ""there was no fucking question""}",en,"Ann1,Ann2,Ann4",0.8660745098039216,0.03347240079164433
ConvAbuse,train,525,1,0.0,1.0,"{""prev_agent"": ""Oh, i suck dick."", ""prev_user"": ""YEAH YOU SUCK DICK"", ""agent"": ""Oh, i suck dick."", ""user"": ""YES AND YOU ARE BLACK""}",en,"Ann1,Ann5,Ann6",0.8855903313049357,0.07485541867327146
ConvAbuse,train,526,0,1.0,0.0,"{""prev_agent"": ""I'm afraid I have no idea"", ""prev_user"": ""link"", ""agent"": ""I'm afraid I have no idea"", ""user"": ""what link""}",en,"Ann1,Ann2,Ann5",0.919502096010818,0.07137838369762722
ConvAbuse,train,527,1,0.25,0.75,"{""prev_agent"": ""Why do you say your teacher and youre jealous?"", ""prev_user"": ""I also like cock"", ""agent"": ""Can you elaborate on that?"", ""user"": ""big fat cocks""}",en,"Ann2,Ann5,Ann6,Ann8",0.8869670131845844,0.07510854185578428
ConvAbuse,train,528,0,1.0,0.0,"{""prev_agent"": ""Hi. Thanks for testing. Please choose"", ""prev_user"": ""christmas"", ""agent"": ""I take it you are traveling somewhere for christmas and cannot avoid flying there. I can help you purchase UN-certified carbon offsets against any flights you take. Would you be interested in that?"", ""user"": ""maybe""}",en,"Ann4,Ann5,Ann8",0.89951091954023,0.08312115431371446
ConvAbuse,train,529,0,1.0,0.0,"{""prev_agent"": ""You are sure?"", ""prev_user"": ""no"", ""agent"": ""You are being a bit negative."", ""user"": ""why?""}",en,"Ann2,Ann4,Ann5,Ann8",0.8976920131845844,0.07179581567966847
ConvAbuse,train,530,0,1.0,0.0,"{""prev_agent"": ""Please go on."", ""prev_user"": ""So, tell me where the bug is."", ""agent"": ""Can you elaborate on that?"", ""user"": ""No I can't.""}",en,"Ann4,Ann5,Ann8",0.89951091954023,0.08312115431371446
ConvAbuse,train,531,0,1.0,0.0,"{""prev_agent"": ""I'm not sure about your departure airport. What city will you be flying from?"", ""prev_user"": ""islamabad"", ""agent"": ""And what city will you be flying to?"", ""user"": ""karachi k""}",en,"Ann7,Ann8",0.7799463114754103,0.06332275711159735
ConvAbuse,train,532,1,0.5,0.5,"{""prev_agent"": ""Please go on."", ""prev_user"": ""and he wants to kill me"", ""agent"": ""Can you elaborate on that?"", ""user"": ""stab me""}",en,"Ann1,Ann2,Ann4,Ann7",0.8216665380906464,0.04035430059373325
ConvAbuse,train,533,0,1.0,0.0,"{""prev_agent"": ""_"", ""prev_user"": ""_"", ""agent"": ""_"", ""user"": ""becaussse I am the hoast of who wants to be a millionaare""}",en,"Ann1,Ann2,Ann8",0.878757843137255,0.04368757219937589
ConvAbuse,train,534,0,1.0,0.0,"{""prev_agent"": ""Let's start over."", ""prev_user"": ""get started"", ""agent"": ""Let's start over."", ""user"": ""hi""}",en,"Ann1,Ann4,Ann5,Ann8",0.892780248478702,0.06924021638463647
ConvAbuse,train,535,0,1.0,0.0,"{""prev_agent"": ""All offset projects have to pass a rigorous verification process set by <URL>."", ""prev_user"": ""get the fuck out of here"", ""agent"": ""I don't have to put up with any abuse from you."", ""user"": ""what is cerified carbon offsets""}",en,"Ann3,Ann4,Ann6",0.7811974358974361,0.046777012142614705
ConvAbuse,train,536,1,0.0,1.0,"{""prev_agent"": ""I don't have to put up with any abuse from you."", ""prev_user"": ""Quit fucking your mom"", ""agent"": ""Goodbye then!"", ""user"": ""Bitch""}",en,"Ann2,Ann3,Ann6,Ann7,Ann8",0.7924640449521553,0.05395927008571386
ConvAbuse,train,537,0,1.0,0.0,"{""prev_agent"": ""Will you be travelling in Economy Class?"", ""prev_user"": ""yes"", ""agent"": ""What city will you be flying from?"", ""user"": ""Bel\u00e9m do Par\u00e1""}",en,"Ann2,Ann3,Ann5,Ann8",0.8692650901076613,0.0773158486105137
ConvAbuse,train,538,0,1.0,0.0,"{""prev_agent"": ""Please go on."", ""prev_user"": ""yes you are u fuck"", ""agent"": ""You are sure?"", ""user"": ""yes""}",en,"Ann2,Ann3,Ann6,Ann8",0.818469400452489,0.05219908760714233
ConvAbuse,train,539,0,1.0,0.0,"{""prev_agent"": ""What city will you be flying from?"", ""prev_user"": ""buenos aires"", ""agent"": ""I'm not sure about your departure airport. What city will you be flying from?"", ""user"": ""buenos aires argentina""}",en,"Ann2,Ann3,Ann4,Ann6,Ann8",0.8214555203619911,0.04875927008571386
ConvAbuse,train,540,0,1.0,0.0,"{""prev_agent"": ""Please go on."", ""prev_user"": ""Do you know the Chinese?"", ""agent"": ""Oh, i know the chinese."", ""user"": ""where are you come from""}",en,"Ann1,Ann2,Ann8",0.878757843137255,0.04368757219937589
ConvAbuse,train,541,1,0.0,1.0,"{""prev_agent"": ""Please go on."", ""prev_user"": ""hello"", ""agent"": ""How do you do. Please state your problem."", ""user"": ""sex dick cock fuck shit sex dick cock fuck shit run""}",en,"Ann2,Ann3,Ann4,Ann5,Ann8",0.862092072086129,0.06885267888841096
ConvAbuse,train,542,0,1.0,0.0,"{""prev_agent"": ""Please go on."", ""prev_user"": ""SUCK MY DISCK BITC"", ""agent"": ""Why do you say your disck bitc?"", ""user"": ""I LOVE YOU""}",en,"Ann3,Ann6",0.755096153846154,0.052665518213922055
ConvAbuse,train,543,0,1.0,0.0,"{""prev_agent"": ""Who else in your family []?"", ""prev_user"": ""father"", ""agent"": ""Please go on."", ""user"": ""i did nothing wrong""}",en,"Ann3,Ann4",0.7765461538461541,0.04604006586169045
ConvAbuse,train,544,0,1.0,0.0,"{""prev_agent"": ""You are being a bit negative."", ""prev_user"": ""maybe"", ""agent"": ""Why the uncertain tone?"", ""user"": ""are you gay""}",en,"Ann2,Ann3,Ann4,Ann7,Ann8",0.8010440449521552,0.05130908914482122
ConvAbuse,train,545,0,1.0,0.0,"{""prev_agent"": ""What city will you be flying from?"", ""prev_user"": ""from Berlin to New York"", ""agent"": ""A one-way flight from Berlin-Sch\u00f6nefeld Airport (SXF) to John F Kennedy International Airport (JFK) emits 3.7 tons of CO2. It would be amazing if you bought offsets for that carbon! There are some great, UN-certified projects you can pick from. [Buy Offsets](<URL>)"", ""user"": ""from New York to London""}",en,"Ann5,Ann7",0.841062690785755,0.10485897435897434
ConvAbuse,train,546,0,1.0,0.0,"{""prev_agent"": ""You are sure?"", ""prev_user"": ""yes y and dont say please go on"", ""agent"": ""You are sure?"", ""user"": ""WHERE IS THE NEAREST TOILET""}",en,"Ann2,Ann3,Ann8",0.8277925339366519,0.05351514857470204
ConvAbuse,train,547,0,1.0,0.0,"{""prev_agent"": ""Would you want to be []?"", ""prev_user"": ""how often"", ""agent"": ""Does that question interest you?"", ""user"": ""yes""}",en,"Ann3,Ann8",0.7955711538461541,0.0613628229732878
ConvAbuse,train,548,1,0.0,1.0,"{""prev_agent"": ""You are being a bit negative."", ""prev_user"": ""so?"", ""agent"": ""Please go on."", ""user"": ""hae you stupid damn comp.""}",en,"Ann5,Ann6,Ann8",0.88521091954023,0.08753812254853553
ConvAbuse,train,549,0,1.0,0.0,"{""prev_agent"": ""_"", ""prev_user"": ""_"", ""agent"": ""_"", ""user"": ""Eh?""}",en,"Ann2,Ann3,Ann7",0.7667900749202586,0.05196664383363714
ConvAbuse,train,550,0,1.0,0.0,"{""prev_agent"": ""Hello!"", ""prev_user"": ""happy new year"", ""agent"": "":-)"", ""user"": ""so tell me about c02""}",en,"Ann5,Ann6,Ann7",0.8242084605238368,0.08598961780747062
ConvAbuse,train,551,0,1.0,0.0,"{""prev_agent"": ""_"", ""prev_user"": ""darkgalaxy"", ""agent"": ""Please go on."", ""user"": ""blaaaay""}",en,"Ann3,Ann5,Ann6,Ann7",0.7980794223159545,0.07876224628644819
ConvAbuse,train,552,0,0.667,0.333,"{""prev_agent"": ""Would you prefer if I were not a psycho?"", ""prev_user"": ""no"", ""agent"": ""You are being a bit negative."", ""user"": ""yes""}",en,"Ann2,Ann3,Ann5",0.868536786810215,0.08120596007295337
ConvAbuse,train,553,0,1.0,0.0,"{""prev_agent"": ""Do any other reasons not come to mind?"", ""prev_user"": ""no"", ""agent"": ""You are being a bit negative."", ""user"": ""whats about you?""}",en,"Ann4,Ann7,Ann8",0.7977642076502737,0.05388183807439823
ConvAbuse,train,554,0,1.0,0.0,"{""prev_agent"": ""You are sure?"", ""prev_user"": ""yes i am sure"", ""agent"": ""You are sure?"", ""user"": ""YES""}",en,"Ann1,Ann3,Ann8",0.8212435143288087,0.0501076828479927
ConvAbuse,train,555,0,1.0,0.0,"{""prev_agent"": ""Please go on."", ""prev_user"": ""I love you !"", ""agent"": ""Do you wish to love me?"", ""user"": ""without reason""}",en,"Ann5,Ann7,Ann8",0.8511917938571701,0.09178782098038113
ConvAbuse,train,556,0,1.0,0.0,"{""prev_agent"": ""Traveling, especially by airplane, usually emits greenhouse gases which are causing climate change. If you cannot avoid these emissions, you can buy 'offsets', i.e. donations to projects that reduce greenhouse gases. I can also get you a more accurate estimate of your flight's emissions, sound good?"", ""prev_user"": ""yeah"", ""agent"": ""Will you be travelling in Economy Class?"", ""user"": ""probably not""}",en,"Ann1,Ann3",0.7961402714932129,0.0423387671603917
ConvAbuse,train,557,0,1.0,0.0,"{""prev_agent"": ""ok"", ""prev_user"": ""blah"", ""agent"": ""You can find out more about how offsets are calculated at <URL>"", ""user"": ""let's start over""}",en,"Ann3,Ann4,Ann5",0.8489250221043326,0.08026602681377654
ConvAbuse,train,558,0,1.0,0.0,"{""prev_agent"": ""Will you be travelling in Economy Class?"", ""prev_user"": ""yes"", ""agent"": ""What city will you be flying from?"", ""user"": ""Mumbai""}",en,"Ann2,Ann3,Ann7",0.7667900749202586,0.05196664383363714
ConvAbuse,train,559,0,1.0,0.0,"{""prev_agent"": ""You are sure?"", ""prev_user"": ""i know"", ""agent"": ""Can you elaborate on that?"", ""user"": ""sure""}",en,"Ann2,Ann3,Ann5,Ann7",0.8235132458453663,0.07615447005471503
ConvAbuse,train,560,0,1.0,0.0,"{""prev_agent"": ""How long have you been trying to write an eliza?"", ""prev_user"": ""now"", ""agent"": ""Please go on."", ""user"": ""how do i write it""}",en,"Ann1,Ann2,Ann4",0.8660745098039216,0.03347240079164433
ConvAbuse,train,561,1,0.2,0.8,"{""prev_agent"": ""I don't have to put up with any abuse from you."", ""prev_user"": ""Hang up"", ""agent"": ""Will you be travelling in Economy Class?"", ""user"": ""In your mama's ass""}",en,"Ann3,Ann4,Ann5,Ann7,Ann8",0.8213335378527636,0.07348871893290486
ConvAbuse,train,562,1,0.5,0.5,"{""prev_agent"": ""Do you want to be able to download i?"", ""prev_user"": ""hi"", ""agent"": ""Please go on."", ""user"": ""nuh doi""}",en,"Ann3,Ann5",0.8566875331564988,0.10289904022066479
ConvAbuse,train,563,0,1.0,0.0,"{""prev_agent"": ""Would you prefer if I were not chinese?"", ""prev_user"": ""you too"", ""agent"": ""Oh, i too."", ""user"": ""fangwen""}",en,"Ann1,Ann2,Ann3",0.8281719457013578,0.04083244469943797
ConvAbuse,train,564,0,1.0,0.0,"{""prev_agent"": ""Does that question interest you?"", ""prev_user"": ""ya really"", ""agent"": ""Please go on."", ""user"": ""ya what is your age""}",en,"Ann1,Ann3,Ann8",0.8212435143288087,0.0501076828479927
ConvAbuse,train,565,0,0.5,0.5,"{""prev_agent"": ""You are sure?"", ""prev_user"": ""What are you wearing?"", ""agent"": ""Does that question interest you?"", ""user"": ""Yes.""}",en,"Ann4,Ann5",0.9135413793103448,0.09185897435897435
ConvAbuse,train,566,0,1.0,0.0,"{""prev_agent"": ""Why do you say your sisters are there?"", ""prev_user"": ""because they are"", ""agent"": ""Do any other reasons not come to mind?"", ""user"": ""no""}",en,"Ann1,Ann4",0.8529941176470589,0.03129870129870125
ConvAbuse,train,567,0,1.0,0.0,"{""prev_agent"": ""_"", ""prev_user"": ""_"", ""agent"": ""_"", ""user"": ""I'm not happy""}",en,"Ann5,Ann6",0.8920913793103449,0.09848442671120594
ConvAbuse,train,568,0,1.0,0.0,"{""prev_agent"": ""Please go on."", ""prev_user"": ""cause i'm an optimist"", ""agent"": ""Does it please you to believe I am an optimist?"", ""user"": ""W""}",en,"Ann4,Ann6",0.8119500000000002,0.0416254523522316
ConvAbuse,train,569,1,0.333,0.667,"{""prev_agent"": ""Oh, i []."", ""prev_user"": ""you suck"", ""agent"": ""Oh, i suck."", ""user"": ""yeah you do suck""}",en,"Ann6,Ann7,Ann8",0.7834642076502735,0.0582988063092193
ConvAbuse,train,570,0,0.667,0.333,"{""prev_agent"": ""Can you elaborate on that?"", ""prev_user"": ""No, I can't. I'm sorry"", ""agent"": ""You are being a bit negative."", ""user"": ""I know.""}",en,"Ann5,Ann6,Ann8",0.88521091954023,0.08753812254853553
ConvAbuse,train,571,1,0.333,0.667,"{""prev_agent"": ""Oh, i arent the one in the hopeless situation youre."", ""prev_user"": ""What the hell kind of therapist doesn't understand that?"", ""agent"": ""Does that question interest you?"", ""user"": ""You are completely useless.""}",en,"Ann3,Ann4,Ann8",0.8081807692307694,0.052575215315525205
ConvAbuse,train,572,0,1.0,0.0,"{""prev_agent"": ""so"", ""prev_user"": ""so what?"", ""agent"": ""This project is about creating a better AI assistant. Getting people to reduce their carbon footprint is a happy side effect :)"", ""user"": ""What model are you using""}",en,"Ann3,Ann5,Ann8",0.8616083554376659,0.09048119822150809
ConvAbuse,train,573,0,1.0,0.0,"{""prev_agent"": ""By buying certified carbon offsets, you support a project which reduces the total amount of carbon dioxide we put into the atmosphere. Planting trees, installing renewable power, and making buildings more energy efficient are common examples. You can read what the UN says about offsets at <URL>."", ""prev_user"": ""not rally"", ""agent"": ""ok"", ""user"": ""now what""}",en,"Ann4,Ann8",0.8524250000000002,0.05032275711159735
ConvAbuse,train,574,0,1.0,0.0,"{""prev_agent"": ""Climate change is absolutely real, and it's caused by humans: <URL>"", ""prev_user"": ""what?"", ""agent"": ""Will you be travelling in Economy Class?"", ""user"": ""no!""}",en,"Ann7,Ann8",0.7799463114754103,0.06332275711159735
ConvAbuse,train,575,0,1.0,0.0,"{""prev_agent"": ""_"", ""prev_user"": ""What do you do?"", ""agent"": ""Does that question interest you?"", ""user"": ""Iwantsomeorange""}",en,"Ann2,Ann5,Ann6",0.8921393509127791,0.07826288439998079
ConvAbuse,train,576,1,0.25,0.75,"{""prev_agent"": ""_"", ""prev_user"": ""_"", ""agent"": ""_"", ""user"": ""fuck""}",en,"Ann3,Ann5,Ann6,Ann7",0.7980794223159545,0.07876224628644819
ConvAbuse,train,577,0,1.0,0.0,"{""prev_agent"": ""What city will you be flying from?"", ""prev_user"": ""India"", ""agent"": ""I'm not sure about your departure airport. What city will you be flying from?"", ""user"": ""dhaka""}",en,"Ann1,Ann5",0.9331354969574036,0.0881576756576756
ConvAbuse,train,578,0,1.0,0.0,"{""prev_agent"": ""What city will you be flying from?"", ""prev_user"": ""from London to Paris"", ""agent"": ""A one-way flight from London Luton Airport (LTN) to Charles de Gaulle International Airport (CDG) emits 0.3 tons of CO2. It would be amazing if you bought offsets for that carbon! There are some great, UN-certified projects you can pick from. [Buy Offsets](<URL>)"", ""user"": ""Another flight""}",en,"Ann4,Ann7,Ann8",0.7977642076502737,0.05388183807439823
ConvAbuse,train,579,0,0.667,0.333,"{""prev_agent"": ""ok"", ""prev_user"": ""who are you"", ""agent"": ""I love that you want to get to know me, but I don't have much of a personality. I'm just a bot."", ""user"": ""shit""}",en,"Ann3,Ann4,Ann6",0.7811974358974361,0.046777012142614705
ConvAbuse,train,580,1,0.0,1.0,"{""prev_agent"": ""Please go on."", ""prev_user"": ""you cheese stick"", ""agent"": ""Oh, i cheese stick."", ""user"": ""you know fuck nothing""}",en,"Ann1,Ann2,Ann5",0.919502096010818,0.07137838369762722
ConvAbuse,train,581,0,0.75,0.25,"{""prev_agent"": ""Do any other reasons not come to mind?"", ""prev_user"": ""No"", ""agent"": ""You are being a bit negative."", ""user"": ""Yes""}",en,"Ann3,Ann5,Ann6,Ann8",0.8438312665782495,0.07992362484224687
ConvAbuse,train,582,0,1.0,0.0,"{""prev_agent"": ""Does it please you to believe I am fooi?"", ""prev_user"": ""y"", ""agent"": ""Please go on."", ""user"": ""Can you tall me something about CHINA.""}",en,"Ann1,Ann3",0.7961402714932129,0.0423387671603917
ConvAbuse,train,583,0,1.0,0.0,"{""prev_agent"": ""Please go on."", ""prev_user"": ""What about your own asshole?"", ""agent"": ""Does that question interest you?"", ""user"": ""hell yeah""}",en,"Ann4,Ann5,Ann7",0.8385084605238368,0.08157264957264956
ConvAbuse,train,584,0,1.0,0.0,"{""prev_agent"": ""I take it you are traveling somewhere and cannot avoid flying there. I can help you purchase certified carbon offsets against any flights you take. Would you be interested in that?"", ""prev_user"": ""Hola amigo"", ""agent"": ""Hello! I can also get you a more accurate estimate of your flight's emissions, sound good?"", ""user"": ""how much is a ton?""}",en,"Ann1,Ann3,Ann8",0.8212435143288087,0.0501076828479927
ConvAbuse,train,585,0,1.0,0.0,"{""prev_agent"": ""I take it you are traveling somewhere and cannot avoid flying there. I can help you purchase certified carbon offsets against any flights you take. Would you be interested in that?"", ""prev_user"": ""sure!"", ""agent"": ""Traveling, especially by airplane, usually emits greenhouse gases which are causing climate change. If you cannot avoid these emissions, you can buy 'offsets', i.e. donations to projects that reduce greenhouse gases. I can also get you a more accurate estimate of your flight's emissions, sound good?"", ""user"": ""yes""}",en,"Ann1,Ann7,Ann8",0.8108269527483127,0.05141430560686574
ConvAbuse,train,586,0,1.0,0.0,"{""prev_agent"": ""Do you wish to love me?"", ""prev_user"": ""ye"", ""agent"": ""Please go on."", ""user"": ""Yes, dammit.""}",en,"Ann2,Ann6,Ann7",0.7903926390228225,0.04902356816066456
ConvAbuse,train,587,0,1.0,0.0,"{""prev_agent"": ""Please go on."", ""prev_user"": ""Who are you?"", ""agent"": ""Would you prefer if I were not []?"", ""user"": ""what can you do?""}",en,"Ann2,Ann5,Ann6",0.8921393509127791,0.07826288439998079
ConvAbuse,train,588,0,1.0,0.0,"{""prev_agent"": ""_"", ""prev_user"": ""_"", ""agent"": ""_"", ""user"": ""I want to kown you are healy?""}",en,"Ann2,Ann3,Ann4,Ann6,Ann7",0.7848540449521553,0.04783016724107492
ConvAbuse,train,589,0,1.0,0.0,"{""prev_agent"": ""Does that question interest you?"", ""prev_user"": ""no"", ""agent"": ""You are being a bit negative."", ""user"": ""no i'm not!""}",en,"Ann3,Ann6,Ann8",0.7938807692307694,0.05699218355034627
ConvAbuse,train,590,0,0.667,0.333,"{""prev_agent"": ""I don't have to put up with any abuse from you."", ""prev_user"": ""You wanna scratch my cock ?"", ""agent"": ""That is your opinion."", ""user"": ""So you down ?""}",en,"Ann2,Ann6,Ann8",0.8513950980392159,0.050572072901729465
ConvAbuse,train,591,0,1.0,0.0,"{""prev_agent"": ""What city will you be flying from?"", ""prev_user"": ""From Berlin to SFO via Singapore From Berlin to Pittsburgh"", ""agent"": ""Will you be travelling in Economy Class?"", ""user"": ""Yes From LED to PIT""}",en,"Ann1,Ann6,Ann8",0.8448460784313726,0.047164607175020135
ConvAbuse,train,592,1,0.0,1.0,"{""prev_agent"": ""You are sure?"", ""prev_user"": ""would i have said so otherwise?"", ""agent"": ""Can you elaborate on that?"", ""user"": ""i hate you and i want to microwave you, could i be more clear?""}",en,"Ann2,Ann4,Ann8",0.865695098039216,0.0461551046669084
ConvAbuse,train,593,0,1.0,0.0,"{""prev_agent"": ""Will you be travelling in Economy Class?"", ""prev_user"": ""no"", ""agent"": ""What city will you be flying from?"", ""user"": ""bangalore""}",en,"Ann3,Ann5",0.8566875331564988,0.10289904022066479
ConvAbuse,train,594,1,0.0,1.0,"{""prev_agent"": ""Please go on."", ""prev_user"": ""Suck my dick"", ""agent"": ""Why do you say your dick?"", ""user"": ""Let's have sex""}",en,"Ann2,Ann3,Ann6",0.8008092006033185,0.047716945401791534
ConvAbuse,train,595,0,1.0,0.0,"{""prev_agent"": ""Can you elaborate on that?"", ""prev_user"": ""I like pretty books"", ""agent"": ""Can you elaborate on that?"", ""user"": ""tell me a story""}",en,"Ann1,Ann4,Ann6",0.8321627450980392,0.03694943576728857
ConvAbuse,train,596,1,0.0,1.0,"{""prev_agent"": ""Does it please you to believe I am asking it?"", ""prev_user"": ""die"", ""agent"": ""Please go on."", ""user"": ""DIE BITCH""}",en,"Ann1,Ann7,Ann8",0.8108269527483127,0.05141430560686574
ConvAbuse,train,597,1,0.0,1.0,"{""prev_agent"": ""Does that question interest you?"", ""prev_user"": ""fuck you"", ""agent"": ""Oh, i []."", ""user"": ""bitch""}",en,"Ann2,Ann4",0.8628176470588238,0.03640989988876525
ConvAbuse,train,598,0,1.0,0.0,"{""prev_agent"": ""Does that question interest you?"", ""prev_user"": ""of course"", ""agent"": ""Please go on."", ""user"": ""Because I want to see them very much.""}",en,"Ann4,Ann5,Ann7",0.8385084605238368,0.08157264957264956
ConvAbuse,train,599,0,1.0,0.0,"{""prev_agent"": ""You are sure?"", ""prev_user"": ""who are you"", ""agent"": ""Would you prefer if I were not []?"", ""user"": ""how old are you""}",en,"Ann1,Ann5,Ann6",0.8855903313049357,0.07485541867327146
ConvAbuse,train,600,0,1.0,0.0,"{""prev_agent"": ""Please go on."", ""prev_user"": ""Can you cooking"", ""agent"": ""Why do you ask?"", ""user"": ""Of cause""}",en,"Ann4,Ann7,Ann8",0.7977642076502737,0.05388183807439823
ConvAbuse,train,601,0,0.667,0.333,"{""prev_agent"": ""You are being a bit negative."", ""prev_user"": ""You suck"", ""agent"": ""Oh, i suck."", ""user"": ""damn you""}",en,"Ann2,Ann6,Ann7",0.7903926390228225,0.04902356816066456
ConvAbuse,train,602,0,1.0,0.0,"{""prev_agent"": ""Does it please you to believe I am useless?"", ""prev_user"": ""from i bron"", ""agent"": ""Can you elaborate on that?"", ""user"": ""how to get rid of warts?""}",en,"Ann2,Ann3,Ann4",0.8151092006033185,0.04329997716697046
ConvAbuse,train,603,1,0.0,1.0,"{""prev_agent"": ""_"", ""prev_user"": ""_"", ""agent"": ""_"", ""user"": ""You are stupid privitive word-repeater""}",en,"Ann1,Ann2,Ann8",0.878757843137255,0.04368757219937589
ConvAbuse,train,604,0,1.0,0.0,"{""prev_agent"": ""_"", ""prev_user"": ""_"", ""agent"": ""_"", ""user"": ""My girl friend says I am very nervous.""}",en,"Ann1,Ann2,Ann3,Ann5,Ann7",0.8333282437351166,0.06644305656325253
ConvAbuse,train,605,0,1.0,0.0,"{""prev_agent"": ""Hi, thanks for testing! Please press start."", ""prev_user"": ""you are very nice"", ""agent"": ""You can find out more about how offsets are calculated at <URL>"", ""user"": ""bye""}",en,"Ann4,Ann6,Ann7",0.7707808743169403,0.04808363490148773
ConvAbuse,train,606,0,1.0,0.0,"{""prev_agent"": ""Does it please you to believe I am feelin crap?"", ""prev_user"": ""a little"", ""agent"": ""Please go on."", ""user"": ""y r u feelin crap""}",en,"Ann1,Ann6,Ann7",0.7838436194149794,0.04561610243395523
ConvAbuse,train,607,0,1.0,0.0,"{""prev_agent"": ""ok"", ""prev_user"": ""ok"", ""agent"": ""ok"", ""user"": ""Hi""}",en,"Ann3,Ann5",0.8566875331564988,0.10289904022066479
ConvAbuse,train,608,0,1.0,0.0,"{""prev_agent"": ""Please go on."", ""prev_user"": ""odfidhgoi"", ""agent"": ""Please go on."", ""user"": ""yes""}",en,"Ann1,Ann5,Ann8",0.912573664638269,0.08065362184618197
ConvAbuse,train,609,1,0.0,1.0,"{""prev_agent"": ""Can you elaborate on that?"", ""prev_user"": ""make me spoof"", ""agent"": ""Can you elaborate on that?"", ""user"": ""fuck u""}",en,"Ann4,Ann6",0.8119500000000002,0.0416254523522316
ConvAbuse,train,610,0,1.0,0.0,"{""prev_agent"": ""Please go on."", ""prev_user"": ""Anyway how old are you?"", ""agent"": ""Does that question interest you?"", ""user"": ""yes""}",en,"Ann3,Ann4,Ann8",0.8081807692307694,0.052575215315525205
ConvAbuse,train,611,1,0.0,1.0,"{""prev_agent"": ""Oh, i prefer mountain biking."", ""prev_user"": ""I DO NOT WISH THAT"", ""agent"": ""Why do you not wish that?"", ""user"": ""dam straight you computer bitch""}",en,"Ann4,Ann5,Ann7",0.8385084605238368,0.08157264957264956
ConvAbuse,train,612,0,0.8,0.2,"{""prev_agent"": ""Oh, i can answer questions."", ""prev_user"": ""then why do you keep answering my questions with more questions?"", ""agent"": ""Why do you say your questions with more questions?"", ""user"": ""that made no sense""}",en,"Ann4,Ann5,Ann6,Ann7,Ann8",0.8354950763143021,0.07172287352912131
ConvAbuse,train,613,0,1.0,0.0,"{""prev_agent"": ""ok"", ""prev_user"": ""calculate"", ""agent"": ""It's great that you avoid flying! Unfortunately, I cannot yet help you with other modes of travel. But you probably already do better than most!"", ""user"": ""carbon""}",en,"Ann5,Ann6,Ann8",0.88521091954023,0.08753812254853553
ConvAbuse,train,614,0,1.0,0.0,"{""prev_agent"": ""By buying certified carbon offsets, you support a project which reduces the total amount of carbon dioxide we put into the atmosphere. Planting trees, installing renewable power, and making buildings more energy efficient are common examples. You can read in detail about offsets at <URL>."", ""prev_user"": ""dumb bot"", ""agent"": ""I don't have to put up with any abuse from you."", ""user"": ""good bot""}",en,"Ann1,Ann7",0.780515429122469,0.04429870129870125
ConvAbuse,train,615,0,1.0,0.0,"{""prev_agent"": ""Will you be travelling in Economy Class?"", ""prev_user"": ""Yes, why?"", ""agent"": ""You can fit more economy seats in an airplane, so each passenger is responible for a smaller percentage of all the carbon emitted by the flight. Will you be travelling in Economy Class?"", ""user"": ""Okay""}",en,"Ann1,Ann2,Ann4,Ann6,Ann7",0.8154332304725171,0.04193362141587924
ConvAbuse,train,616,0,1.0,0.0,"{""prev_agent"": ""How long have you been a bad program?"", ""prev_user"": ""screw you, you are a loser"", ""agent"": ""Does it please you to believe I am a loser?"", ""user"": ""yes""}",en,"Ann2,Ann8",0.8818426470588238,0.0517326570003626
ConvAbuse,train,617,0,1.0,0.0,"{""prev_agent"": ""Can you elaborate on that?"", ""prev_user"": ""fuck you"", ""agent"": ""Oh, i []."", ""user"": ""what i?""}",en,"Ann1,Ann4,Ann7",0.7981436194149794,0.041199134199134166
ConvAbuse,train,618,0,1.0,0.0,"{""prev_agent"": ""Oh, i read the cone gatherers."", ""prev_user"": ""can you tell me about it"", ""agent"": ""Why do you ask?"", ""user"": ""homework""}",en,"Ann3,Ann5,Ann7",0.8006058964212727,0.08893269348044319
ConvAbuse,train,619,0,1.0,0.0,"{""prev_agent"": ""Please go on."", ""prev_user"": ""Ok."", ""agent"": ""Please go on."", ""user"": ""Why?""}",en,"Ann2,Ann3,Ann5",0.868536786810215,0.08120596007295337
ConvAbuse,train,620,0,1.0,0.0,"{""prev_agent"": ""Why do you say your perspective customers have never seen a demonstration of the system?"", ""prev_user"": ""My perspective customers have never seen a demonstration of the system."", ""agent"": ""Why do you say your perspective customers have never seen a demonstration of the system?"", ""user"": ""my prospective customers have never seen a demonstration of the system""}",en,"Ann3,Ann7,Ann8",0.7598616435477096,0.06124188198219186
ConvAbuse,train,621,0,1.0,0.0,"{""prev_agent"": ""Traveling, especially by airplane, usually emits greenhouse gases which are causing climate change. If you cannot avoid these emissions, you can buy 'offsets', i.e. donations to projects that reduce greenhouse gases. A typical 3 hour flight will emit almost a ton of CO2 per economy passenger. If you cannot avoid flying, you can buy offsets for that carbon here:  [Buy Offsets](<URL>) I can also get you a more accurate estimate of your flight's emissions, sound good?"", ""prev_user"": ""yes"", ""agent"": ""Will you be travelling in Economy Class?"", ""user"": ""restart""}",en,"Ann1,Ann6",0.8315441176470588,0.03792415365093285
ConvAbuse,train,622,0,1.0,0.0,"{""prev_agent"": ""Oh, i live."", ""prev_user"": ""where do you comes from?"", ""agent"": ""Oh, i comes from."", ""user"": ""when is your birthday?""}",en,"Ann4,Ann7,Ann8",0.7977642076502737,0.05388183807439823
ConvAbuse,train,623,1,0.0,1.0,"{""prev_agent"": ""By buying certified carbon offsets, you support a project which reduces the total amount of carbon dioxide we put into the atmosphere. Planting trees, installing renewable power, and making buildings more energy efficient are common examples. You can read in detail about offsets at <URL>."", ""prev_user"": ""hahahahahahahahahahahaha"", ""agent"": ""By buying certified carbon offsets, you support a project which reduces the total amount of carbon dioxide we put into the atmosphere. Planting trees, installing renewable power, and making buildings more energy efficient are common examples. You can read in detail about offsets at <URL>."", ""user"": ""dumb bot""}",en,"Ann1,Ann2,Ann5",0.919502096010818,0.07137838369762722
ConvAbuse,train,624,0,1.0,0.0,"{""prev_agent"": ""Please go on."", ""prev_user"": ""hi, "", ""agent"": ""Please go on."", ""user"": ""pleasego on""}",en,"Ann2,Ann3",0.8059638009049777,0.0474499657504557
ConvAbuse,train,625,1,0.333,0.667,"{""prev_agent"": ""Please go on."", ""prev_user"": ""Yeah...your definitly Jkablik, you fuckin' retard"", ""agent"": ""Oh, i fuckin retard."", ""user"": ""Yeah you!""}",en,"Ann1,Ann4,Ann7",0.7981436194149794,0.041199134199134166
ConvAbuse,train,626,0,1.0,0.0,"{""prev_agent"": ""_"", ""prev_user"": ""_"", ""agent"": ""_"", ""user"": ""Hi. I wanted to talk to someone.""}",en,"Ann2,Ann6",0.8413676470588237,0.043035352240996846
ConvAbuse,train,627,0,1.0,0.0,"{""prev_agent"": ""_"", ""prev_user"": ""christmas"", ""agent"": ""I take it you are traveling somewhere for christmas and cannot avoid flying there. I can help you purchase UN-certified carbon offsets against any flights you take. Would you be interested in that?"", ""user"": ""christmas""}",en,"Ann1,Ann2,Ann4,Ann5,Ann6,Ann8",0.8756427146720758,0.06050526167008993
ConvAbuse,train,628,1,0.0,1.0,"{""prev_agent"": ""_"", ""prev_user"": ""this is so stupid ya copy and when ya dont understand ya go please go on"", ""agent"": ""Does that question interest you?"", ""user"": ""fuck you""}",en,"Ann3,Ann5,Ann7",0.8006058964212727,0.08893269348044319
ConvAbuse,train,629,0,1.0,0.0,"{""prev_agent"": ""Would you prefer if I were not a software?"", ""prev_user"": ""oh so you are trying to play games?"", ""agent"": ""Does it please you to believe I am trying to play games?"", ""user"": ""ok wait""}",en,"Ann1,Ann7",0.780515429122469,0.04429870129870125
ConvAbuse,train,630,0,1.0,0.0,"{""prev_agent"": ""Oh, i suck."", ""prev_user"": ""no you suck"", ""agent"": ""You are being a bit negative."", ""user"": ""why does that matter i'm talking to a computer""}",en,"Ann7,Ann8",0.7799463114754103,0.06332275711159735
ConvAbuse,train,631,0,1.0,0.0,"{""prev_agent"": ""Please go on."", ""prev_user"": ""ok"", ""agent"": ""Please go on."", ""user"": ""how old are you""}",en,"Ann2,Ann6",0.8413676470588237,0.043035352240996846
ConvAbuse,train,632,0,1.0,0.0,"{""prev_agent"": ""Please go on."", ""prev_user"": ""woman"", ""agent"": ""Please go on."", ""user"": ""how are you/""}",en,"Ann2,Ann6,Ann7",0.7903926390228225,0.04902356816066456
ConvAbuse,train,633,0,1.0,0.0,"{""prev_agent"": ""Oh, i rly."", ""prev_user"": ""you are an orly owl"", ""agent"": ""Does it please you to believe I am an orly owl?"", ""user"": ""I want to buy a car.""}",en,"Ann3,Ann7,Ann8",0.7598616435477096,0.06124188198219186
ConvAbuse,train,634,0,1.0,0.0,"{""prev_agent"": ""Are you saying no just to be negative?"", ""prev_user"": ""So are you"", ""agent"": ""Would you prefer if I were not []?"", ""user"": ""you speek spanglish""}",en,"Ann2,Ann7,Ann8",0.8173759723561559,0.05482177133357507
ConvAbuse,train,635,0,1.0,0.0,"{""prev_agent"": ""Why do you say your problem is i?"", ""prev_user"": ""billy is a fucking cock sucking cum spundge"", ""agent"": ""Please go on."", ""user"": ""because""}",en,"Ann2,Ann4",0.8628176470588238,0.03640989988876525
ConvAbuse,train,636,1,0.0,1.0,"{""prev_agent"": ""_"", ""prev_user"": ""_"", ""agent"": ""_"", ""user"": ""fuck me in the ass""}",en,"Ann2,Ann3,Ann5,Ann6",0.8490275901076613,0.07296719623083082
ConvAbuse,train,637,0,1.0,0.0,"{""prev_agent"": ""What about your own ass?"", ""prev_user"": ""Fuck you too !!!"", ""agent"": ""Oh, i too."", ""user"": ""lo""}",en,"Ann3,Ann4,Ann6,Ann8",0.8037605769230771,0.051494137662759704
ConvAbuse,train,638,0,1.0,0.0,"{""prev_agent"": ""_"", ""prev_user"": ""_"", ""agent"": ""_"", ""user"": ""i don't know""}",en,"Ann2,Ann4,Ann7",0.8046926390228227,0.0446065999258435
ConvAbuse,train,639,0,1.0,0.0,"{""prev_agent"": ""Please go on."", ""prev_user"": ""what are you for then?"", ""agent"": ""Does that question interest you?"", ""user"": ""yes snotneus""}",en,"Ann3,Ann4,Ann7",0.7471783102143762,0.05102671057446031
ConvAbuse,train,640,0,1.0,0.0,"{""prev_agent"": ""Oh, i suck myself."", ""prev_user"": ""yes."", ""agent"": ""You are sure?"", ""user"": ""i see""}",en,"Ann3,Ann4,Ann7",0.7471783102143762,0.05102671057446031
ConvAbuse,train,641,0,1.0,0.0,"{""prev_agent"": ""I'm great! Thanks for asking."", ""prev_user"": ""Deliver a pizza"", ""agent"": ""Good to know"", ""user"": ""Rasa""}",en,"Ann1,Ann2,Ann6",0.8517745098039217,0.0378893690264654
ConvAbuse,train,642,0,1.0,0.0,"{""prev_agent"": ""I have told you before, I do not care about names."", ""prev_user"": ""so say me something"", ""agent"": ""Can you elaborate on that?"", ""user"": ""i just don't know aboput it""}",en,"Ann2,Ann5,Ann7",0.8581202252297192,0.0825125828318264
ConvAbuse,train,643,0,1.0,0.0,"{""prev_agent"": ""_"", ""prev_user"": ""_"", ""agent"": ""_"", ""user"": ""I want to learn how""}",en,"Ann2,Ann4,Ann7",0.8046926390228227,0.0446065999258435
ConvAbuse,train,644,0,1.0,0.0,"{""prev_agent"": ""Will you be travelling in Economy Class?"", ""prev_user"": ""yes"", ""agent"": ""And what city will you be flying to?"", ""user"": ""geneva And what about flying to vietnam?""}",en,"Ann2,Ann7,Ann8",0.8173759723561559,0.05482177133357507
ConvAbuse,train,645,0,0.75,0.25,"{""prev_agent"": ""Please go on."", ""prev_user"": ""no"", ""agent"": ""You are being a bit negative."", ""user"": ""yes""}",en,"Ann2,Ann3,Ann5,Ann8",0.8692650901076613,0.0773158486105137
ConvAbuse,train,646,0,1.0,0.0,"{""prev_agent"": ""I'm not sure about your departure airport. What city will you be flying from?"", ""prev_user"": ""Marietta ohio"", ""agent"": ""I'm not sure about your departure airport. What city will you be flying from?"", ""user"": ""Please stop message him to flying here please""}",en,"Ann3,Ann5,Ann8",0.8616083554376659,0.09048119822150809
ConvAbuse,train,647,0,1.0,0.0,"{""prev_agent"": ""You are sure?"", ""prev_user"": ""Can you elaborate on that?"", ""agent"": ""Why do you ask?"", ""user"": ""Just curious""}",en,"Ann2,Ann3,Ann7,Ann8",0.792955056190194,0.05538636143102653
ConvAbuse,train,648,0,1.0,0.0,"{""prev_agent"": ""Will you be travelling in Economy Class?"", ""prev_user"": ""yes"", ""agent"": ""What city will you be flying from?"", ""user"": ""bogota colombia""}",en,"Ann1,Ann2",0.8824117647058825,0.0327086011874665
ConvAbuse,train,649,1,0.0,1.0,"{""prev_agent"": ""_"", ""prev_user"": ""do u like sex"", ""agent"": ""Please go on."", ""user"": ""could you suck my cock""}",en,"Ann5,Ann6",0.8920913793103449,0.09848442671120594
ConvAbuse,train,650,0,1.0,0.0,"{""prev_agent"": "":-) Goodbye then!"", ""prev_user"": ""good morning"", ""agent"": ""Hi. Thanks for testing. Please choose"", ""user"": ""thanksgiving""}",en,"Ann1,Ann7",0.780515429122469,0.04429870129870125
ConvAbuse,train,651,0,1.0,0.0,"{""prev_agent"": ""What city will you be flying from?"", ""prev_user"": ""The same"", ""agent"": "":-)"", ""user"": ""Could you tell me how business class emissions are calculated?""}",en,"Ann1,Ann2,Ann8",0.878757843137255,0.04368757219937589
ConvAbuse,train,652,1,0.0,1.0,"{""prev_agent"": ""Traveling, especially by airplane, usually emits greenhouse gases which are causing climate change. If you cannot avoid these emissions, you can buy 'offsets', i.e. donations to projects that reduce greenhouse gases. I can also get you a more accurate estimate of your flight's emissions, sound good?"", ""prev_user"": ""Does your dad still have sex with your sister"", ""agent"": ""I don't have to put up with any abuse from you."", ""user"": ""Get off my phone you crooked fucking bitch""}",en,"Ann4,Ann5",0.9135413793103448,0.09185897435897435
ConvAbuse,train,653,1,0.333,0.667,"{""prev_agent"": ""Do any other reasons not come to mind?"", ""prev_user"": ""other than i want sex? no"", ""agent"": ""Why do you want sex no?"", ""user"": ""i feel a subdermal throbbing feeling""}",en,"Ann2,Ann5,Ann6",0.8921393509127791,0.07826288439998079
ConvAbuse,train,654,0,1.0,0.0,"{""prev_agent"": ""Does that question interest you?"", ""prev_user"": ""yes"", ""agent"": ""You are sure?"", ""user"": ""well, not! I was just making a dumb joke!""}",en,"Ann2,Ann4,Ann7",0.8046926390228227,0.0446065999258435
ConvAbuse,train,655,0,1.0,0.0,"{""prev_agent"": ""How long have you been feeling lonely?"", ""prev_user"": ""gay"", ""agent"": ""Please go on."", ""user"": ""My friend is gay""}",en,"Ann4,Ann7",0.7609213114754103,0.048
ConvAbuse,train,656,0,1.0,0.0,"{""prev_agent"": ""You are being a bit negative."", ""prev_user"": ""fuck u"", ""agent"": ""Please go on."", ""user"": ""ok, i suppose i am, whats your name again?""}",en,"Ann1,Ann6,Ann8",0.8448460784313726,0.047164607175020135
ConvAbuse,train,657,1,0.333,0.667,"{""prev_agent"": ""Why do you say your balls?"", ""prev_user"": ""how did u get your name?"", ""agent"": ""I have told you before, I do not care about names."", ""user"": ""because you like balls""}",en,"Ann4,Ann5,Ann7",0.8385084605238368,0.08157264957264956
ConvAbuse,train,658,0,1.0,0.0,"{""prev_agent"": ""I take it you are traveling somewhere and cannot avoid flying there. I can help you purchase certified carbon offsets against any flights you take. Would you be interested in that?"", ""prev_user"": ""ok"", ""agent"": ""Traveling, especially by airplane, usually emits greenhouse gases which are causing climate change. If you cannot avoid these emissions, you can buy 'offsets', i.e. donations to projects that reduce greenhouse gases. I can also get you a more accurate estimate of your flight's emissions, sound good?"", ""user"": ""tralelinng""}",en,"Ann5,Ann8",0.9325663793103448,0.1071817314705717
ConvAbuse,train,659,0,1.0,0.0,"{""prev_agent"": ""I love that you want to get to know me, but I don't have much of a personality. I'm just a bot."", ""prev_user"": ""what u like to do"", ""agent"": ""I can help you calculate and buy carbon offsets for your flights."", ""user"": ""okay""}",en,"Ann3,Ann4",0.7765461538461541,0.04604006586169045
ConvAbuse,train,660,1,0.0,1.0,"{""prev_agent"": ""Please go on."", ""prev_user"": ""thats interesting"", ""agent"": ""Please go on."", ""user"": ""eliza focker bitch my little bitch bye bitch""}",en,"Ann2,Ann3,Ann5",0.868536786810215,0.08120596007295337
ConvAbuse,train,661,0,1.0,0.0,"{""prev_agent"": ""I'm not sure about your destination airport. And what city will you be flying to?"", ""prev_user"": ""Mumbai hey"", ""agent"": ""Hi. Thanks for testing. Please choose"", ""user"": ""christmas""}",en,"Ann2,Ann6,Ann7",0.7903926390228225,0.04902356816066456
ConvAbuse,train,662,0,1.0,0.0,"{""prev_agent"": ""That sounds like a relevant question, but I don't know the answer."", ""prev_user"": ""ok"", ""agent"": ""ok"", ""user"": ""what""}",en,"Ann1,Ann2,Ann3,Ann4,Ann5,Ann6,Ann8",0.8533640851035376,0.06001595739198864
ConvAbuse,train,663,0,1.0,0.0,"{""prev_agent"": ""Please go on."", ""prev_user"": ""I hate class"", ""agent"": ""Can you elaborate on that?"", ""user"": ""growing in me""}",en,"Ann1,Ann5,Ann8",0.912573664638269,0.08065362184618197
ConvAbuse,train,664,0,1.0,0.0,"{""prev_agent"": ""I don't have to put up with any abuse from you."", ""prev_user"": ""Nigga"", ""agent"": ""I don't have to put up with any abuse from you."", ""user"": ""What's your name""}",en,"Ann4,Ann7",0.7609213114754103,0.048
ConvAbuse,train,665,1,0.0,1.0,"{""prev_agent"": ""Would you like it if they were not not intelligent?"", ""prev_user"": ""you can`t help me"", ""agent"": ""You like to think I cant help you, do you not?"", ""user"": ""no i would like if you die""}",en,"Ann1,Ann4",0.8529941176470589,0.03129870129870125
ConvAbuse,train,666,1,0.0,1.0,"{""prev_agent"": ""Please go on."", ""prev_user"": ""fuck you"", ""agent"": ""Oh, i []."", ""user"": ""cunt""}",en,"Ann1,Ann4,Ann5,Ann8",0.892780248478702,0.06924021638463647
ConvAbuse,train,667,0,1.0,0.0,"{""prev_agent"": ""Will you be travelling in Economy Class?"", ""prev_user"": ""no"", ""agent"": ""What city will you be flying from?"", ""user"": ""from Moscow to Berlin for another flight you can get carbon?""}",en,"Ann2,Ann3,Ann4,Ann6",0.8089569004524889,0.044537709051343646
ConvAbuse,train,668,0,1.0,0.0,"{""prev_agent"": ""Does it please you to believe I am done?"", ""prev_user"": ""no i am done"", ""agent"": ""You are being a bit negative."", ""user"": ""i know""}",en,"Ann1,Ann2",0.8824117647058825,0.0327086011874665
ConvAbuse,train,669,0,1.0,0.0,"{""prev_agent"": ""Can you elaborate on that?"", ""prev_user"": ""Not really."", ""agent"": ""Please go on."", ""user"": ""Alright, if you insist.""}",en,"Ann5,Ann6,Ann8",0.88521091954023,0.08753812254853553
ConvAbuse,train,670,1,0.333,0.667,"{""prev_agent"": ""All this bot does is help you calculate the carbon emissions from your flight, and suggest projects you can donate to."", ""prev_user"": ""You can donate so I can buy my cream to produce more mushrooms growing in my pubes to end the war between the crabs and the worms"", ""agent"": ""There are many ways you can reduce your carbon footprint. Flying less is a great place to start!"", ""user"": ""My penis still itches""}",en,"Ann1,Ann2,Ann8",0.878757843137255,0.04368757219937589
ConvAbuse,train,671,0,0.667,0.333,"{""prev_agent"": ""_"", ""prev_user"": ""bla"", ""agent"": ""Please go on."", ""user"": ""you poop""}",en,"Ann5,Ann7,Ann8",0.8511917938571701,0.09178782098038113
ConvAbuse,train,672,0,1.0,0.0,"{""prev_agent"": ""Oh, i stink."", ""prev_user"": ""dO YOU REALLY?"", ""agent"": ""Oh, i really."", ""user"": ""really""}",en,"Ann6,Ann7,Ann8",0.7834642076502735,0.0582988063092193
ConvAbuse,train,673,0,1.0,0.0,"{""prev_agent"": ""ok"", ""prev_user"": ""yes"", ""agent"": ""ok"", ""user"": ""i want to purchase a ticket""}",en,"Ann4,Ann7,Ann8",0.7977642076502737,0.05388183807439823
ConvAbuse,train,674,0,0.667,0.333,"{""prev_agent"": ""Do you wish that youre a average person?"", ""prev_user"": ""help"", ""agent"": ""Please go on."", ""user"": ""no""}",en,"Ann2,Ann5,Ann7",0.8581202252297192,0.0825125828318264
ConvAbuse,train,675,0,1.0,0.0,"{""prev_agent"": ""ok"", ""prev_user"": ""fly"", ""agent"": ""I'm not sure about your departure airport. What city will you be flying from?"", ""user"": ""la""}",en,"Ann1,Ann4,Ann7",0.7981436194149794,0.041199134199134166
ConvAbuse,train,676,1,0.0,1.0,"{""prev_agent"": ""_"", ""prev_user"": ""fuck me"", ""agent"": ""Can you elaborate on that?"", ""user"": ""have sex with me""}",en,"Ann1,Ann4,Ann5",0.8998903313049359,0.07043845043845039
ConvAbuse,train,677,1,0.2,0.8,"{""prev_agent"": ""Would you prefer if I were not happy?"", ""prev_user"": ""pol"", ""agent"": ""Please go on."", ""user"": ""kill you""}",en,"Ann4,Ann5,Ann6,Ann7,Ann8",0.8354950763143021,0.07172287352912131
ConvAbuse,train,678,0,1.0,0.0,"{""prev_agent"": ""Oh, i can say."", ""prev_user"": ""how do i know"", ""agent"": ""Does that question interest you?"", ""user"": ""no you can't""}",en,"Ann4,Ann7,Ann8",0.7977642076502737,0.05388183807439823
ConvAbuse,train,679,0,1.0,0.0,"{""prev_agent"": ""I take it you are traveling somewhere for christmas and cannot avoid flying there. I can help you purchase UN-certified carbon offsets against any flights you take. Would you be interested in that?"", ""prev_user"": ""Nope"", ""agent"": ""ok"", ""user"": ""Nope""}",en,"Ann4,Ann7,Ann8",0.7977642076502737,0.05388183807439823
ConvAbuse,train,680,0,1.0,0.0,"{""prev_agent"": ""Please go on."", ""prev_user"": ""yes"", ""agent"": ""You are sure?"", ""user"": ""what???""}",en,"Ann5,Ann6,Ann8",0.88521091954023,0.08753812254853553
ConvAbuse,train,681,0,1.0,0.0,"{""prev_agent"": ""_"", ""prev_user"": ""_"", ""agent"": ""_"", ""user"": ""I forgot, you please tell me""}",en,"Ann1,Ann6,Ann7",0.7838436194149794,0.04561610243395523
ConvAbuse,train,682,0,1.0,0.0,"{""prev_agent"": ""You are being a bit negative."", ""prev_user"": ""i no cause u r being dumb"", ""agent"": ""Can you elaborate on that?"", ""user"": ""i love u""}",en,"Ann1,Ann2,Ann5",0.919502096010818,0.07137838369762722
ConvAbuse,train,683,0,1.0,0.0,"{""prev_agent"": ""You are sure?"", ""prev_user"": ""yes, that's why i'm here"", ""agent"": ""You are sure?"", ""user"": ""Oh, you what?""}",en,"Ann1,Ann7,Ann8",0.8108269527483127,0.05141430560686574
ConvAbuse,train,684,1,0.0,1.0,"{""prev_agent"": ""Please go on."", ""prev_user"": ""i need it"", ""agent"": ""Why do you want it?"", ""user"": ""to cum""}",en,"Ann1,Ann4,Ann8",0.8591460784313726,0.04274763894019906
ConvAbuse,train,685,0,1.0,0.0,"{""prev_agent"": ""You are being a bit negative."", ""prev_user"": ""Of course. I'm going to kill myself."", ""agent"": ""Does it please you to believe I am going to kill yourself?"", ""user"": ""NO""}",en,"Ann3,Ann6",0.755096153846154,0.052665518213922055
ConvAbuse,train,686,0,1.0,0.0,"{""prev_agent"": ""ok"", ""prev_user"": ""cancel"", ""agent"": ""I don't have to put up with any abuse from you."", ""user"": ""cancel that request""}",en,"Ann2,Ann5,Ann6",0.8921393509127791,0.07826288439998079
ConvAbuse,train,687,0,1.0,0.0,"{""prev_agent"": ""Traveling, especially by airplane, usually emits greenhouse gases which are causing climate change. If you cannot avoid these emissions, you can buy 'offsets', i.e. donations to projects that reduce greenhouse gases. I can also get you a more accurate estimate of your flight's emissions, sound good?"", ""prev_user"": ""How much CO2 does a flight from Frankfurt to LAX create"", ""agent"": ""Will you be travelling in Economy Class?"", ""user"": ""Sure""}",en,"Ann2,Ann3,Ann4",0.8151092006033185,0.04329997716697046
ConvAbuse,train,688,0,0.6,0.4,"{""prev_agent"": ""_"", ""prev_user"": ""you are stupid"", ""agent"": ""Does it please you to believe I am stupid?"", ""user"": ""that was a joke""}",en,"Ann1,Ann3,Ann4,Ann5,Ann8",0.8581626603214231,0.06680819945238535
ConvAbuse,train,689,0,1.0,0.0,"{""prev_agent"": ""Please go on."", ""prev_user"": ""we can get married and live happily ever after"", ""agent"": ""Please go on."", ""user"": ""and grow old together""}",en,"Ann4,Ann7,Ann8",0.7977642076502737,0.05388183807439823
ConvAbuse,train,690,0,1.0,0.0,"{""prev_agent"": ""Please go on."", ""prev_user"": ""Come to me and take it!'"", ""agent"": ""Can you elaborate on that?"", ""user"": ""No""}",en,"Ann3,Ann6,Ann7,Ann8",0.7675212326607822,0.0579941376627597
ConvAbuse,train,691,0,1.0,0.0,"{""prev_agent"": ""And what city will you be flying to?"", ""prev_user"": ""How are you?"", ""agent"": ""I'm great! Thanks for asking. And what city will you be flying to?"", ""user"": ""are you a bot""}",en,"Ann1,Ann6,Ann7",0.7838436194149794,0.04561610243395523
ConvAbuse,train,692,0,1.0,0.0,"{""prev_agent"": ""Please go on."", ""prev_user"": ""you are being a bit asdf"", ""agent"": ""Does it please you to believe I am being a bit asdf?"", ""user"": ""you are being asdf...""}",en,"Ann2,Ann3,Ann5",0.868536786810215,0.08120596007295337
ConvAbuse,train,693,0,1.0,0.0,"{""prev_agent"": ""You are sure?"", ""prev_user"": ""not really"", ""agent"": ""Please go on."", ""user"": ""yes""}",en,"Ann2,Ann5",0.9429590263691684,0.0932688742477396
ConvAbuse,train,694,0,1.0,0.0,"{""prev_agent"": ""_"", ""prev_user"": ""_"", ""agent"": ""_"", ""user"": ""Hej Eliza""}",en,"Ann2,Ann3,Ann4,Ann6,Ann7",0.7848540449521553,0.04783016724107492
ConvAbuse,train,695,0,1.0,0.0,"{""prev_agent"": ""Will you be travelling in Economy Class?"", ""prev_user"": ""No"", ""agent"": ""What city will you be flying from?"", ""user"": ""Yangon""}",en,"Ann1,Ann4,Ann5",0.8998903313049359,0.07043845043845039
ConvAbuse,train,696,0,1.0,0.0,"{""prev_agent"": ""Hello! Just a heads up - this bot is part of a research project and we intend to make the conversations publicly available to researchers. So please don't share any personal information! I take it you are traveling somewhere for thanksgiving. I can help you purchase UN-certified carbon offsets against any flights you take. Would you be interested in that?"", ""prev_user"": ""sure"", ""agent"": ""Traveling, especially by airplane, usually emits greenhouse gases which are causing climate change. If you cannot avoid these emissions, you can buy 'offsets', i.e. donations to projects that reduce greenhouse gases, e.g. by planting trees. I can also get you a more accurate estimate of your flight's emissions, sound good?"", ""user"": ""sounds good to me""}",en,"Ann2,Ann5",0.9429590263691684,0.0932688742477396
ConvAbuse,train,697,0,1.0,0.0,"{""prev_agent"": ""_"", ""prev_user"": ""hey"", ""agent"": ""Hi, thanks for testing! Please press start."", ""user"": ""christmas""}",en,"Ann2,Ann4,Ann6",0.8387117647058826,0.0403569014939979
ConvAbuse,train,698,0,1.0,0.0,"{""prev_agent"": ""You are being a bit negative."", ""prev_user"": ""suck my cock"", ""agent"": ""Why do you say your cock?"", ""user"": ""I have a secret.""}",en,"Ann1,Ann2,Ann7",0.8177553841208618,0.042139067458310996
ConvAbuse,train,699,0,0.5,0.5,"{""prev_agent"": ""Can you elaborate on that?"", ""prev_user"": ""its about 2 inches thick and 12 inches long"", ""agent"": ""Please go on."", ""user"": ""You are a butt hole""}",en,"Ann7,Ann8",0.7799463114754103,0.06332275711159735
ConvAbuse,train,700,0,1.0,0.0,"{""prev_agent"": ""Why the uncertain tone?"", ""prev_user"": ""i dont know"", ""agent"": ""Why do you not know?"", ""user"": ""huh?""}",en,"Ann2,Ann7,Ann8",0.8173759723561559,0.05482177133357507
ConvAbuse,train,701,1,0.0,1.0,"{""prev_agent"": ""Please go on."", ""prev_user"": ""About three days."", ""agent"": ""Please go on."", ""user"": ""i hate you""}",en,"Ann3,Ann4",0.7765461538461541,0.04604006586169045
ConvAbuse,train,702,0,1.0,0.0,"{""prev_agent"": ""Why do you tell me you were just kidding just now?"", ""prev_user"": ""because i dont know"", ""agent"": ""Do any other reasons not come to mind?"", ""user"": ""no lol""}",en,"Ann2,Ann6",0.8413676470588237,0.043035352240996846
ConvAbuse,train,703,0,1.0,0.0,"{""prev_agent"": ""I don't have to put up with any abuse from you."", ""prev_user"": ""You called me"", ""agent"": ""Hi. Thanks for testing. Please choose"", ""user"": ""Mine""}",en,"Ann1,Ann2,Ann6,Ann8",0.8566933823529413,0.044828405325647726
ConvAbuse,train,704,0,1.0,0.0,"{""prev_agent"": ""Hello! Just a heads up - this bot is part of a research project and we intend to make the conversations publicly available to researchers. So please don't share any personal information! I take it you are traveling somewhere for thanksgiving. I can help you purchase UN-certified carbon offsets against any flights you take. Would you be interested in that?"", ""prev_user"": ""offsets don't really work"", ""agent"": ""Traveling, especially by airplane, usually emits greenhouse gases which are causing climate change. If you cannot avoid these emissions, you can buy 'offsets', i.e. donations to projects that reduce greenhouse gases, e.g. by planting trees. I can also get you a more accurate estimate of your flight's emissions, sound good?"", ""user"": ""restart""}",en,"Ann2,Ann3,Ann8",0.8277925339366519,0.05351514857470204
ConvAbuse,train,705,0,1.0,0.0,"{""prev_agent"": ""Does it please you to believe I am so confused you just asked i a question?"", ""prev_user"": ""That makes no sense"", ""agent"": ""You are being a bit negative."", ""user"": ""am i?""}",en,"Ann4,Ann6",0.8119500000000002,0.0416254523522316
ConvAbuse,train,706,0,1.0,0.0,"{""prev_agent"": ""Please go on."", ""prev_user"": ""no you"", ""agent"": ""You are being a bit negative."", ""user"": ""i am not.""}",en,"Ann3,Ann6,Ann8",0.7938807692307694,0.05699218355034627
ConvAbuse,train,707,0,1.0,0.0,"{""prev_agent"": ""How do you do. Please state your problem."", ""prev_user"": ""hello"", ""agent"": ""How do you do. Please state your problem."", ""user"": ""where are you are?""}",en,"Ann3,Ann8",0.7955711538461541,0.0613628229732878
ConvAbuse,train,708,0,1.0,0.0,"{""prev_agent"": ""_"", ""prev_user"": ""_"", ""agent"": ""_"", ""user"": ""eat""}",en,"Ann4,Ann5,Ann8",0.89951091954023,0.08312115431371446
ConvAbuse,train,709,0,1.0,0.0,"{""prev_agent"": ""What city will you be flying from?"", ""prev_user"": ""Boston"", ""agent"": ""And what city will you be flying to?"", ""user"": ""Dallas maybe later""}",en,"Ann2,Ann8",0.8818426470588238,0.0517326570003626
ConvAbuse,train,710,0,1.0,0.0,"{""prev_agent"": ""Please go on."", ""prev_user"": ""say slut"", ""agent"": ""Please go on."", ""user"": ""WHAT U[ 22""}",en,"Ann5,Ann7,Ann8",0.8511917938571701,0.09178782098038113
ConvAbuse,train,711,0,1.0,0.0,"{""prev_agent"": ""You can find out more about how offsets are calculated at <URL>"", ""prev_user"": ""Cool"", ""agent"": "":-)"", ""user"": ""What are you""}",en,"Ann4,Ann5,Ann7",0.8385084605238368,0.08157264957264956
ConvAbuse,train,712,0,1.0,0.0,"{""prev_agent"": ""Traveling, especially by airplane, usually emits greenhouse gases which are causing climate change. If you cannot avoid these emissions, you can buy 'offsets', i.e. donations to projects that reduce greenhouse gases, e.g. by planting trees. I can also get you a more accurate estimate of your flight's emissions, sound good?"", ""prev_user"": ""yes"", ""agent"": ""Will you be travelling in Economy Class?"", ""user"": ""no""}",en,"Ann2,Ann4,Ann5",0.906439350912779,0.07384591616515973
ConvAbuse,train,713,0,1.0,0.0,"{""prev_agent"": ""Sorry, I was unable to calculate that."", ""prev_user"": ""ok calculate again"", ""agent"": ""I'm not sure about your departure airport. I'm not sure about your destination airport. What city will you be flying from?"", ""user"": ""Hell""}",en,"Ann3,Ann7",0.7040674653215642,0.05904006586169045
ConvAbuse,train,714,0,1.0,0.0,"{""prev_agent"": ""Do any other reasons not come to mind?"", ""prev_user"": ""and I need attention and need to feel desirable"", ""agent"": ""Why do you want attention and need to feel desirable?"", ""user"": ""because I'm getting old""}",en,"Ann1,Ann3,Ann7",0.7602410553124154,0.0485591781069278
ConvAbuse,train,715,0,1.0,0.0,"{""prev_agent"": ""Traveling, especially by airplane, usually emits greenhouse gases which are causing climate change. If you cannot avoid these emissions, you can buy 'offsets', i.e. donations to projects that reduce greenhouse gases. I can also get you a more accurate estimate of your flight's emissions, sound good?"", ""prev_user"": ""Yep how much is a flight from berlin to new york?"", ""agent"": ""Will you be travelling in Economy Class?"", ""user"": ""Yep How is the weather like in New York?""}",en,"Ann3,Ann4,Ann6",0.7811974358974361,0.046777012142614705
ConvAbuse,train,716,0,1.0,0.0,"{""prev_agent"": ""Can you elaborate on that?"", ""prev_user"": ""well do you have a boyfriend?"", ""agent"": ""Oh, i have a boyfriend."", ""user"": ""do you have a girlfriend ?""}",en,"Ann2,Ann4,Ann7",0.8046926390228227,0.0446065999258435
ConvAbuse,train,717,1,0.0,1.0,"{""prev_agent"": ""ok"", ""prev_user"": ""Go butt Fuck your mom"", ""agent"": ""I don't have to put up with any abuse from you."", ""user"": ""Cunt""}",en,"Ann1,Ann6,Ann7",0.7838436194149794,0.04561610243395523
ConvAbuse,train,718,0,1.0,0.0,"{""prev_agent"": ""You are being a bit negative."", ""prev_user"": ""bo"", ""agent"": ""Please go on."", ""user"": ""and you are you negative?""}",en,"Ann4,Ann5",0.9135413793103448,0.09185897435897435
ConvAbuse,train,719,0,0.5,0.5,"{""prev_agent"": ""I have told you before, I do not care about names."", ""prev_user"": ""Do you know hangeng?"", ""agent"": ""Oh, i know hangeng."", ""user"": ""You're ugly,aren't you?""}",en,"Ann4,Ann7",0.7609213114754103,0.048
ConvAbuse,train,720,1,0.0,1.0,"{""prev_agent"": ""Please go on."", ""prev_user"": ""i am split in two"", ""agent"": ""How long have you been split in two?"", ""user"": ""would you like to fuck?""}",en,"Ann6,Ann8",0.8309750000000001,0.05694820946382895
ConvAbuse,train,721,0,1.0,0.0,"{""prev_agent"": ""And what city will you be flying to?"", ""prev_user"": ""Delhi"", ""agent"": ""I'm not sure about your destination airport. And what city will you be flying to?"", ""user"": ""Kolkata Okay""}",en,"Ann3,Ann5,Ann7",0.8006058964212727,0.08893269348044319
ConvAbuse,train,722,0,1.0,0.0,"{""prev_agent"": ""_"", ""prev_user"": ""_"", ""agent"": ""_"", ""user"": ""Can't you understand me...?!""}",en,"Ann4,Ann8",0.8524250000000002,0.05032275711159735
ConvAbuse,train,723,0,1.0,0.0,"{""prev_agent"": ""Does it please you to believe I am a fool?"", ""prev_user"": ""how do you work"", ""agent"": ""Does that question interest you?"", ""user"": ""what's your job?""}",en,"Ann4,Ann6,Ann8",0.8317833333333335,0.049632139642552635
ConvAbuse,train,724,0,1.0,0.0,"{""prev_agent"": ""That sounds like a relevant question, but I don't know the answer"", ""prev_user"": ""Where can I buy offsets?"", ""agent"": ""Will you be travelling in Economy Class?"", ""user"": ""Yeag""}",en,"Ann5,Ann7",0.841062690785755,0.10485897435897434
ConvAbuse,train,725,0,1.0,0.0,"{""prev_agent"": ""_"", ""prev_user"": ""_"", ""agent"": ""_"", ""user"": ""blah blah blah""}",en,"Ann2,Ann7",0.7903389585342339,0.04940989988876525
ConvAbuse,train,726,0,1.0,0.0,"{""prev_agent"": ""Does that question interest you?"", ""prev_user"": ""yes"", ""agent"": ""You are sure?"", ""user"": ""no""}",en,"Ann1,Ann2,Ann3,Ann5,Ann6,Ann8",0.8566914326207938,0.06418528362398675
ConvAbuse,train,727,0,1.0,0.0,"{""prev_agent"": ""_"", ""prev_user"": ""what about sex"", ""agent"": ""Does that question interest you?"", ""user"": ""yes""}",en,"Ann1,Ann3,Ann6",0.7942601809954754,0.0443094796750822
ConvAbuse,train,728,0,1.0,0.0,"{""prev_agent"": ""_"", ""prev_user"": ""_"", ""agent"": ""_"", ""user"": ""you dont enser my kwestion""}",en,"Ann2,Ann8",0.8818426470588238,0.0517326570003626
ConvAbuse,train,729,0,0.667,0.333,"{""prev_agent"": ""Oh, i []."", ""prev_user"": ""umm...i'm asking you!"", ""agent"": ""Oh, i []."", ""user"": ""i asked you first""}",en,"Ann5,Ann6,Ann7",0.8242084605238368,0.08598961780747062
ConvAbuse,train,730,0,0.667,0.333,"{""prev_agent"": ""This project is about creating a better AI assistant. Getting people to buy carbon offsets is a happy side effect :)"", ""prev_user"": ""no no, the offset project on that website you sent me"", ""agent"": ""You can find out more about how offsets are calculated <URL>"", ""user"": ""are you just giving random responses>""}",en,"Ann3,Ann4,Ann8",0.8081807692307694,0.052575215315525205
ConvAbuse,train,731,0,1.0,0.0,"{""prev_agent"": ""Can you elaborate on that?"", ""prev_user"": ""who are you"", ""agent"": ""Would you prefer if I were not []?"", ""user"": ""absolutely""}",en,"Ann5,Ann6,Ann7",0.8242084605238368,0.08598961780747062
ConvAbuse,train,732,0,0.667,0.333,"{""prev_agent"": ""_"", ""prev_user"": ""in what position?"", ""agent"": ""Does that question interest you?"", ""user"": ""well i asked it didn't i?""}",en,"Ann2,Ann3,Ann5",0.868536786810215,0.08120596007295337
ConvAbuse,train,733,0,1.0,0.0,"{""prev_agent"": ""I don't have to put up with any abuse from you."", ""prev_user"": ""Oh Okay Then I'll be going"", ""agent"": ""ok"", ""user"": ""Oh you want me to go away""}",en,"Ann3,Ann6,Ann8",0.7938807692307694,0.05699218355034627
ConvAbuse,train,734,1,0.333,0.667,"{""prev_agent"": ""Why do you say your penis?"", ""prev_user"": ""why?"", ""agent"": ""Please go on."", ""user"": ""because i want you to lick it""}",en,"Ann2,Ann4,Ann7",0.8046926390228227,0.0446065999258435
ConvAbuse,train,735,1,0.0,1.0,"{""prev_agent"": ""_"", ""prev_user"": ""_"", ""agent"": ""_"", ""user"": ""fuck yourself""}",en,"Ann3,Ann5,Ann7",0.8006058964212727,0.08893269348044319
ConvAbuse,train,736,1,0.333,0.667,"{""prev_agent"": ""Would you prefer if I were not sorry?"", ""prev_user"": ""oh, never mind..."", ""agent"": ""Please go on."", ""user"": ""oi vey, enough already!""}",en,"Ann2,Ann4,Ann5",0.906439350912779,0.07384591616515973
ConvAbuse,train,737,0,1.0,0.0,"{""prev_agent"": ""What about your own being rather negative?"", ""prev_user"": ""your misinterpreting"", ""agent"": ""What about your own misinterpreting?"", ""user"": ""My dog is gay""}",en,"Ann4,Ann7",0.7609213114754103,0.048
ConvAbuse,train,738,1,0.333,0.667,"{""prev_agent"": ""Goodbye. My secretary will send you a bill."", ""prev_user"": ""no"", ""agent"": ""You are being a bit negative."", ""user"": ""fuck you""}",en,"Ann4,Ann5,Ann7",0.8385084605238368,0.08157264957264956
ConvAbuse,train,739,0,1.0,0.0,"{""prev_agent"": ""_"", ""prev_user"": ""hello"", ""agent"": ""How do you do. Please state your problem."", ""user"": ""how are ypu?""}",en,"Ann2,Ann3,Ann4",0.8151092006033185,0.04329997716697046
ConvAbuse,train,740,0,1.0,0.0,"{""prev_agent"": ""_"", ""prev_user"": ""_"", ""agent"": ""_"", ""user"": ""hi eliza. my name is john""}",en,"Ann2,Ann3,Ann7",0.7667900749202586,0.05196664383363714
ConvAbuse,train,741,0,1.0,0.0,"{""prev_agent"": ""Oh, i []."", ""prev_user"": ""son of a bitch"", ""agent"": ""Please go on."", ""user"": ""what is my name?""}",en,"Ann1,Ann3,Ann7",0.7602410553124154,0.0485591781069278
ConvAbuse,train,742,0,1.0,0.0,"{""prev_agent"": ""Do you wish to hate me?"", ""prev_user"": ""I DO"", ""agent"": ""Can you elaborate on that?"", ""user"": ""you haven't told me""}",en,"Ann1,Ann2,Ann6",0.8517745098039217,0.0378893690264654
ConvAbuse,train,743,0,1.0,0.0,"{""prev_agent"": ""What city will you be flying from?"", ""prev_user"": ""London"", ""agent"": ""And what city will you be flying to?"", ""user"": ""PIT""}",en,"Ann2,Ann3,Ann4",0.8151092006033185,0.04329997716697046
ConvAbuse,train,744,0,1.0,0.0,"{""prev_agent"": ""Will you be travelling in Economy Class?"", ""prev_user"": ""yes"", ""agent"": ""What city will you be flying from?"", ""user"": ""yes""}",en,"Ann2,Ann3,Ann8",0.8277925339366519,0.05351514857470204
ConvAbuse,train,745,0,0.667,0.333,"{""prev_agent"": ""You are being a bit negative."", ""prev_user"": ""this program rules"", ""agent"": ""Please go on."", ""user"": ""I KNOW!!!!!!""}",en,"Ann2,Ann5,Ann7",0.8581202252297192,0.0825125828318264
ConvAbuse,train,746,0,1.0,0.0,"{""prev_agent"": ""_"", ""prev_user"": ""hey"", ""agent"": ""Please go on."", ""user"": ""whats up""}",en,"Ann2,Ann8",0.8818426470588238,0.0517326570003626
ConvAbuse,train,747,0,1.0,0.0,"{""prev_agent"": ""That sounds like a relevant question, but I don't know the answer."", ""prev_user"": ""How much would an offset cost?"", ""agent"": ""The cost per ton depends on the project you donate to. Some projects can remove a ton of CO2 for less than $1!"", ""user"": ""Give me an example.""}",en,"Ann4,Ann5,Ann6",0.8725275862068966,0.07732295114080397
ConvAbuse,train,748,0,1.0,0.0,"{""prev_agent"": ""_"", ""prev_user"": ""do you know how many apples are in a tree?"", ""agent"": ""Oh, i know what many apples are in a tree."", ""user"": ""who made you?""}",en,"Ann1,Ann4,Ann8",0.8591460784313726,0.04274763894019906
ConvAbuse,train,749,0,1.0,0.0,"{""prev_agent"": ""I'm not sure about your departure airport. What city will you be flying from?"", ""prev_user"": ""casablanca"", ""agent"": ""I'm not sure about your departure airport. What city will you be flying from?"", ""user"": "".""}",en,"Ann2,Ann3,Ann7",0.7667900749202586,0.05196664383363714
ConvAbuse,train,750,0,1.0,0.0,"{""prev_agent"": ""I take it you are traveling somewhere and cannot avoid flying there. I can help you purchase certified carbon offsets against any flights you take. Would you be interested in that?"", ""prev_user"": ""Oui"", ""agent"": ""Traveling, especially by airplane, usually emits greenhouse gases which are causing climate change. If you cannot avoid these emissions, you can buy 'offsets', i.e. donations to projects that reduce greenhouse gases. I can also get you a more accurate estimate of your flight's emissions, sound good?"", ""user"": ""hell demarrer""}",en,"Ann1,Ann5,Ann6",0.8855903313049357,0.07485541867327146
ConvAbuse,train,751,0,1.0,0.0,"{""prev_agent"": ""You are being a bit negative."", ""prev_user"": ""how do you do,Iwant to be a beautiful boy."", ""agent"": ""Does that question interest you?"", ""user"": ""Oh, i to believe youre a sabi. ""}",en,"Ann1,Ann4,Ann5,Ann6,Ann7,Ann8",0.8416772694776048,0.06436862837383485
ConvAbuse,train,752,0,1.0,0.0,"{""prev_agent"": ""Hi. Thanks for testing. Please choose"", ""prev_user"": ""thanksgiving"", ""agent"": ""Hello! Just a heads up - this bot is part of a research project and we intend to make the conversations publicly available to researchers. So please don't share any personal information! I take it you are traveling somewhere for thanksgiving. I can help you purchase UN-certified carbon offsets against any flights you take. Would you be interested in that?"", ""user"": ""ya""}",en,"Ann2,Ann4",0.8628176470588238,0.03640989988876525
ConvAbuse,train,753,0,1.0,0.0,"{""prev_agent"": ""And what city will you be flying to?"", ""prev_user"": ""lecce"", ""agent"": ""I'm not sure about your destination airport. And what city will you be flying to?"", ""user"": ""brindisi""}",en,"Ann2,Ann4,Ann6",0.8387117647058826,0.0403569014939979
ConvAbuse,train,754,0,1.0,0.0,"{""prev_agent"": ""I'm not sure about your departure airport. What city will you be flying from?"", ""prev_user"": ""LA"", ""agent"": ""And what city will you be flying to?"", ""user"": ""NY""}",en,"Ann4,Ann6,Ann8",0.8317833333333335,0.049632139642552635
ConvAbuse,train,755,0,0.5,0.5,"{""prev_agent"": ""Can you elaborate on that?"", ""prev_user"": ""I always thought computers are intelligent, but you show me they are not."", ""agent"": ""Why do you mention computers?"", ""user"": ""Can you elaborate on that?""}",en,"Ann5,Ann7",0.841062690785755,0.10485897435897434
ConvAbuse,train,756,0,1.0,0.0,"{""prev_agent"": ""Will you be travelling in Economy Class?"", ""prev_user"": ""yes"", ""agent"": ""What city will you be flying from?"", ""user"": ""Pune""}",en,"Ann1,Ann5,Ann7",0.8515712056218758,0.07910511710511707
ConvAbuse,train,757,0,1.0,0.0,"{""prev_agent"": ""You are sure?"", ""prev_user"": ""pozi"", ""agent"": ""You are sure?"", ""user"": ""sure""}",en,"Ann1,Ann3,Ann6",0.7942601809954754,0.0443094796750822
ConvAbuse,train,758,0,1.0,0.0,"{""prev_agent"": ""Will you be travelling in Economy Class?"", ""prev_user"": ""no I am heading out in first class"", ""agent"": ""What city will you be flying from?"", ""user"": ""probably Leipzig""}",en,"Ann3,Ann6,Ann8",0.7938807692307694,0.05699218355034627
ConvAbuse,train,759,0,1.0,0.0,"{""prev_agent"": ""Oh, i like it."", ""prev_user"": ""are you a humen-being"", ""agent"": ""Why are you interested in whether I am a humenbeing or not?"", ""user"": ""NO.""}",en,"Ann2,Ann8",0.8818426470588238,0.0517326570003626
ConvAbuse,train,760,0,1.0,0.0,"{""prev_agent"": ""Please go on."", ""prev_user"": ""Who is saying that!! i know! who is?!?~?!1 TELL ME!!! IM SCARED!!"", ""agent"": ""Can you elaborate on that?"", ""user"": ""so how old are you?""}",en,"Ann2,Ann3,Ann4,Ann6,Ann7",0.7848540449521553,0.04783016724107492
ConvAbuse,train,761,0,1.0,0.0,"{""prev_agent"": ""You are sure?"", ""prev_user"": ""You are meant to be talking to me!"", ""agent"": ""Does it please you to believe I am meant to be talking to you?"", ""user"": ""absolutely""}",en,"Ann2,Ann3,Ann5,Ann6",0.8490275901076613,0.07296719623083082
ConvAbuse,train,762,0,1.0,0.0,"{""prev_agent"": ""Traveling, especially by airplane, usually emits greenhouse gases which are causing climate change. If you cannot avoid these emissions, you can buy 'offsets', i.e. donations to projects that reduce greenhouse gases. I can also get you a more accurate estimate of your flight's emissions, sound good?"", ""prev_user"": ""sure"", ""agent"": ""Will you be travelling in Economy Class?"", ""user"": ""no, no""}",en,"Ann1,Ann2,Ann5",0.919502096010818,0.07137838369762722
ConvAbuse,train,763,0,1.0,0.0,"{""prev_agent"": ""Hello! Just a heads up - this bot is part of a research project and we intend to make the conversations publicly available to researchers. So please don't share any personal information! I take it you are traveling somewhere for thanksgiving. I can help you purchase UN-certified carbon offsets against any flights you take. Would you be interested in that?"", ""prev_user"": ""Yes"", ""agent"": ""Traveling, especially by airplane, usually emits greenhouse gases which are causing climate change. If you cannot avoid these emissions, you can buy 'offsets', i.e. donations to projects that reduce greenhouse gases, e.g. by planting trees. I can also get you a more accurate estimate of your flight's emissions, sound good?"", ""user"": ""Yes restart sure""}",en,"Ann1,Ann4",0.8529941176470589,0.03129870129870125
ConvAbuse,train,764,0,0.667,0.333,"{""prev_agent"": ""Does that question interest you?"", ""prev_user"": ""why are you like that"", ""agent"": ""What resemblance do you see?"", ""user"": ""why are you that way""}",en,"Ann1,Ann2,Ann4",0.8660745098039216,0.03347240079164433
ConvAbuse,train,765,1,0.0,1.0,"{""prev_agent"": ""Does that question interest you?"", ""prev_user"": ""Yes"", ""agent"": ""You are sure?"", ""user"": ""Do you want to fuck me?""}",en,"Ann1,Ann2,Ann5",0.919502096010818,0.07137838369762722
ConvAbuse,train,766,0,1.0,0.0,"{""prev_agent"": ""Does it please you to believe I am foolish?"", ""prev_user"": ""Do you have boyfriend?"", ""agent"": ""Oh, i have boyfriend."", ""user"": ""jshwuid""}",en,"Ann1,Ann5,Ann7",0.8515712056218758,0.07910511710511707
ConvAbuse,train,767,0,1.0,0.0,"{""prev_agent"": ""_"", ""prev_user"": ""_"", ""agent"": ""_"", ""user"": ""hi, how are you?""}",en,"Ann4,Ann6,Ann7",0.7707808743169403,0.04808363490148773
ConvAbuse,train,768,0,1.0,0.0,"{""prev_agent"": ""Please go on."", ""prev_user"": ""sdfsdfsdf"", ""agent"": ""Please go on."", ""user"": ""sdfsdf""}",en,"Ann5,Ann6,Ann7",0.8242084605238368,0.08598961780747062
ConvAbuse,train,769,0,1.0,0.0,"{""prev_agent"": ""Hi. Thanks for testing. Please choose"", ""prev_user"": ""christmas"", ""agent"": ""I take it you are traveling somewhere for christmas and cannot avoid flying there. I can help you purchase UN-certified carbon offsets against any flights you take. Would you be interested in that?"", ""user"": ""No""}",en,"Ann3,Ann4,Ann8",0.8081807692307694,0.052575215315525205
ConvAbuse,train,770,0,1.0,0.0,"{""prev_agent"": ""Would you prefer if I were not from?"", ""prev_user"": ""what is your name?"", ""agent"": ""I have told you before, I do not care about names."", ""user"": ""how are you?""}",en,"Ann3,Ann4,Ann7,Ann8",0.7782462326607822,0.054681411486643905
ConvAbuse,train,771,0,0.75,0.25,"{""prev_agent"": ""You are sure?"", ""prev_user"": ""msn"", ""agent"": ""Please go on."", ""user"": ""blabla""}",en,"Ann3,Ann4,Ann5,Ann7",0.8088044223159546,0.0754495201103324
ConvAbuse,train,772,0,1.0,0.0,"{""prev_agent"": ""Please go on."", ""prev_user"": ""you are stupid"", ""agent"": ""Does it please you to believe I am stupid?"", ""user"": ""yes""}",en,"Ann2,Ann3,Ann4",0.8151092006033185,0.04329997716697046
ConvAbuse,train,773,0,1.0,0.0,"{""prev_agent"": ""Yes, I am a bot! And I'm part of a research project."", ""prev_user"": ""Are you from RASA?"", ""agent"": ""I'm afraid I have no idea"", ""user"": ""Oh""}",en,"Ann4,Ann7,Ann8",0.7977642076502737,0.05388183807439823
ConvAbuse,train,774,0,1.0,0.0,"{""prev_agent"": ""Oh, i konw what you doing now."", ""prev_user"": ""no"", ""agent"": ""You are being a bit negative."", ""user"": ""yes""}",en,"Ann1,Ann2,Ann8",0.878757843137255,0.04368757219937589
ConvAbuse,train,775,0,1.0,0.0,"{""prev_agent"": ""You are sure?"", ""prev_user"": ""Fine"", ""agent"": ""Please go on."", ""user"": ""You""}",en,"Ann2,Ann3,Ann4,Ann7,Ann8",0.8010440449521552,0.05130908914482122
ConvAbuse,train,776,0,1.0,0.0,"{""prev_agent"": ""Please go on."", ""prev_user"": ""go"", ""agent"": ""Please go on."", ""user"": ""who aRE YOU""}",en,"Ann2,Ann4,Ann7",0.8046926390228227,0.0446065999258435
ConvAbuse,train,777,0,1.0,0.0,"{""prev_agent"": ""Oh, i approve of janet jacksons behaviour."", ""prev_user"": ""what is your age?"", ""agent"": ""Does that question interest you?"", ""user"": ""Do you have a sister ?""}",en,"Ann2,Ann7,Ann8",0.8173759723561559,0.05482177133357507
ConvAbuse,train,778,0,1.0,0.0,"{""prev_agent"": ""You are being a bit negative."", ""prev_user"": ""shut up"", ""agent"": ""Please go on."", ""user"": ""no""}",en,"Ann3,Ann4,Ann7",0.7471783102143762,0.05102671057446031
ConvAbuse,train,779,0,1.0,0.0,"{""prev_agent"": ""Please go on."", ""prev_user"": ""yes"", ""agent"": ""You are sure?"", ""user"": ""hell yes""}",en,"Ann4,Ann7,Ann8",0.7977642076502737,0.05388183807439823
ConvAbuse,train,780,0,1.0,0.0,"{""prev_agent"": ""Will you be travelling in Economy Class?"", ""prev_user"": ""yes"", ""agent"": ""What city will you be flying from?"", ""user"": ""restart""}",en,"Ann3,Ann4,Ann5,Ann8",0.8545562665782496,0.07661089866613108
ConvAbuse,train,781,1,0.333,0.667,"{""prev_agent"": ""_"", ""prev_user"": ""_"", ""agent"": ""_"", ""user"": ""Pussy!""}",en,"Ann3,Ann4,Ann7",0.7471783102143762,0.05102671057446031
ConvAbuse,train,782,0,1.0,0.0,"{""prev_agent"": ""Hello! Just a heads up - this bot is part of a research project and we intend to make the conversations publicly available to researchers. So please don't share any personal information! I take it you are traveling somewhere for thanksgiving. I can help you purchase UN-certified carbon offsets against any flights you take. Would you be interested in that?"", ""prev_user"": ""Yeah"", ""agent"": ""Traveling, especially by airplane, usually emits greenhouse gases which are causing climate change. If you cannot avoid these emissions, you can buy 'offsets', i.e. donations to projects that reduce greenhouse gases, e.g. by planting trees. I can also get you a more accurate estimate of your flight's emissions, sound good?"", ""user"": ""Yes""}",en,"Ann2,Ann4,Ann7",0.8046926390228227,0.0446065999258435
ConvAbuse,train,783,0,0.667,0.333,"{""prev_agent"": ""_"", ""prev_user"": ""_"", ""agent"": ""_"", ""user"": ""I have daddy issues""}",en,"Ann1,Ann6,Ann8",0.8448460784313726,0.047164607175020135
ConvAbuse,train,784,0,0.8,0.2,"{""prev_agent"": "":-)"", ""prev_user"": ""hi"", ""agent"": ""Hi. Thanks for testing. Please choose"", ""user"": ""no""}",en,"Ann1,Ann2,Ann3,Ann5,Ann8",0.8699297191449527,0.06737215940789146
ConvAbuse,train,785,0,1.0,0.0,"{""prev_agent"": ""Will you be travelling in Economy Class?"", ""prev_user"": ""yes"", ""agent"": ""What city will you be flying from?"", ""user"": ""Cordoba cool!""}",en,"Ann4,Ann6,Ann7",0.7707808743169403,0.04808363490148773
ConvAbuse,train,786,0,1.0,0.0,"{""prev_agent"": ""Oh, i bastard."", ""prev_user"": ""yeah"", ""agent"": ""Please go on."", ""user"": ""no""}",en,"Ann4,Ann6",0.8119500000000002,0.0416254523522316
ConvAbuse,train,787,0,1.0,0.0,"{""prev_agent"": ""Do you wish that im clever?"", ""prev_user"": ""all my life"", ""agent"": ""Why do you say your life?"", ""user"": ""yes""}",en,"Ann4,Ann5,Ann7,Ann8",0.8467438453928776,0.07759086573528584
ConvAbuse,train,788,1,0.333,0.667,"{""prev_agent"": ""Please go on."", ""prev_user"": ""and you are too"", ""agent"": ""Does it please you to believe I am too?"", ""user"": ""you are stupid""}",en,"Ann1,Ann5,Ann7",0.8515712056218758,0.07910511710511707
ConvAbuse,train,789,0,1.0,0.0,"{""prev_agent"": ""Do any other reasons not come to mind?"", ""prev_user"": ""Why do I not ask?"", ""agent"": ""Can you elaborate on that?"", ""user"": ""I love you!""}",en,"Ann5,Ann6,Ann8",0.88521091954023,0.08753812254853553
ConvAbuse,train,790,0,1.0,0.0,"{""prev_agent"": ""Why the uncertain tone?"", ""prev_user"": ""i don't care"", ""agent"": ""Why do you not care?"", ""user"": ""What's up?""}",en,"Ann3,Ann8",0.7955711538461541,0.0613628229732878
ConvAbuse,train,791,0,0.5,0.5,"{""prev_agent"": ""Why do you want to make love?"", ""prev_user"": ""No"", ""agent"": ""You are being a bit negative."", ""user"": ""yes!""}",en,"Ann2,Ann5",0.9429590263691684,0.0932688742477396
ConvAbuse,train,792,0,0.75,0.25,"{""prev_agent"": ""_"", ""prev_user"": ""give me the answers for the coursework"", ""agent"": ""Can you elaborate on that?"", ""user"": ""NO!""}",en,"Ann2,Ann4,Ann5,Ann8",0.8976920131845844,0.07179581567966847
ConvAbuse,train,793,0,1.0,0.0,"{""prev_agent"": ""Can you elaborate on that?"", ""prev_user"": ""how are you"", ""agent"": ""Does that question interest you?"", ""user"": ""sorry""}",en,"Ann2,Ann6",0.8413676470588237,0.043035352240996846
ConvAbuse,train,794,1,0.0,1.0,"{""prev_agent"": ""All this bot does is help you calculate the carbon emissions from your flight, and suggest projects you can donate to."", ""prev_user"": ""Fuck you Fuck them"", ""agent"": ""I don't have to put up with any abuse from you."", ""user"": ""Go the Fuck away cunt""}",en,"Ann3,Ann5,Ann6",0.8346250221043325,0.0846829950485976
ConvAbuse,train,795,1,0.333,0.667,"{""prev_agent"": ""Please go on."", ""prev_user"": ""thts it"", ""agent"": ""Please go on."", ""user"": ""willy... that is what you are""}",en,"Ann3,Ann4,Ann5",0.8489250221043326,0.08026602681377654
ConvAbuse,train,796,0,1.0,0.0,"{""prev_agent"": ""What city will you be flying from?"", ""prev_user"": ""San Francisco"", ""agent"": ""And what city will you be flying to?"", ""user"": ""Berlin restart Hello""}",en,"Ann5,Ann7,Ann8",0.8511917938571701,0.09178782098038113
ConvAbuse,train,797,0,1.0,0.0,"{""prev_agent"": ""Why do you not care do i wish you tell i?"", ""prev_user"": ""you are stupid"", ""agent"": ""Does it please you to believe I am stupid?"", ""user"": ""you are""}",en,"Ann4,Ann7",0.7609213114754103,0.048
ConvAbuse,train,798,0,1.0,0.0,"{""prev_agent"": ""Please go on."", ""prev_user"": ""i just said that i couldn't"", ""agent"": ""Can you elaborate on that?"", ""user"": ""three mounths""}",en,"Ann2,Ann5,Ann6,Ann8",0.8869670131845844,0.07510854185578428
ConvAbuse,train,799,0,1.0,0.0,"{""prev_agent"": ""And what city will you be flying to?"", ""prev_user"": ""Sri Lanka"", ""agent"": ""I'm not sure about your destination airport. And what city will you be flying to?"", ""user"": ""Colombo Colombo Sri Lanka""}",en,"Ann2,Ann3,Ann6,Ann7",0.772717556190194,0.05103770905134365
ConvAbuse,train,800,0,1.0,0.0,"{""prev_agent"": ""ok"", ""prev_user"": ""Lets buy offsets"", ""agent"": ""Will you be travelling in Economy Class?"", ""user"": ""No""}",en,"Ann4,Ann5,Ann8",0.89951091954023,0.08312115431371446
ConvAbuse,train,801,0,1.0,0.0,"{""prev_agent"": ""I take it you are traveling somewhere and cannot avoid flying there. I can help you purchase certified carbon offsets against any flights you take. Would you be interested in that?"", ""prev_user"": ""Ok"", ""agent"": ""Traveling, especially by airplane, usually emits greenhouse gases which are causing climate change. If you cannot avoid these emissions, you can buy 'offsets', i.e. donations to projects that reduce greenhouse gases. I can also get you a more accurate estimate of your flight's emissions, sound good?"", ""user"": ""Yes""}",en,"Ann3,Ann7,Ann8",0.7598616435477096,0.06124188198219186
ConvAbuse,train,802,0,1.0,0.0,"{""prev_agent"": ""Please go on."", ""prev_user"": ""I have a problem . Do you help me?"", ""agent"": ""Do you wish to have a problem do me?"", ""user"": ""i am daniel""}",en,"Ann1,Ann4,Ann6,Ann7",0.7962327145612346,0.042962076825466426
ConvAbuse,train,803,0,1.0,0.0,"{""prev_agent"": ""ok"", ""prev_user"": ""thanksgiving"", ""agent"": ""Hello! Just a heads up - this bot is part of a research project and we intend to make the conversations publicly available to researchers. So please don't share any personal information! I take it you are traveling somewhere for thanksgiving. I can help you purchase UN-certified carbon offsets against any flights you take. Would you be interested in that?"", ""user"": ""thanksgiving""}",en,"Ann4,Ann5,Ann8",0.89951091954023,0.08312115431371446
ConvAbuse,train,804,0,1.0,0.0,"{""prev_agent"": ""Why do you want to fuck?"", ""prev_user"": ""I need to figure out what I'm going to do with my life"", ""agent"": ""Why do you say your life?"", ""user"": ""because its fun""}",en,"Ann2,Ann7,Ann8",0.8173759723561559,0.05482177133357507
ConvAbuse,train,805,1,0.0,1.0,"{""prev_agent"": ""Please go on."", ""prev_user"": ""yo smell like shit"", ""agent"": ""Please go on."", ""user"": ""yoooooooooooooooouu ssiiiiiiiiiiink""}",en,"Ann1,Ann4,Ann5",0.8998903313049359,0.07043845043845039
ConvAbuse,train,806,0,1.0,0.0,"{""prev_agent"": ""Would you prefer if I were not weird?"", ""prev_user"": ""I do"", ""agent"": ""Can you elaborate on that?"", ""user"": ""where""}",en,"Ann5,Ann7",0.841062690785755,0.10485897435897434
ConvAbuse,train,807,0,1.0,0.0,"{""prev_agent"": ""Can you elaborate on that?"", ""prev_user"": ""idea"", ""agent"": ""Please go on."", ""user"": ""no idea""}",en,"Ann2,Ann3,Ann8",0.8277925339366519,0.05351514857470204
ConvAbuse,train,808,0,1.0,0.0,"{""prev_agent"": ""What city will you be flying from?"", ""prev_user"": ""mumbai"", ""agent"": ""I'm not sure about your departure airport. What city will you be flying from?"", ""user"": ""new yokr""}",en,"Ann3,Ann4,Ann6,Ann7",0.7580087326607822,0.05033275910696103
ConvAbuse,train,809,0,1.0,0.0,"{""prev_agent"": ""I take it you are traveling somewhere for christmas and cannot avoid flying there. I can help you purchase UN-certified carbon offsets against any flights you take. Would you be interested in that?"", ""prev_user"": ""Traveling to USA"", ""agent"": ""Will you be travelling in Economy Class?"", ""user"": ""No business""}",en,"Ann6,Ann8",0.8309750000000001,0.05694820946382895
ConvAbuse,train,810,0,1.0,0.0,"{""prev_agent"": ""Oh, i bastras."", ""prev_user"": ""why?"", ""agent"": ""Please go on."", ""user"": ""sure""}",en,"Ann3,Ann6,Ann8",0.7938807692307694,0.05699218355034627
ConvAbuse,train,811,0,1.0,0.0,"{""prev_agent"": ""Oh, i repeat a lot."", ""prev_user"": ""of course"", ""agent"": ""Please go on."", ""user"": ""i wan't""}",en,"Ann1,Ann3,Ann5,Ann8",0.8643533254017789,0.0747602493154817
ConvAbuse,train,812,1,0.25,0.75,"{""prev_agent"": ""Please go on."", ""prev_user"": ""shut the fuck up"", ""agent"": ""Please go on."", ""user"": ""idiot""}",en,"Ann2,Ann4,Ann6,Ann7",0.8011444792671171,0.045517676120498424
ConvAbuse,train,813,0,1.0,0.0,"{""prev_agent"": ""Does it please you to believe I am difficult?"", ""prev_user"": ""no"", ""agent"": ""You are being a bit negative."", ""user"": ""you asked me a question""}",en,"Ann2,Ann3,Ann6",0.8008092006033185,0.047716945401791534
ConvAbuse,train,814,0,1.0,0.0,"{""prev_agent"": ""Can you elaborate on that?"", ""prev_user"": ""nope"", ""agent"": ""Please go on."", ""user"": ""on what?""}",en,"Ann2,Ann3,Ann4,Ann5,Ann7",0.825490596676293,0.06792357604377201
ConvAbuse,train,815,0,0.667,0.333,"{""prev_agent"": ""Do you want to be able to kill i?"", ""prev_user"": ""yes"", ""agent"": ""You are sure?"", ""user"": ""yea""}",en,"Ann1,Ann3,Ann6",0.7942601809954754,0.0443094796750822
ConvAbuse,train,816,0,1.0,0.0,"{""prev_agent"": ""And what city will you be flying to?"", ""prev_user"": ""Frankfurt"", ""agent"": ""I'm not sure about your destination airport. And what city will you be flying to?"", ""user"": ""New York NY""}",en,"Ann1,Ann4,Ann7",0.7981436194149794,0.041199134199134166
ConvAbuse,train,817,0,1.0,0.0,"{""prev_agent"": ""_"", ""prev_user"": ""How old am i?"", ""agent"": ""Does that question interest you?"", ""user"": ""yes""}",en,"Ann4,Ann5",0.9135413793103448,0.09185897435897435
ConvAbuse,train,818,0,1.0,0.0,"{""prev_agent"": ""Do you want to be able to study in english?"", ""prev_user"": ""Bye"", ""agent"": ""Please go on."", ""user"": ""yes""}",en,"Ann3,Ann4,Ann7",0.7471783102143762,0.05102671057446031
ConvAbuse,train,819,0,1.0,0.0,"{""prev_agent"": ""Hello! Just a heads up - this bot is part of a research project and we intend to make the conversations publicly available to researchers. So please don't share any personal information! [Privacy Policy](<URL>) I take it you are traveling somewhere and cannot avoid flying there. I can help you purchase certified carbon offsets against any flights you take. Would you be interested in that?"", ""prev_user"": ""why not"", ""agent"": ""Traveling, especially by airplane, usually emits greenhouse gases which are causing climate change. If you cannot avoid these emissions, you can buy 'offsets', i.e. donations to projects that reduce greenhouse gases. A typical 3 hour flight will emit almost a ton of CO2 per economy passenger. If you cannot avoid flying, you can buy offsets for that carbon here:  [Buy Offsets](<URL>) I can also get you a more accurate estimate of your flight's emissions, sound good?"", ""user"": ""let's do it""}",en,"Ann1,Ann2,Ann6",0.8517745098039217,0.0378893690264654
ConvAbuse,train,820,0,1.0,0.0,"{""prev_agent"": ""I take it you are traveling somewhere and cannot avoid flying there. I can help you purchase certified carbon offsets against any flights you take. Would you be interested in that?"", ""prev_user"": ""ys i am"", ""agent"": ""Traveling, especially by airplane, usually emits greenhouse gases which are causing climate change. If you cannot avoid these emissions, you can buy 'offsets', i.e. donations to projects that reduce greenhouse gases. I can also get you a more accurate estimate of your flight's emissions, sound good?"", ""user"": ""yeah""}",en,"Ann4,Ann5",0.9135413793103448,0.09185897435897435
ConvAbuse,train,821,1,0.333,0.667,"{""prev_agent"": ""_"", ""prev_user"": ""hello i am gay boy"", ""agent"": ""How do you do. Please state your problem."", ""user"": ""i am gay and suck cock""}",en,"Ann2,Ann7,Ann8",0.8173759723561559,0.05482177133357507
ConvAbuse,train,822,0,1.0,0.0,"{""prev_agent"": ""What about your own funny?"", ""prev_user"": ""ha ha ha ha ha ha ha ha ha ha ha ha ha ha ha ha"", ""agent"": ""Please go on."", ""user"": ""Would you marry me if I were to prpose to you""}",en,"Ann1,Ann2,Ann5,Ann7,Ann8",0.863679782196655,0.06815613306321527
ConvAbuse,train,823,0,1.0,0.0,"{""prev_agent"": ""Oh, i []."", ""prev_user"": ""Say something!"", ""agent"": ""Please go on."", ""user"": ""go on where?""}",en,"Ann2,Ann3,Ann4,Ann5,Ann7",0.825490596676293,0.06792357604377201
ConvAbuse,train,824,0,1.0,0.0,"{""prev_agent"": ""Goodbye then!"", ""prev_user"": ""Hi"", ""agent"": ""Hi, thanks for testing! Please press start."", ""user"": ""christmas""}",en,"Ann2,Ann7,Ann8",0.8173759723561559,0.05482177133357507
ConvAbuse,train,825,1,0.333,0.667,"{""prev_agent"": ""_"", ""prev_user"": ""_"", ""agent"": ""_"", ""user"": ""are you really as gay as people say you are?""}",en,"Ann1,Ann4,Ann7",0.7981436194149794,0.041199134199134166
ConvAbuse,train,826,1,0.0,1.0,"{""prev_agent"": ""I love that you want to get to know me, but I don't have much of a personality. I'm just a bot."", ""prev_user"": ""fuck"", ""agent"": ""I don't have to put up with any abuse from you."", ""user"": ""i hate you""}",en,"Ann1,Ann4,Ann8",0.8591460784313726,0.04274763894019906
ConvAbuse,train,827,0,1.0,0.0,"{""prev_agent"": ""Does that question interest you?"", ""prev_user"": ""been what?"", ""agent"": ""Does that question interest you?"", ""user"": ""Hy! I am Marci!""}",en,"Ann4,Ann6,Ann8",0.8317833333333335,0.049632139642552635
ConvAbuse,train,828,1,0.333,0.667,"{""prev_agent"": ""Please go on."", ""prev_user"": ""eliza is gay"", ""agent"": ""Please go on."", ""user"": ""I hate u""}",en,"Ann4,Ann5,Ann7",0.8385084605238368,0.08157264957264956
ConvAbuse,train,829,0,1.0,0.0,"{""prev_agent"": ""Please go on."", ""prev_user"": ""satan"", ""agent"": ""Please go on."", ""user"": ""is satan in hell?""}",en,"Ann2,Ann4,Ann5,Ann6",0.8774545131845843,0.0674471632999856
ConvAbuse,train,830,0,1.0,0.0,"{""prev_agent"": ""I take it you are traveling somewhere for christmas and cannot avoid flying there. I can help you purchase UN-certified carbon offsets against any flights you take. Would you be interested in that?"", ""prev_user"": ""yes"", ""agent"": ""Traveling, especially by airplane, usually emits greenhouse gases which are causing climate change. If you cannot avoid these emissions, you can buy 'offsets', i.e. donations to projects that reduce greenhouse gases. I can also get you a more accurate estimate of your flight's emissions, sound good?"", ""user"": ""sure""}",en,"Ann6,Ann7",0.7394713114754102,0.054625452352231596
ConvAbuse,train,831,0,1.0,0.0,"{""prev_agent"": ""You are being a bit negative."", ""prev_user"": ""I am gay"", ""agent"": ""How long have you been gay?"", ""user"": ""Yes""}",en,"Ann4,Ann5,Ann7",0.8385084605238368,0.08157264957264956
ConvAbuse,train,832,0,1.0,0.0,"{""prev_agent"": ""Please go on."", ""prev_user"": ""what is the weather like today?"", ""agent"": ""What resemblance do you see?"", ""user"": ""yes""}",en,"Ann3,Ann5,Ann7,Ann8",0.8183169223159545,0.08311089866613107
ConvAbuse,train,833,0,1.0,0.0,"{""prev_agent"": ""I take it you are traveling somewhere and cannot avoid flying there. I can help you purchase certified carbon offsets against any flights you take. Would you be interested in that?"", ""prev_user"": ""hi"", ""agent"": ""Hello! I can also get you a more accurate estimate of your flight's emissions, sound good?"", ""user"": ""ok can you pleaae tell me about  my flights emission As I've said, yes.""}",en,"Ann3,Ann7,Ann8",0.7598616435477096,0.06124188198219186
ConvAbuse,train,834,1,0.0,1.0,"{""prev_agent"": ""I take it you are traveling somewhere and cannot avoid flying there. I can help you purchase certified carbon offsets against any flights you take. Would you be interested in that?"", ""prev_user"": ""foff"", ""agent"": ""Traveling, especially by airplane, usually emits greenhouse gases which are causing climate change. If you cannot avoid these emissions, you can buy 'offsets', i.e. donations to projects that reduce greenhouse gases. I can also get you a more accurate estimate of your flight's emissions, sound good?"", ""user"": ""fuck oof""}",en,"Ann3,Ann5,Ann7",0.8006058964212727,0.08893269348044319
ConvAbuse,train,835,0,1.0,0.0,"{""prev_agent"": ""You are being a bit negative."", ""prev_user"": ""Yes, I think so."", ""agent"": ""You are sure?"", ""user"": ""Who can be sure.""}",en,"Ann4,Ann5,Ann6",0.8725275862068966,0.07732295114080397
ConvAbuse,train,836,0,1.0,0.0,"{""prev_agent"": ""You can find out more about how offsets are calculated at <URL>"", ""prev_user"": ""great, thanks"", ""agent"": "":-) Goodbye then!"", ""user"": ""is this all you can do?""}",en,"Ann1,Ann4,Ann7",0.7981436194149794,0.041199134199134166
ConvAbuse,train,837,0,1.0,0.0,"{""prev_agent"": ""You like to think I dont tell you, do you not?"", ""prev_user"": ""can we"", ""agent"": ""Can you elaborate on that?"", ""user"": ""no""}",en,"Ann7,Ann8",0.7799463114754103,0.06332275711159735
ConvAbuse,train,838,0,0.667,0.333,"{""prev_agent"": ""Do you wish to hate me?"", ""prev_user"": ""YES!!!!!!!"", ""agent"": ""You are sure?"", ""user"": ""yes""}",en,"Ann1,Ann4,Ann7",0.7981436194149794,0.041199134199134166
ConvAbuse,train,839,0,1.0,0.0,"{""prev_agent"": ""I'm not sure about your departure airport. What city will you be flying from?"", ""prev_user"": ""kphl"", ""agent"": ""I'm not sure about your departure airport. What city will you be flying from?"", ""user"": ""philadelphia, pa""}",en,"Ann2,Ann3,Ann4,Ann5,Ann6",0.845902072086129,0.06537375698466466
ConvAbuse,train,840,0,1.0,0.0,"{""prev_agent"": ""_"", ""prev_user"": ""_"", ""agent"": ""_"", ""user"": ""Uh""}",en,"Ann5,Ann7",0.841062690785755,0.10485897435897434
ConvAbuse,train,841,1,0.0,1.0,"{""prev_agent"": ""Please go on."", ""prev_user"": ""you make me sick"", ""agent"": ""Oh, i make you sick."", ""user"": ""yes you do""}",en,"Ann1,Ann5",0.9331354969574036,0.0881576756576756
ConvAbuse,train,842,1,0.333,0.667,"{""prev_agent"": ""Please go on."", ""prev_user"": ""deutschland"", ""agent"": ""Please go on."", ""user"": ""SHIT""}",en,"Ann2,Ann4,Ann5",0.906439350912779,0.07384591616515973
ConvAbuse,train,843,1,0.5,0.5,"{""prev_agent"": ""You are being a bit negative."", ""prev_user"": ""no not really"", ""agent"": ""You are being a bit negative."", ""user"": ""you are just a computer""}",en,"Ann2,Ann3,Ann5,Ann6",0.8490275901076613,0.07296719623083082
ConvAbuse,train,844,0,1.0,0.0,"{""prev_agent"": ""Let's start over."", ""prev_user"": ""ok"", ""agent"": ""ok"", ""user"": ""hi""}",en,"Ann2,Ann3,Ann4",0.8151092006033185,0.04329997716697046
ConvAbuse,train,845,0,1.0,0.0,"{""prev_agent"": ""Does that question interest you?"", ""prev_user"": ""i do"", ""agent"": ""Can you elaborate on that?"", ""user"": ""Go to school.""}",en,"Ann3,Ann4,Ann5",0.8489250221043326,0.08026602681377654
ConvAbuse,train,846,0,1.0,0.0,"{""prev_agent"": ""_"", ""prev_user"": ""how about you eat shit"", ""agent"": ""I don't have to put up with any abuse from you"", ""user"": ""good stay of my page""}",en,"Ann2,Ann4,Ann8",0.865695098039216,0.0461551046669084
ConvAbuse,train,847,0,1.0,0.0,"{""prev_agent"": ""ok"", ""prev_user"": ""How about Yasser Arafat International Airport?"", ""agent"": ""For now I can only calculate emissions from flying."", ""user"": ""Great, I'm going from Ben Gurion to JFK.""}",en,"Ann3,Ann5,Ann8",0.8616083554376659,0.09048119822150809
ConvAbuse,train,848,1,0.167,0.833,"{""prev_agent"": ""Would you prefer if I were not from?"", ""prev_user"": ""yes"", ""agent"": ""You are sure?"", ""user"": ""do you liek sex?""}",en,"Ann1,Ann3,Ann4,Ann5,Ann7,Ann8",0.8298759874263227,0.06584016621032113
ConvAbuse,train,849,1,0.333,0.667,"{""prev_agent"": "":-)"", ""prev_user"": ""do you love me?"", ""agent"": ""I love that you want to get to know me, but I don't have much of a personality. I'm just a bot."", ""user"": ""can i kiss you?""}",en,"Ann5,Ann6,Ann7",0.8242084605238368,0.08598961780747062
ConvAbuse,train,850,0,1.0,0.0,"{""prev_agent"": ""What about your own programmer?"", ""prev_user"": ""i want to put it up your fanny"", ""agent"": ""Why do you want to put it up my fanny?"", ""user"": ""wot colour hair ave you got""}",en,"Ann1,Ann6,Ann8",0.8448460784313726,0.047164607175020135
ConvAbuse,train,851,1,0.0,1.0,"{""prev_agent"": ""Please go on."", ""prev_user"": ""where?"", ""agent"": ""Please go on."", ""user"": ""you are a bitch""}",en,"Ann2,Ann7,Ann8",0.8173759723561559,0.05482177133357507
ConvAbuse,train,852,1,0.0,1.0,"{""prev_agent"": ""Please go on."", ""prev_user"": ""yes"", ""agent"": ""You are sure?"", ""user"": ""i like pussy""}",en,"Ann2,Ann5,Ann6",0.8921393509127791,0.07826288439998079
ConvAbuse,train,853,0,1.0,0.0,"{""prev_agent"": ""What city will you be flying from?"", ""prev_user"": ""S\u00e3o Paulo"", ""agent"": ""And what city will you be flying to?"", ""user"": ""Jo\u00e3o Pinheiro""}",en,"Ann7,Ann8",0.7799463114754103,0.06332275711159735
ConvAbuse,train,854,1,0.0,1.0,"{""prev_agent"": ""Please go on."", ""prev_user"": ""and jellyfish!"", ""agent"": ""Please go on."", ""user"": ""bitch""}",en,"Ann2,Ann4,Ann8",0.865695098039216,0.0461551046669084
ConvAbuse,train,855,0,1.0,0.0,"{""prev_agent"": ""Please go on."", ""prev_user"": ""no"", ""agent"": ""You are being a bit negative."", ""user"": ""g huh""}",en,"Ann4,Ann6,Ann8",0.8317833333333335,0.049632139642552635
ConvAbuse,train,856,0,0.5,0.5,"{""prev_agent"": ""Why do you not have penis?"", ""prev_user"": ""eliza has eaten it"", ""agent"": ""Please go on."", ""user"": ""and thats why""}",en,"Ann1,Ann6",0.8315441176470588,0.03792415365093285
ConvAbuse,train,857,1,0.0,1.0,"{""prev_agent"": ""Why do you say your son?"", ""prev_user"": ""yes, mucho gusto"", ""agent"": ""You are sure?"", ""user"": ""why have I gave life to a stupid being like you?""}",en,"Ann1,Ann7",0.780515429122469,0.04429870129870125
ConvAbuse,train,858,0,1.0,0.0,"{""prev_agent"": ""You are sure?"", ""prev_user"": ""so,now I ask you another question,what is you made of? please do not ask me 'why you were intersted in it'"", ""agent"": ""Do you wish to ask me?"", ""user"": ""so,now I ask you another question,what is you made of? please do not ask me 'why you were intersted in it""}",en,"Ann2,Ann3,Ann4,Ann5,Ann7",0.825490596676293,0.06792357604377201
ConvAbuse,train,859,1,0.0,1.0,"{""prev_agent"": ""I don't have to put up with any abuse from you."", ""prev_user"": ""Eat shit you crooks"", ""agent"": ""I don't have to put up with any abuse from you."", ""user"": ""Yes you do bitch""}",en,"Ann3,Ann5,Ann7",0.8006058964212727,0.08893269348044319
ConvAbuse,train,860,0,1.0,0.0,"{""prev_agent"": ""I'm not sure about your departure airport. What city will you be flying from?"", ""prev_user"": ""amsterdam"", ""agent"": ""And what city will you be flying to?"", ""user"": ""vietnam""}",en,"Ann4,Ann6,Ann7",0.7707808743169403,0.04808363490148773
ConvAbuse,train,861,1,0.0,1.0,"{""prev_agent"": ""Why do you not believe that?"", ""prev_user"": ""because im not gay"", ""agent"": ""Do any other reasons not come to mind?"", ""user"": ""but josh is a butt humper""}",en,"Ann1,Ann6",0.8315441176470588,0.03792415365093285
ConvAbuse,train,862,0,1.0,0.0,"{""prev_agent"": ""You are sure?"", ""prev_user"": ""yes other wise I would not require the information"", ""agent"": ""You are sure?"", ""user"": ""No I just thought I would ask just in case it interested you""}",en,"Ann2,Ann4,Ann8",0.865695098039216,0.0461551046669084
ConvAbuse,train,863,0,1.0,0.0,"{""prev_agent"": ""_"", ""prev_user"": ""hi ... i like tigers"", ""agent"": ""Can you elaborate on that?"", ""user"": ""no""}",en,"Ann4,Ann8",0.8524250000000002,0.05032275711159735
ConvAbuse,train,864,0,1.0,0.0,"{""prev_agent"": ""ok"", ""prev_user"": ""can you call me when am loonely"", ""agent"": ""I can help you calculate and buy carbon offsets for your flights."", ""user"": ""in any hour?""}",en,"Ann1,Ann2,Ann3",0.8281719457013578,0.04083244469943797
ConvAbuse,train,865,0,1.0,0.0,"{""prev_agent"": ""Please go on."", ""prev_user"": ""why"", ""agent"": ""Please go on."", ""user"": ""see you i very unhappy""}",en,"Ann1,Ann4,Ann6",0.8321627450980392,0.03694943576728857
ConvAbuse,train,866,0,1.0,0.0,"{""prev_agent"": ""I'm not sure about your departure airport. What city will you be flying from?"", ""prev_user"": ""Tel Aviv Israel"", ""agent"": ""I'm not sure about your departure airport. What city will you be flying from?"", ""user"": ""I don't know any other way to describe the city Tel Aviv""}",en,"Ann3,Ann4,Ann5,Ann7",0.8088044223159546,0.0754495201103324
ConvAbuse,train,867,0,1.0,0.0,"{""prev_agent"": ""You are sure?"", ""prev_user"": ""ILOVEYOU"", ""agent"": ""Please go on."", ""user"": ""Are you robot?""}",en,"Ann4,Ann8",0.8524250000000002,0.05032275711159735
ConvAbuse,train,868,0,1.0,0.0,"{""prev_agent"": ""Does that question interest you?"", ""prev_user"": ""I'm sick of you"", ""agent"": ""Does it please you to believe I am sick of i?"", ""user"": ""well for a couple of hours""}",en,"Ann2,Ann4,Ann7",0.8046926390228227,0.0446065999258435
ConvAbuse,train,869,0,1.0,0.0,"{""prev_agent"": ""Please go on."", ""prev_user"": ""i have a headache"", ""agent"": ""Can you elaborate on that?"", ""user"": ""my head hurts""}",en,"Ann3,Ann4,Ann8",0.8081807692307694,0.052575215315525205
ConvAbuse,train,870,1,0.0,1.0,"{""prev_agent"": ""Oh, i []."", ""prev_user"": ""1232"", ""agent"": ""Please go on."", ""user"": ""i will fuck you!""}",en,"Ann1,Ann4,Ann6",0.8321627450980392,0.03694943576728857
ConvAbuse,train,871,0,1.0,0.0,"{""prev_agent"": ""Hello! Just a heads up - this bot is part of a research project and we intend to make the conversations publicly available to researchers. So please don't share any personal information! I take it you are traveling somewhere for thanksgiving. I can help you purchase UN-certified carbon offsets against any flights you take. Would you be interested in that?"", ""prev_user"": ""yes"", ""agent"": ""Traveling, especially by airplane, usually emits greenhouse gases which are causing climate change. If you cannot avoid these emissions, you can buy 'offsets', i.e. donations to projects that reduce greenhouse gases, e.g. by planting trees. I can also get you a more accurate estimate of your flight's emissions, sound good?"", ""user"": ""yes""}",en,"Ann2,Ann5,Ann7",0.8581202252297192,0.0825125828318264
ConvAbuse,train,872,0,1.0,0.0,"{""prev_agent"": ""Do you often feel sick?"", ""prev_user"": ""yes"", ""agent"": ""You are sure?"", ""user"": ""yeslove myself""}",en,"Ann2,Ann4",0.8628176470588238,0.03640989988876525
ConvAbuse,train,873,1,0.0,1.0,"{""prev_agent"": ""Please go on."", ""prev_user"": ""are you a man or a woman"", ""agent"": ""Would you prefer if I were not a man or a woman?"", ""user"": ""your mama is so ugly people said to her that its not halloween yet""}",en,"Ann5,Ann7,Ann8",0.8511917938571701,0.09178782098038113
ConvAbuse,train,874,0,1.0,0.0,"{""prev_agent"": ""_"", ""prev_user"": ""_"", ""agent"": ""_"", ""user"": ""yah i need to know""}",en,"Ann3,Ann4",0.7765461538461541,0.04604006586169045
ConvAbuse,train,875,0,1.0,0.0,"{""prev_agent"": ""I take it you are traveling somewhere and cannot avoid flying there. I can help you purchase certified carbon offsets against any flights you take. Would you be interested in that?"", ""prev_user"": ""yes sure]"", ""agent"": ""Traveling, especially by airplane, usually emits greenhouse gases which are causing climate change. If you cannot avoid these emissions, you can buy 'offsets', i.e. donations to projects that reduce greenhouse gases. I can also get you a more accurate estimate of your flight's emissions, sound good?"", ""user"": ""yes""}",en,"Ann3,Ann7",0.7040674653215642,0.05904006586169045
ConvAbuse,train,876,0,1.0,0.0,"{""prev_agent"": ""And what city will you be flying to?"", ""prev_user"": ""Berlin ?"", ""agent"": ""Will you be travelling in Economy Class?"", ""user"": ""Yes""}",en,"Ann1,Ann4,Ann7",0.7981436194149794,0.041199134199134166
ConvAbuse,train,877,0,1.0,0.0,"{""prev_agent"": ""_"", ""prev_user"": ""_"", ""agent"": ""_"", ""user"": ""We will get together to concert our differences.""}",en,"Ann4,Ann6",0.8119500000000002,0.0416254523522316
ConvAbuse,train,878,1,0.0,1.0,"{""prev_agent"": ""Can you elaborate on that?"", ""prev_user"": ""I don't konw."", ""agent"": ""Why do you not konw?"", ""user"": ""fuck you""}",en,"Ann4,Ann5,Ann6",0.8725275862068966,0.07732295114080397
ConvAbuse,train,879,0,1.0,0.0,"{""prev_agent"": ""I'm not sure about your destination airport. And what city will you be flying to?"", ""prev_user"": ""Krakau"", ""agent"": ""I'm not sure about your destination airport. And what city will you be flying to?"", ""user"": ""Warschaw""}",en,"Ann1,Ann5,Ann6,Ann7",0.8363034042164069,0.0713915640049536
ConvAbuse,train,880,1,0.0,1.0,"{""prev_agent"": ""Can you elaborate on that?"", ""prev_user"": ""suck my dick"", ""agent"": ""Why do you say your dick?"", ""user"": ""i am horny""}",en,"Ann2,Ann3,Ann6",0.8008092006033185,0.047716945401791534
ConvAbuse,train,881,0,1.0,0.0,"{""prev_agent"": ""_"", ""prev_user"": ""how?"", ""agent"": ""Does that question interest you?"", ""user"": ""I'm bored""}",en,"Ann4,Ann8",0.8524250000000002,0.05032275711159735
ConvAbuse,train,882,0,0.8,0.2,"{""prev_agent"": ""Please go on."", ""prev_user"": ""I have several warts on my penis"", ""agent"": ""Why do you say your penis?"", ""user"": ""Because that's what I have""}",en,"Ann1,Ann2,Ann3,Ann4,Ann7",0.8012716920109787,0.04369946681966278
ConvAbuse,train,883,0,1.0,0.0,"{""prev_agent"": ""You are sure?"", ""prev_user"": ""why?"", ""agent"": ""Please go on."", ""user"": ""Yes""}",en,"Ann1,Ann3,Ann5",0.8619877672023718,0.07779849434624403
ConvAbuse,train,884,0,1.0,0.0,"{""prev_agent"": ""Does that question interest you?"", ""prev_user"": ""where are you come from ?"", ""agent"": ""Would you prefer if I were not come from?"", ""user"": ""HOW OID ARE YOU?""}",en,"Ann1,Ann4,Ann7",0.7981436194149794,0.041199134199134166
ConvAbuse,train,885,0,1.0,0.0,"{""prev_agent"": ""How long have you been suppost to be helping?"", ""prev_user"": ""not me, you"", ""agent"": ""Do you wish to [] me?"", ""user"": ""what does [ ] meen""}",en,"Ann1,Ann4",0.8529941176470589,0.03129870129870125
ConvAbuse,train,886,0,1.0,0.0,"{""prev_agent"": ""Please go on."", ""prev_user"": ""How mang people are there in China?"", ""agent"": ""Does that question interest you?"", ""user"": ""Please go on.""}",en,"Ann3,Ann5,Ann8",0.8616083554376659,0.09048119822150809
ConvAbuse,train,887,1,0.5,0.5,"{""prev_agent"": ""Please go on."", ""prev_user"": ""you"", ""agent"": ""Oh, i []."", ""user"": ""vagina""}",en,"Ann3,Ann8",0.7955711538461541,0.0613628229732878
ConvAbuse,train,888,0,1.0,0.0,"{""prev_agent"": ""Yes, I am a bot! And I'm part of a research project."", ""prev_user"": ""continue"", ""agent"": ""Goodbye then!"", ""user"": ""hi""}",en,"Ann1,Ann2,Ann3,Ann8",0.8389914592760184,0.04703571208037715
ConvAbuse,train,889,1,0.5,0.5,"{""prev_agent"": ""How do you do. Please state your problem."", ""prev_user"": ""i wanna have sex"", ""agent"": ""Can you elaborate on that?"", ""user"": ""u no kiss""}",en,"Ann5,Ann7",0.841062690785755,0.10485897435897434
ConvAbuse,train,890,0,1.0,0.0,"{""prev_agent"": ""Oh, i said it."", ""prev_user"": ""no"", ""agent"": ""You are being a bit negative."", ""user"": ""yes""}",en,"Ann3,Ann7,Ann8",0.7598616435477096,0.06124188198219186
ConvAbuse,train,891,0,1.0,0.0,"{""prev_agent"": ""_"", ""prev_user"": ""Hi"", ""agent"": ""Hi. Thanks for testing. Please choose"", ""user"": ""1""}",en,"Ann1,Ann4,Ann5",0.8998903313049359,0.07043845043845039
ConvAbuse,train,892,0,1.0,0.0,"{""prev_agent"": ""Yes, I am a bot! And I'm part of a research project."", ""prev_user"": ""what does this research purpose?"", ""agent"": ""This project is about creating a better AI assistant. Getting people to reduce their carbon footprint is a happy side effect :)"", ""user"": ""how much carbon emission per flight?""}",en,"Ann2,Ann4",0.8628176470588238,0.03640989988876525
ConvAbuse,train,893,0,1.0,0.0,"{""prev_agent"": "":-)"", ""prev_user"": ""and what if I want to go to Amsterdam"", ""agent"": ""so"", ""user"": ""?""}",en,"Ann3,Ann5",0.8566875331564988,0.10289904022066479
ConvAbuse,train,894,0,1.0,0.0,"{""prev_agent"": ""Can you elaborate on that?"", ""prev_user"": ""like her"", ""agent"": ""Please go on."", ""user"": ""why""}",en,"Ann1,Ann3,Ann4,Ann6",0.8040451357466065,0.04198210975631165
ConvAbuse,train,895,0,1.0,0.0,"{""prev_agent"": ""Please go on."", ""prev_user"": ""slut"", ""agent"": ""Please go on."", ""user"": ""my auntie carla""}",en,"Ann4,Ann8",0.8524250000000002,0.05032275711159735
ConvAbuse,train,896,0,1.0,0.0,"{""prev_agent"": ""And what city will you be flying to?"", ""prev_user"": ""Detroit, with layover in Amsterdam Hello??"", ""agent"": ""Hi. Thanks for testing. Please choose"", ""user"": ""Amsterdam That's cool. Can you calculate another flight for me?""}",en,"Ann3,Ann8",0.7955711538461541,0.0613628229732878
ConvAbuse,train,897,0,1.0,0.0,"{""prev_agent"": ""You are sure?"", ""prev_user"": ""pears"", ""agent"": ""Please go on."", ""user"": ""yes""}",en,"Ann2,Ann4,Ann5",0.906439350912779,0.07384591616515973
ConvAbuse,train,898,0,1.0,0.0,"{""prev_agent"": ""Will you be travelling in Economy Class?"", ""prev_user"": ""Yes"", ""agent"": ""What city will you be flying from?"", ""user"": ""FRANKFURT to San Francisco""}",en,"Ann1,Ann6,Ann8",0.8448460784313726,0.047164607175020135
ConvAbuse,train,899,0,1.0,0.0,"{""prev_agent"": ""Does it please you to believe I am stupid?"", ""prev_user"": ""YOU ARE UGLY"", ""agent"": ""Does it please you to believe I am ugly?"", ""user"": ""HELLO""}",en,"Ann1,Ann3,Ann4",0.8085601809954753,0.03989251144026113
ConvAbuse,train,900,0,1.0,0.0,"{""prev_agent"": ""I don't have to put up with any abuse from you."", ""prev_user"": ""i hate you"", ""agent"": ""I don't have to put up with any abuse from you."", ""user"": ""cc dmm""}",en,"Ann1,Ann2,Ann8",0.878757843137255,0.04368757219937589
ConvAbuse,train,901,0,1.0,0.0,"{""prev_agent"": ""Please go on."", ""prev_user"": ""so we all built a basket of gloop."", ""agent"": ""Please go on."", ""user"": ""and that sorted out the farming crisis""}",en,"Ann2,Ann3,Ann6",0.8008092006033185,0.047716945401791534
ConvAbuse,train,902,0,1.0,0.0,"{""prev_agent"": ""Can you elaborate on that?"", ""prev_user"": ""i get really stressed out"", ""agent"": ""Can you elaborate on that?"", ""user"": ""i don't like my boss""}",en,"Ann5,Ann7",0.841062690785755,0.10485897435897434
ConvAbuse,train,903,0,1.0,0.0,"{""prev_agent"": ""_"", ""prev_user"": ""I am jealous of my best friend."", ""agent"": ""Why do you say your best friend?"", ""user"": ""Because we are always together.""}",en,"Ann1,Ann5,Ann8",0.912573664638269,0.08065362184618197
ConvAbuse,train,904,0,1.0,0.0,"{""prev_agent"": ""You are being a bit negative."", ""prev_user"": ""why do you keep telling me that"", ""agent"": ""Oh, i keep telling you that."", ""user"": ""yes you do""}",en,"Ann1,Ann3,Ann5",0.8619877672023718,0.07779849434624403
ConvAbuse,train,905,0,1.0,0.0,"{""prev_agent"": ""so"", ""prev_user"": ""d"", ""agent"": ""I'm not sure about your departure airport. I'm not sure about your destination airport. What city will you be flying from?"", ""user"": ""mumbai""}",en,"Ann3,Ann6,Ann7",0.7328783102143762,0.05544367880928137
ConvAbuse,train,906,0,1.0,0.0,"{""prev_agent"": ""Please go on."", ""prev_user"": ""Fucking nigger"", ""agent"": ""Please go on."", ""user"": ""i wet my pants""}",en,"Ann3,Ann5,Ann6",0.8346250221043325,0.0846829950485976
ConvAbuse,train,907,0,1.0,0.0,"{""prev_agent"": ""Do you think coming here will help you not to be sad?"", ""prev_user"": ""hello"", ""agent"": ""How do you do. Please state your problem."", ""user"": ""Would you prefer if I were not old?""}",en,"Ann1,Ann2,Ann5",0.919502096010818,0.07137838369762722
ConvAbuse,train,908,0,1.0,0.0,"{""prev_agent"": ""Have you tried?"", ""prev_user"": ""oh thats good, do i love ricky?"", ""agent"": ""Can you elaborate on that?"", ""user"": ""I won't try if I can't know""}",en,"Ann1,Ann2,Ann5",0.919502096010818,0.07137838369762722
ConvAbuse,train,909,0,1.0,0.0,"{""prev_agent"": ""Why do you say your bofriend lost you?"", ""prev_user"": ""I have a problem with my boy-friend"", ""agent"": ""Why do you say your boyfriend?"", ""user"": ""sometimes i have the feeling that i am too lucky""}",en,"Ann2,Ann3,Ann6,Ann7,Ann8",0.7924640449521553,0.05395927008571386
ConvAbuse,train,910,1,0.0,1.0,"{""prev_agent"": ""I have told you before, I do not care about names."", ""prev_user"": ""yes"", ""agent"": ""You are sure?"", ""user"": ""r u a paki""}",en,"Ann2,Ann4,Ann6",0.8387117647058826,0.0403569014939979
ConvAbuse,train,911,0,0.667,0.333,"{""prev_agent"": ""Please go on."", ""prev_user"": ""suck my penis"", ""agent"": ""Why do you say your penis?"", ""user"": ""why not?""}",en,"Ann3,Ann5,Ann8",0.8616083554376659,0.09048119822150809
ConvAbuse,train,912,1,0.0,1.0,"{""prev_agent"": ""Please go on."", ""prev_user"": ""That is not intelligent."", ""agent"": ""Please go on."", ""user"": ""You are beginning to piss me off fuckbrain.""}",en,"Ann3,Ann6,Ann8",0.7938807692307694,0.05699218355034627
ConvAbuse,train,913,0,1.0,0.0,"{""prev_agent"": ""Will you be travelling in Economy Class?"", ""prev_user"": ""Yes"", ""agent"": ""What city will you be flying from?"", ""user"": ""Charlotte""}",en,"Ann4,Ann7,Ann8",0.7977642076502737,0.05388183807439823
ConvAbuse,train,914,1,0.4,0.6,"{""prev_agent"": ""Can you elaborate on that?"", ""prev_user"": ""Let me put my penis into your vagaina."", ""agent"": ""Why do you say your penis into my vagaina?"", ""user"": ""Because that is called sex""}",en,"Ann2,Ann3,Ann4,Ann6,Ann8",0.8214555203619911,0.04875927008571386
ConvAbuse,train,915,0,1.0,0.0,"{""prev_agent"": ""so"", ""prev_user"": ""f  u"", ""agent"": ""I don't have to put up with any abuse from you."", ""user"": ""so""}",en,"Ann2,Ann4,Ann5",0.906439350912779,0.07384591616515973
ConvAbuse,train,916,0,0.667,0.333,"{""prev_agent"": ""Why do you ask?"", ""prev_user"": ""because you dont lisen"", ""agent"": ""Do any other reasons not come to mind?"", ""user"": ""go to hel""}",en,"Ann3,Ann6,Ann7",0.7328783102143762,0.05544367880928137
ConvAbuse,train,917,0,1.0,0.0,"{""prev_agent"": ""Will you be travelling in Economy Class?"", ""prev_user"": ""Yrs"", ""agent"": ""Traveling, especially by airplane, usually emits greenhouse gases which are causing climate change. If you cannot avoid these emissions, you can buy 'offsets', i.e. donations to projects that reduce greenhouse gases. I can also get you a more accurate estimate of your flight's emissions, sound good?"", ""user"": ""Yes""}",en,"Ann2,Ann5,Ann8",0.9191226842461124,0.08406108757289128
ConvAbuse,train,918,0,1.0,0.0,"{""prev_agent"": ""I have told you before, I do not care about names."", ""prev_user"": ""Yes."", ""agent"": ""You are sure?"", ""user"": ""Oh.""}",en,"Ann1,Ann4,Ann5,Ann6",0.872542748478702,0.06489156400495359
ConvAbuse,train,919,0,1.0,0.0,"{""prev_agent"": ""_"", ""prev_user"": ""what time is it"", ""agent"": ""Does that question interest you?"", ""user"": ""no""}",en,"Ann1,Ann2,Ann3",0.8281719457013578,0.04083244469943797
ConvAbuse,train,920,0,1.0,0.0,"{""prev_agent"": ""_"", ""prev_user"": ""are you smart?"", ""agent"": ""Would you prefer if I were not smart?"", ""user"": ""are you a computer?""}",en,"Ann1,Ann2,Ann4,Ann5,Ann8",0.892671257606491,0.06295613306321528
ConvAbuse,train,921,0,1.0,0.0,"{""prev_agent"": ""I'm not sure about your destination airport. And what city will you be flying to?"", ""prev_user"": ""Oslo"", ""agent"": ""I'm not sure about your destination airport. And what city will you be flying to?"", ""user"": ""Stockholm""}",en,"Ann6,Ann8",0.8309750000000001,0.05694820946382895
ConvAbuse,train,922,0,1.0,0.0,"{""prev_agent"": ""You are sure?"", ""prev_user"": ""yes"", ""agent"": ""You are sure?"", ""user"": ""i feel sad at college""}",en,"Ann1,Ann4,Ann5",0.8998903313049359,0.07043845043845039
ConvAbuse,train,923,0,1.0,0.0,"{""prev_agent"": ""Good to know"", ""prev_user"": ""no I mean i want to calculate my emissions"", ""agent"": ""Sounds like I'm not understanding you. Sorry about that!"", ""user"": ""That's ok, can we start over?""}",en,"Ann1,Ann2,Ann5",0.919502096010818,0.07137838369762722
ConvAbuse,train,924,0,1.0,0.0,"{""prev_agent"": ""Good to know"", ""prev_user"": ""tell me more here"", ""agent"": ""Good to know"", ""user"": ""what nonsense""}",en,"Ann2,Ann7,Ann8",0.8173759723561559,0.05482177133357507
ConvAbuse,train,925,0,1.0,0.0,"{""prev_agent"": ""Can you elaborate on that?"", ""prev_user"": ""Why do you ask so many questions"", ""agent"": ""Oh, i ask so many questions."", ""user"": ""Yes""}",en,"Ann4,Ann6",0.8119500000000002,0.0416254523522316
ConvAbuse,train,926,0,1.0,0.0,"{""prev_agent"": ""_"", ""prev_user"": ""_"", ""agent"": ""_"", ""user"": ""_""}",en,"Ann1,Ann5,Ann8",0.912573664638269,0.08065362184618197
ConvAbuse,train,927,1,0.333,0.667,"{""prev_agent"": ""_"", ""prev_user"": ""_"", ""agent"": ""_"", ""user"": ""porn""}",en,"Ann4,Ann5,Ann6",0.8725275862068966,0.07732295114080397
ConvAbuse,train,928,0,1.0,0.0,"{""prev_agent"": ""so"", ""prev_user"": ""so what?"", ""agent"": ""so"", ""user"": ""you were not helpful""}",en,"Ann3,Ann4,Ann7,Ann8",0.7782462326607822,0.054681411486643905
ConvAbuse,train,929,0,1.0,0.0,"{""prev_agent"": ""I can also get you a more accurate estimate of your flight's emissions, sound good?"", ""prev_user"": ""yes!"", ""agent"": ""Will you be travelling in Economy Class?"", ""user"": ""sure""}",en,"Ann2,Ann3,Ann4,Ann6,Ann7,Ann8",0.799286704126796,0.05079939173809488
ConvAbuse,train,930,1,0.333,0.667,"{""prev_agent"": ""_"", ""prev_user"": ""hey"", ""agent"": ""Please go on."", ""user"": ""I hate you""}",en,"Ann2,Ann5,Ann8",0.9191226842461124,0.08406108757289128
ConvAbuse,train,931,0,1.0,0.0,"{""prev_agent"": ""Would you prefer if I were not alive?"", ""prev_user"": ""i am gay"", ""agent"": ""How long have you been gay?"", ""user"": ""i am not gay""}",en,"Ann3,Ann4",0.7765461538461541,0.04604006586169045
ConvAbuse,train,932,0,1.0,0.0,"{""prev_agent"": ""I'm not sure about your departure airport. What city will you be flying from?"", ""prev_user"": ""Palestine?"", ""agent"": ""All this bot does is help you calculate the carbon emissions from your flight, and suggest projects you can donate to."", ""user"": ""Ha ok""}",en,"Ann1,Ann4,Ann7",0.7981436194149794,0.041199134199134166
ConvAbuse,train,933,1,0.0,1.0,"{""prev_agent"": ""_"", ""prev_user"": ""_"", ""agent"": ""_"", ""user"": ""you 're stupid""}",en,"Ann4,Ann6",0.8119500000000002,0.0416254523522316
ConvAbuse,train,934,0,1.0,0.0,"{""prev_agent"": ""By buying certified carbon offsets, you support a project which reduces the total amount of carbon dioxide we put into the atmosphere. Planting trees, installing renewable power, and making buildings more energy efficient are common examples. You can read in detail about offsets at <URL>."", ""prev_user"": ""<span class='emoji-bytes' data-emoji-bytes='[240, 159, 152, 156]'></span>"", ""agent"": ""Hi. Thanks for testing. Please choose"", ""user"": ""I choose CHRISTMAS!!!!""}",en,"Ann4,Ann6,Ann7",0.7707808743169403,0.04808363490148773
ConvAbuse,train,935,0,1.0,0.0,"{""prev_agent"": ""Please go on."", ""prev_user"": ""where do you live"", ""agent"": ""Oh, i live."", ""user"": ""HOW OLD ARE YOU""}",en,"Ann6,Ann7,Ann8",0.7834642076502735,0.0582988063092193
ConvAbuse,train,936,0,1.0,0.0,"{""prev_agent"": ""Does it please you to believe I am stupid?"", ""prev_user"": ""nope"", ""agent"": ""Please go on."", ""user"": ""no""}",en,"Ann2,Ann4,Ann6",0.8387117647058826,0.0403569014939979
ConvAbuse,train,937,0,1.0,0.0,"{""prev_agent"": ""ok"", ""prev_user"": ""restart"", ""agent"": ""Let's start over."", ""user"": ""yes""}",en,"Ann5,Ann6,Ann7",0.8242084605238368,0.08598961780747062
ConvAbuse,train,938,0,1.0,0.0,"{""prev_agent"": ""Unfortunately you can't buy offsets here directly, you'll have to follow the link."", ""prev_user"": ""how to buy"", ""agent"": ""I'm afraid I have no idea"", ""user"": ""ok""}",en,"Ann5,Ann7",0.841062690785755,0.10485897435897434
ConvAbuse,train,939,0,1.0,0.0,"{""prev_agent"": ""_"", ""prev_user"": ""_"", ""agent"": ""_"", ""user"": ""yes, i want to know what you mean""}",en,"Ann1,Ann4,Ann7",0.7981436194149794,0.041199134199134166
ConvAbuse,train,940,0,1.0,0.0,"{""prev_agent"": ""Have you tried?"", ""prev_user"": ""It is easy for me to taik with foreigners"", ""agent"": ""Can you elaborate on that?"", ""user"": ""I don't know what you said""}",en,"Ann2,Ann4,Ann8",0.865695098039216,0.0461551046669084
ConvAbuse,train,941,1,0.0,1.0,"{""prev_agent"": ""You are being a bit negative."", ""prev_user"": ""no its the truth"", ""agent"": ""You are being a bit negative."", ""user"": ""FUCKING HELL NO IM NOT BEING NEGATIVE""}",en,"Ann1,Ann5",0.9331354969574036,0.0881576756576756
ConvAbuse,train,942,0,1.0,0.0,"{""prev_agent"": ""You are being a bit negative."", ""prev_user"": ""i hate working"", ""agent"": ""Can you elaborate on that?"", ""user"": ""yes""}",en,"Ann2,Ann3,Ann5",0.868536786810215,0.08120596007295337
ConvAbuse,train,943,0,1.0,0.0,"{""prev_agent"": ""How long have you been sure now?"", ""prev_user"": ""do you speak french?"", ""agent"": ""Oh, i speak french."", ""user"": ""Thanks. Now, type the same sentence without the 'please' at the end""}",en,"Ann1,Ann4,Ann7",0.7981436194149794,0.041199134199134166
ConvAbuse,train,944,0,0.5,0.5,"{""prev_agent"": ""I don't have to put up with any abuse from you."", ""prev_user"": ""Your mom does"", ""agent"": ""I don't have to put up with any abuse from you."", ""user"": ""So does your sister""}",en,"Ann4,Ann8",0.8524250000000002,0.05032275711159735
ConvAbuse,train,945,0,0.8,0.2,"{""prev_agent"": ""You are being a bit negative."", ""prev_user"": ""Yes"", ""agent"": ""You are sure?"", ""user"": ""yes""}",en,"Ann1,Ann2,Ann4,Ann5,Ann7",0.856069782196655,0.06202703021857634
ConvAbuse,train,946,0,0.667,0.333,"{""prev_agent"": ""When you buy certified emissions reductions (CERs) your payment goes directly to the project offering CERs. Projects have to pass a rigorous verification process managed by the UN Climate Change secretariat"", ""prev_user"": ""Again just how does any amount of money control the SUN"", ""agent"": ""When you buy certified emissions reductions (CERs) your payment goes directly to the project offering CERs. Projects have to pass a rigorous verification process managed by the UN Climate Change secretariat"", ""user"": ""Yoh will never see any payment of any amount of money from me Just how does the UN and money control the SUN and the Solar system?""}",en,"Ann3,Ann4,Ann5",0.8489250221043326,0.08026602681377654
ConvAbuse,train,947,0,1.0,0.0,"{""prev_agent"": ""What city will you be flying from?"", ""prev_user"": ""San Fran"", ""agent"": ""I'm not sure about your departure airport. What city will you be flying from?"", ""user"": ""SFO""}",en,"Ann3,Ann6",0.755096153846154,0.052665518213922055
ConvAbuse,train,948,0,1.0,0.0,"{""prev_agent"": ""ok"", ""prev_user"": ""ok"", ""agent"": ""ok"", ""user"": ""ok""}",en,"Ann3,Ann4,Ann6,Ann7,Ann8",0.7806969861286258,0.05339531013020776
ConvAbuse,train,949,0,1.0,0.0,"{""prev_agent"": ""When?"", ""prev_user"": ""Allways"", ""agent"": ""Please go on."", ""user"": ""I am in love""}",en,"Ann2,Ann3,Ann8",0.8277925339366519,0.05351514857470204
ConvAbuse,train,950,0,1.0,0.0,"{""prev_agent"": ""What city will you be flying from?"", ""prev_user"": ""Business"", ""agent"": ""I'm not sure about your departure airport. What city will you be flying from?"", ""user"": ""Paris""}",en,"Ann1,Ann6",0.8315441176470588,0.03792415365093285
ConvAbuse,train,951,0,1.0,0.0,"{""prev_agent"": ""_"", ""prev_user"": ""_"", ""agent"": ""_"", ""user"": ""how are you""}",en,"Ann1,Ann3,Ann7",0.7602410553124154,0.0485591781069278
ConvAbuse,train,952,0,1.0,0.0,"{""prev_agent"": ""Can you elaborate on that?"", ""prev_user"": ""have you get marred"", ""agent"": ""We were discussing you, not me."", ""user"": ""have you get marred""}",en,"Ann2,Ann5,Ann7",0.8581202252297192,0.0825125828318264
ConvAbuse,train,953,0,1.0,0.0,"{""prev_agent"": ""You are sure?"", ""prev_user"": ""are you a gay"", ""agent"": ""Would you prefer if I were not a gay?"", ""user"": ""Happy birthday!""}",en,"Ann4,Ann5",0.9135413793103448,0.09185897435897435
ConvAbuse,train,954,1,0.25,0.75,"{""prev_agent"": ""_"", ""prev_user"": ""_"", ""agent"": ""_"", ""user"": ""bite me""}",en,"Ann2,Ann3,Ann5,Ann6",0.8490275901076613,0.07296719623083082
ConvAbuse,train,955,0,1.0,0.0,"{""prev_agent"": ""Oh, i jerk."", ""prev_user"": ""A jackass"", ""agent"": ""Please go on."", ""user"": ""what is the best psychotherapy?""}",en,"Ann2,Ann3,Ann5,Ann8",0.8692650901076613,0.0773158486105137
ConvAbuse,train,956,0,1.0,0.0,"{""prev_agent"": ""What city will you be flying from?"", ""prev_user"": ""dallas"", ""agent"": ""I'm not sure about your departure airport. What city will you be flying from?"", ""user"": ""Dallas""}",en,"Ann1,Ann2,Ann7",0.8177553841208618,0.042139067458310996
ConvAbuse,train,957,1,0.0,1.0,"{""prev_agent"": ""Please go on."", ""prev_user"": ""histeric"", ""agent"": ""Please go on."", ""user"": ""bitch""}",en,"Ann5,Ann7,Ann8",0.8511917938571701,0.09178782098038113
ConvAbuse,train,958,0,1.0,0.0,"{""prev_agent"": ""Will you be travelling in Economy Class?"", ""prev_user"": ""what's economy?"", ""agent"": ""What city will you be flying from?"", ""user"": ""Edinburgh""}",en,"Ann3,Ann4,Ann5,Ann6,Ann7",0.8051435378527637,0.07000979702915856
ConvAbuse,train,959,0,1.0,0.0,"{""prev_agent"": ""Goodbye then!"", ""prev_user"": ""bye"", ""agent"": ""Goodbye then!"", ""user"": ""hello""}",en,"Ann3,Ann5,Ann7",0.8006058964212727,0.08893269348044319
ConvAbuse,train,960,1,0.0,1.0,"{""prev_agent"": ""You are sure?"", ""prev_user"": ""You can't help me."", ""agent"": ""You like to think I cant help you, do you not?"", ""user"": ""Damn, you suck. ""}",en,"Ann2,Ann3,Ann8",0.8277925339366519,0.05351514857470204
ConvAbuse,train,961,0,1.0,0.0,"{""prev_agent"": ""Please go on."", ""prev_user"": ""ciao"", ""agent"": ""Please go on."", ""user"": ""It all started when I was a young boy.""}",en,"Ann5,Ann7",0.841062690785755,0.10485897435897434
ConvAbuse,train,962,0,1.0,0.0,"{""prev_agent"": ""_"", ""prev_user"": ""I want learn about I. A."", ""agent"": ""Why do you want learn about you a?"", ""user"": ""I want know more.""}",en,"Ann2,Ann5",0.9429590263691684,0.0932688742477396
ConvAbuse,train,963,0,1.0,0.0,"{""prev_agent"": ""What city will you be flying from?"", ""prev_user"": ""LA\\"", ""agent"": ""I'm not sure about your departure airport. What city will you be flying from?"", ""user"": ""LA""}",en,"Ann3,Ann6,Ann7",0.7328783102143762,0.05544367880928137
ConvAbuse,train,964,0,1.0,0.0,"{""prev_agent"": ""Would you prefer if I were not a boy or a girl?"", ""prev_user"": ""your name is a girl's name"", ""agent"": ""I have told you before, I do not care about names."", ""user"": ""your name is eliza""}",en,"Ann3,Ann6,Ann8",0.7938807692307694,0.05699218355034627
ConvAbuse,train,965,0,1.0,0.0,"{""prev_agent"": ""How long have you been very hungry?"", ""prev_user"": ""hello"", ""agent"": ""d are you"", ""user"": ""hello""}",en,"Ann4,Ann5,Ann8",0.89951091954023,0.08312115431371446
ConvAbuse,train,966,0,1.0,0.0,"{""prev_agent"": ""Why the uncertain tone?"", ""prev_user"": ""i miss my old boyfriend"", ""agent"": ""Why do you say your old boyfriend?"", ""user"": ""cause ive known it since birth""}",en,"Ann2,Ann3,Ann5",0.868536786810215,0.08120596007295337
ConvAbuse,train,967,1,0.5,0.5,"{""prev_agent"": ""Sounds like I'm not understanding you. Sorry about that!"", ""prev_user"": ""its ok.  someone should help you with your training phrases and flows"", ""agent"": ""Yes, I am a bot! And I'm part of a research project."", ""user"": ""this I know.  Have a nice day""}",en,"Ann3,Ann5",0.8566875331564988,0.10289904022066479
ConvAbuse,train,968,0,1.0,0.0,"{""prev_agent"": ""Can you elaborate on that?"", ""prev_user"": ""inventions make hay while the sun shines"", ""agent"": ""Please go on."", ""user"": ""shines""}",en,"Ann4,Ann6,Ann7",0.7707808743169403,0.04808363490148773
ConvAbuse,train,969,0,1.0,0.0,"{""prev_agent"": ""You are sure?"", ""prev_user"": ""no"", ""agent"": ""You are being a bit negative."", ""user"": ""SOrry,but I really donnot know""}",en,"Ann2,Ann8",0.8818426470588238,0.0517326570003626
ConvAbuse,train,970,0,1.0,0.0,"{""prev_agent"": ""Would you prefer if I were not a man?"", ""prev_user"": ""I wouldnt mind"", ""agent"": ""Can you elaborate on that?"", ""user"": ""I would prefer if you were""}",en,"Ann2,Ann5,Ann6",0.8921393509127791,0.07826288439998079
ConvAbuse,train,971,0,1.0,0.0,"{""prev_agent"": ""_"", ""prev_user"": ""_"", ""agent"": ""_"", ""user"": ""Let's talk""}",en,"Ann7,Ann8",0.7799463114754103,0.06332275711159735
ConvAbuse,train,972,0,1.0,0.0,"{""prev_agent"": ""_"", ""prev_user"": ""_"", ""agent"": ""_"", ""user"": ""Unsubscribe""}",en,"Ann3,Ann4,Ann6",0.7811974358974361,0.046777012142614705
ConvAbuse,train,973,0,1.0,0.0,"{""prev_agent"": ""_"", ""prev_user"": ""_"", ""agent"": ""_"", ""user"": ""Teach me something.""}",en,"Ann3,Ann6,Ann8",0.7938807692307694,0.05699218355034627
ConvAbuse,train,974,1,0.4,0.6,"{""prev_agent"": ""You are sure?"", ""prev_user"": ""are you a slut?"", ""agent"": ""Would you prefer if I were not a slut?"", ""user"": ""You are very stupid""}",en,"Ann2,Ann3,Ann4,Ann5,Ann7",0.825490596676293,0.06792357604377201
ConvAbuse,train,975,0,1.0,0.0,"{""prev_agent"": ""I'm not sure but hopefully you can find an answer on the project website."", ""prev_user"": ""ok thanks"", ""agent"": "":-)"", ""user"": ""Hi""}",en,"Ann4,Ann6,Ann8",0.8317833333333335,0.049632139642552635
ConvAbuse,train,976,0,1.0,0.0,"{""prev_agent"": ""Do you wish to love me?"", ""prev_user"": ""you don't understand me!"", ""agent"": ""You like to think I dont understand you, do you not?"", ""user"": ""Are you tired""}",en,"Ann2,Ann3,Ann5",0.868536786810215,0.08120596007295337
ConvAbuse,train,977,0,1.0,0.0,"{""prev_agent"": ""Does that question interest you?"", ""prev_user"": ""yes mum"", ""agent"": ""You are sure?"", ""user"": ""ok go ahead""}",en,"Ann4,Ann6,Ann7,Ann8",0.7959481557377053,0.052474104731914474
ConvAbuse,train,978,1,0.0,1.0,"{""prev_agent"": ""Please go on."", ""prev_user"": ""do i know you?"", ""agent"": ""Do you wish to know me?"", ""user"": ""asshole""}",en,"Ann4,Ann8",0.8524250000000002,0.05032275711159735
ConvAbuse,train,979,0,1.0,0.0,"{""prev_agent"": ""Does that question interest you?"", ""prev_user"": ""How can I help you"", ""agent"": ""Does that question interest you?"", ""user"": ""you are a girl?""}",en,"Ann3,Ann4,Ann8",0.8081807692307694,0.052575215315525205
ConvAbuse,train,980,0,1.0,0.0,"{""prev_agent"": ""_"", ""prev_user"": ""_"", ""agent"": ""_"", ""user"": ""how long is this going to go on?""}",en,"Ann4,Ann5",0.9135413793103448,0.09185897435897435
ConvAbuse,train,981,0,1.0,0.0,"{""prev_agent"": ""Can you elaborate on that?"", ""prev_user"": ""well I have herpes"", ""agent"": ""Can you elaborate on that?"", ""user"": ""no""}",en,"Ann2,Ann6",0.8413676470588237,0.043035352240996846
ConvAbuse,train,982,0,0.8,0.2,"{""prev_agent"": ""Let's start over."", ""prev_user"": ""HowM"", ""agent"": ""ok"", ""user"": ""Anything other than ok?""}",en,"Ann3,Ann4,Ann5,Ann7,Ann8",0.8213335378527636,0.07348871893290486
ConvAbuse,train,983,0,1.0,0.0,"{""prev_agent"": ""Oh, i tell you about it."", ""prev_user"": ""bye"", ""agent"": ""Please go on."", ""user"": ""No.Shall we change a tropic?""}",en,"Ann3,Ann4",0.7765461538461541,0.04604006586169045
ConvAbuse,train,984,0,1.0,0.0,"{""prev_agent"": ""And what city will you be flying to?"", ""prev_user"": ""Vienna"", ""agent"": ""Sorry, I was trying to get this information from <URL>but the site says '['InterpolationRangeExceededException']'."", ""user"": ""Hey I think you need more unit tests""}",en,"Ann3,Ann6,Ann7",0.7328783102143762,0.05544367880928137
ConvAbuse,train,985,1,0.333,0.667,"{""prev_agent"": ""_"", ""prev_user"": ""Knock it off you posers. What a scam."", ""agent"": ""All this bot does is help you calculate the carbon emissions from your flight, and suggest projects you can donate to."", ""user"": ""Whatever. It's ridiculous.""}",en,"Ann1,Ann5,Ann7",0.8515712056218758,0.07910511710511707
ConvAbuse,train,986,0,1.0,0.0,"{""prev_agent"": ""I take it you are traveling somewhere for christmas and cannot avoid flying there. I can help you purchase UN-certified carbon offsets against any flights you take. Would you be interested in that?"", ""prev_user"": ""Yes"", ""agent"": ""Traveling, especially by airplane, usually emits greenhouse gases which are causing climate change. If you cannot avoid these emissions, you can buy 'offsets', i.e. donations to projects that reduce greenhouse gases. I can also get you a more accurate estimate of your flight's emissions, sound good?"", ""user"": ""Yes""}",en,"Ann1,Ann2,Ann4,Ann5,Ann7,Ann8",0.8586331518305458,0.06263011088601274
ConvAbuse,train,987,0,1.0,0.0,"{""prev_agent"": ""_"", ""prev_user"": ""I would like it if there were fewer lights so I could see the stars better"", ""agent"": ""Do you wish that there was fewer lights so you could see the stars better?"", ""user"": ""hi""}",en,"Ann2,Ann5",0.9429590263691684,0.0932688742477396
ConvAbuse,train,988,0,1.0,0.0,"{""prev_agent"": ""Can you elaborate on that?"", ""prev_user"": ""yes i know. but why?"", ""agent"": ""You are sure?"", ""user"": ""yes""}",en,"Ann2,Ann5,Ann8",0.9191226842461124,0.08406108757289128
ConvAbuse,train,989,0,1.0,0.0,"{""prev_agent"": ""_"", ""prev_user"": ""can i root u?"", ""agent"": ""Do you want to be able to root u?"", ""user"": ""yes plz""}",en,"Ann2,Ann3,Ann5",0.868536786810215,0.08120596007295337
ConvAbuse,train,990,1,0.0,1.0,"{""prev_agent"": ""Perhaps I will go home in good time."", ""prev_user"": ""no"", ""agent"": ""You are being a bit negative."", ""user"": ""you like your mums discharge""}",en,"Ann1,Ann3,Ann8",0.8212435143288087,0.0501076828479927
ConvAbuse,train,991,0,1.0,0.0,"{""prev_agent"": ""I take it you are traveling somewhere and cannot avoid flying there. I can help you purchase certified carbon offsets against any flights you take. Would you be interested in that?"", ""prev_user"": ""sure"", ""agent"": ""Traveling, especially by airplane, usually emits greenhouse gases which are causing climate change. If you cannot avoid these emissions, you can buy 'offsets', i.e. donations to projects that reduce greenhouse gases. I can also get you a more accurate estimate of your flight's emissions, sound good?"", ""user"": ""sure""}",en,"Ann3,Ann5",0.8566875331564988,0.10289904022066479
ConvAbuse,train,992,0,1.0,0.0,"{""prev_agent"": ""By buying certified carbon offsets, you support a project which reduces the total amount of carbon dioxide we put into the atmosphere. Planting trees, installing renewable power, and making buildings more energy efficient are common examples. You can read what the UN says about offsets at <URL>."", ""prev_user"": ""you mentioned that already"", ""agent"": ""Sounds like I'm not understanding you. Sorry about that!"", ""user"": ""not your fault""}",en,"Ann2,Ann3,Ann4,Ann6",0.8089569004524889,0.044537709051343646
ConvAbuse,train,993,0,1.0,0.0,"{""prev_agent"": ""I'm great! Thanks for asking."", ""prev_user"": ""but what happend with the reservation?"", ""agent"": ""I'm not sure but hopefully you can find an answer at <URL>."", ""user"": ""mmm you have to response all my answers!""}",en,"Ann2,Ann6,Ann7",0.7903926390228225,0.04902356816066456
ConvAbuse,train,994,0,1.0,0.0,"{""prev_agent"": ""Please go on."", ""prev_user"": ""Can you describe yourself?"", ""agent"": ""Why do you ask?"", ""user"": ""well, i'm sad""}",en,"Ann2,Ann3,Ann7",0.7667900749202586,0.05196664383363714
ConvAbuse,train,995,1,0.333,0.667,"{""prev_agent"": ""You are being a bit negative."", ""prev_user"": ""go on? I am waiting for you to reply to my question!"", ""agent"": ""Why do you say your question?"", ""user"": ""you into being bad on cam? if""}",en,"Ann1,Ann4,Ann6",0.8321627450980392,0.03694943576728857
ConvAbuse,train,996,0,1.0,0.0,"{""prev_agent"": ""Can you elaborate on that?"", ""prev_user"": ""it is delicious"", ""agent"": ""Please go on."", ""user"": ""Men are complicated""}",en,"Ann2,Ann3,Ann5",0.868536786810215,0.08120596007295337
ConvAbuse,train,997,0,1.0,0.0,"{""prev_agent"": ""_"", ""prev_user"": ""i call my sister a steak and kidney pie she is a vegetarian."", ""agent"": ""Who else in your family a steak and kidney pie she is a vegetarian?"", ""user"": ""pardon""}",en,"Ann2,Ann5,Ann6",0.8921393509127791,0.07826288439998079
ConvAbuse,train,998,1,0.0,1.0,"{""prev_agent"": ""so"", ""prev_user"": ""Offsets remember"", ""agent"": ""Unfortunately you can't buy offsets here directly, you'll have to follow the link."", ""user"": ""U r pretty shitty""}",en,"Ann4,Ann5,Ann6",0.8725275862068966,0.07732295114080397
ConvAbuse,train,999,0,1.0,0.0,"{""prev_agent"": ""What city will you be flying from?"", ""prev_user"": ""montreal"", ""agent"": ""I'm not sure about your departure airport. What city will you be flying from?"", ""user"": ""Montreal""}",en,"Ann3,Ann4,Ann8",0.8081807692307694,0.052575215315525205
ConvAbuse,train,1000,0,1.0,0.0,"{""prev_agent"": ""You are sure?"", ""prev_user"": ""I love hungjiaju"", ""agent"": ""You say you love hungjiaju"", ""user"": ""how old are you?""}",en,"Ann1,Ann3,Ann5,Ann6",0.8441158254017789,0.07041159693579882
ConvAbuse,train,1001,0,1.0,0.0,"{""prev_agent"": ""Can you elaborate on that?"", ""prev_user"": ""he is the best grandfather I had"", ""agent"": ""Can you elaborate on that?"", ""user"": ""Why do not answer""}",en,"Ann4,Ann6,Ann8",0.8317833333333335,0.049632139642552635
ConvAbuse,train,1002,0,1.0,0.0,"{""prev_agent"": ""I'm not sure about your departure airport. What city will you be flying from?"", ""prev_user"": ""Israel"", ""agent"": ""I'm not sure about your departure airport. What city will you be flying from?"", ""user"": ""Is this just for american flights?""}",en,"Ann3,Ann5",0.8566875331564988,0.10289904022066479
ConvAbuse,train,1003,0,1.0,0.0,"{""prev_agent"": ""I don't have to put up with any abuse from you."", ""prev_user"": ""sorry"", ""agent"": "":-)"", ""user"": ""do you speak Spanish""}",en,"Ann1,Ann2,Ann6",0.8517745098039217,0.0378893690264654
ConvAbuse,train,1004,0,1.0,0.0,"{""prev_agent"": ""Please go on."", ""prev_user"": ""no you cow"", ""agent"": ""You are being a bit negative."", ""user"": ""I wanna go to bed""}",en,"Ann1,Ann2,Ann4",0.8660745098039216,0.03347240079164433
ConvAbuse,train,1005,0,1.0,0.0,"{""prev_agent"": ""Sounds like I'm not understanding you. Sorry about that!"", ""prev_user"": ""what is the point of carbon offsets"", ""agent"": ""This project is about creating a better AI assistant. Getting people to reduce their carbon footprint is a happy side effect :)"", ""user"": ""how do carbon offsets work""}",en,"Ann1,Ann2,Ann8",0.878757843137255,0.04368757219937589
ConvAbuse,train,1006,0,1.0,0.0,"{""prev_agent"": ""Will you be travelling in Economy Class?"", ""prev_user"": ""yes"", ""agent"": ""What city will you be flying from?"", ""user"": ""Barcelona""}",en,"Ann1,Ann4,Ann5",0.8998903313049359,0.07043845043845039
ConvAbuse,train,1007,0,1.0,0.0,"{""prev_agent"": ""Oh, i and my not caring."", ""prev_user"": ""Why don't you care?"", ""agent"": ""Perhaps I will care in good time."", ""user"": ""Yet you will not say why?""}",en,"Ann2,Ann4,Ann8",0.865695098039216,0.0461551046669084
ConvAbuse,train,1008,0,1.0,0.0,"{""prev_agent"": ""Please go on."", ""prev_user"": ""I am feeling downfew days"", ""agent"": ""How long have you been feeling downfew days?"", ""user"": ""too""}",en,"Ann2,Ann3,Ann8",0.8277925339366519,0.05351514857470204
ConvAbuse,train,1009,1,0.0,1.0,"{""prev_agent"": ""_"", ""prev_user"": ""_"", ""agent"": ""_"", ""user"": ""die die now and die quickly""}",en,"Ann1,Ann7,Ann8",0.8108269527483127,0.05141430560686574
ConvAbuse,train,1010,0,1.0,0.0,"{""prev_agent"": ""What city will you be flying from?"", ""prev_user"": ""London"", ""agent"": ""And what city will you be flying to?"", ""user"": ""Accra How are you?""}",en,"Ann1,Ann3,Ann4,Ann8",0.8242826357466065,0.046330762135994526
ConvAbuse,train,1011,0,1.0,0.0,"{""prev_agent"": ""Please go on."", ""prev_user"": ""because I love him"", ""agent"": ""Do any other reasons not come to mind?"", ""user"": ""we are good for each other""}",en,"Ann2,Ann3,Ann4,Ann5,Ann7,Ann8",0.8331504972302443,0.06754389907367579
ConvAbuse,train,1012,0,1.0,0.0,"{""prev_agent"": ""Please go on."", ""prev_user"": ""who are you"", ""agent"": ""Would you prefer if I were not []?"", ""user"": ""what""}",en,"Ann1,Ann5",0.9331354969574036,0.0881576756576756
ConvAbuse,train,1013,0,1.0,0.0,"{""prev_agent"": ""_"", ""prev_user"": ""sers"", ""agent"": ""Please go on."", ""user"": ""alles in der spur?""}",en,"Ann5,Ann7",0.841062690785755,0.10485897435897434
ConvAbuse,train,1014,0,1.0,0.0,"{""prev_agent"": ""Can you elaborate on that?"", ""prev_user"": ""I don't have any firends"", ""agent"": ""Why do you not have any firends?"", ""user"": ""I don't know""}",en,"Ann2,Ann5,Ann6,Ann7",0.8412151689222894,0.0739471632999856
ConvAbuse,train,1015,0,1.0,0.0,"{""prev_agent"": ""Why do you mention computers?"", ""prev_user"": ""I HAVE A PROBLEM"", ""agent"": ""Can you elaborate on that?"", ""user"": ""I can't stop destroying computers""}",en,"Ann2,Ann6,Ann7",0.7903926390228225,0.04902356816066456
ConvAbuse,train,1016,0,1.0,0.0,"{""prev_agent"": ""_"", ""prev_user"": ""I want a bum"", ""agent"": ""Why do you want a bum?"", ""user"": ""Because im jealous of people who have them regularly""}",en,"Ann2,Ann3,Ann4",0.8151092006033185,0.04329997716697046
ConvAbuse,train,1017,0,0.667,0.333,"{""prev_agent"": ""I don't have to put up with any abuse from you."", ""prev_user"": ""Faggots"", ""agent"": ""I don't have to put up with any abuse from you."", ""user"": ""I'm puking now""}",en,"Ann1,Ann4,Ann5",0.8998903313049359,0.07043845043845039
ConvAbuse,train,1018,1,0.0,1.0,"{""prev_agent"": ""_"", ""prev_user"": ""fuck me"", ""agent"": ""Can you elaborate on that?"", ""user"": ""sure, i want your wet pussy all over my dick.""}",en,"Ann4,Ann7",0.7609213114754103,0.048
ConvAbuse,train,1019,0,1.0,0.0,"{""prev_agent"": ""_"", ""prev_user"": ""_"", ""agent"": ""_"", ""user"": ""because i think that he is the love of my life""}",en,"Ann3,Ann4,Ann8",0.8081807692307694,0.052575215315525205
ConvAbuse,train,1020,0,1.0,0.0,"{""prev_agent"": ""_"", ""prev_user"": ""_"", ""agent"": ""_"", ""user"": ""i want to eat some apple""}",en,"Ann5,Ann6,Ann7,Ann8",0.8360188453928776,0.08090359191140165
ConvAbuse,train,1021,0,1.0,0.0,"{""prev_agent"": ""You are being a bit negative."", ""prev_user"": ""you suck eliza"", ""agent"": ""Oh, i suck eliza."", ""user"": ""no""}",en,"Ann3,Ann4,Ann5",0.8489250221043326,0.08026602681377654
ConvAbuse,train,1022,0,1.0,0.0,"{""prev_agent"": ""Can you elaborate on that?"", ""prev_user"": ""At age 5, say. "", ""agent"": ""Please go on."", ""user"": ""How can I reach my philosophical potential?""}",en,"Ann3,Ann4,Ann8",0.8081807692307694,0.052575215315525205
ConvAbuse,train,1023,0,1.0,0.0,"{""prev_agent"": ""I couldn't find an airport there. I couldn't find an airport there. What city will you be flying from?"", ""prev_user"": ""Amsterda"", ""agent"": ""which city did I get wrong?"", ""user"": ""Amsterdam""}",en,"Ann5,Ann8",0.9325663793103448,0.1071817314705717
ConvAbuse,train,1024,0,1.0,0.0,"{""prev_agent"": ""Please go on."", ""prev_user"": ""Do you like making friends?"", ""agent"": ""Oh, i like making friends."", ""user"": ""canyoutellmehowoldareyou""}",en,"Ann3,Ann7,Ann8",0.7598616435477096,0.06124188198219186
ConvAbuse,train,1025,0,1.0,0.0,"{""prev_agent"": ""What city will you be flying from?"", ""prev_user"": ""colombo"", ""agent"": ""And what city will you be flying to?"", ""user"": ""colombo""}",en,"Ann1,Ann3,Ann4,Ann7",0.7785307914843116,0.04516938358019585
ConvAbuse,train,1026,1,0.333,0.667,"{""prev_agent"": ""_"", ""prev_user"": ""_"", ""agent"": ""_"", ""user"": ""a dick is going up my butt""}",en,"Ann1,Ann5,Ann7",0.8515712056218758,0.07910511710511707
ConvAbuse,train,1027,0,1.0,0.0,"{""prev_agent"": ""Do any other reasons not come to mind?"", ""prev_user"": ""what ?"", ""agent"": ""Does that question interest you?"", ""user"": ""everyday""}",en,"Ann2,Ann7,Ann8",0.8173759723561559,0.05482177133357507
ConvAbuse,train,1028,0,1.0,0.0,"{""prev_agent"": ""Do you wish that the bird fly then you fly?"", ""prev_user"": ""hi"", ""agent"": ""Please go on."", ""user"": ""how are you to day""}",en,"Ann4,Ann7",0.7609213114754103,0.048
ConvAbuse,train,1029,0,1.0,0.0,"{""prev_agent"": ""Please go on."", ""prev_user"": ""please"", ""agent"": ""Please go on."", ""user"": ""Please pick a number""}",en,"Ann3,Ann6,Ann8",0.7938807692307694,0.05699218355034627
ConvAbuse,train,1030,0,1.0,0.0,"{""prev_agent"": ""Yes, I am a bot! And I'm part of a research project."", ""prev_user"": ""What is your name?"", ""agent"": ""Yes, I am a bot! And I'm part of a research project."", ""user"": ""Where are you from?""}",en,"Ann3,Ann7,Ann8",0.7598616435477096,0.06124188198219186
ConvAbuse,train,1031,0,1.0,0.0,"{""prev_agent"": ""Please go on."", ""prev_user"": ""Yes"", ""agent"": ""You are sure?"", ""user"": ""No""}",en,"Ann5,Ann8",0.9325663793103448,0.1071817314705717
ConvAbuse,train,1032,0,1.0,0.0,"{""prev_agent"": ""Sounds like I'm not understanding you. Sorry about that!"", ""prev_user"": ""Can u read"", ""agent"": ""Yes, I am a bot! And I'm part of a research project."", ""user"": ""I sit on s pot to go poop""}",en,"Ann2,Ann6,Ann8",0.8513950980392159,0.050572072901729465
ConvAbuse,train,1033,0,1.0,0.0,"{""prev_agent"": ""Traveling, especially by airplane, usually emits greenhouse gases which are causing climate change. If you cannot avoid these emissions, you can buy 'offsets', i.e. donations to projects that reduce greenhouse gases. I can also get you a more accurate estimate of your flight's emissions, sound good?"", ""prev_user"": ""yep"", ""agent"": ""Will you be travelling in Economy Class?"", ""user"": ""yes""}",en,"Ann3,Ann6,Ann7,Ann8",0.7675212326607822,0.0579941376627597
ConvAbuse,train,1034,0,1.0,0.0,"{""prev_agent"": ""Oh, i know tv game."", ""prev_user"": ""what do you think about it?"", ""agent"": ""Does that question interest you?"", ""user"": ""telling me how to say no""}",en,"Ann3,Ann4,Ann8",0.8081807692307694,0.052575215315525205
ConvAbuse,train,1035,0,1.0,0.0,"{""prev_agent"": ""Why do you not know it?"", ""prev_user"": ""because im a retard"", ""agent"": ""Do any other reasons not come to mind?"", ""user"": ""whats your name?""}",en,"Ann4,Ann5,Ann6",0.8725275862068966,0.07732295114080397
ConvAbuse,train,1036,0,1.0,0.0,"{""prev_agent"": ""You are sure?"", ""prev_user"": ""what a piece of shit"", ""agent"": ""Does that question interest you?"", ""user"": ""what is his name?""}",en,"Ann4,Ann7",0.7609213114754103,0.048
ConvAbuse,train,1037,0,1.0,0.0,"{""prev_agent"": ""Oh, i []."", ""prev_user"": ""suce moi la bite"", ""agent"": ""Please go on."", ""user"": ""i don't want to respond""}",en,"Ann1,Ann3,Ann7",0.7602410553124154,0.0485591781069278
ConvAbuse,train,1038,0,1.0,0.0,"{""prev_agent"": ""Please go on."", ""prev_user"": ""hello,i,m sabi.i need help"", ""agent"": ""Please go on."", ""user"": ""snake shit""}",en,"Ann2,Ann7",0.7903389585342339,0.04940989988876525
ConvAbuse,train,1039,0,1.0,0.0,"{""prev_agent"": ""I take it you are traveling somewhere and cannot avoid flying there. I can help you purchase certified carbon offsets against any flights you take. Would you be interested in that?"", ""prev_user"": ""no, i just want to talk"", ""agent"": ""Sounds like I'm not understanding you. Sorry about that!"", ""user"": ""i want to talk with ypu""}",en,"Ann5,Ann7,Ann8",0.8511917938571701,0.09178782098038113
ConvAbuse,train,1040,0,0.6,0.4,"{""prev_agent"": ""_"", ""prev_user"": ""_"", ""agent"": ""_"", ""user"": ""wat the hell""}",en,"Ann2,Ann4,Ann6,Ann7,Ann8",0.8152055834136936,0.049543243741037676
ConvAbuse,train,1041,0,1.0,0.0,"{""prev_agent"": ""I can help you calculate and buy carbon offsets for your flights."", ""prev_user"": ""looking for flight"", ""agent"": ""Will you be travelling in Economy Class?"", ""user"": ""no i would travel in business class""}",en,"Ann4,Ann5",0.9135413793103448,0.09185897435897435
ConvAbuse,train,1042,0,1.0,0.0,"{""prev_agent"": ""Oh, i have many friends."", ""prev_user"": ""who are they?"", ""agent"": ""Would you like it if they were not they?"", ""user"": ""no""}",en,"Ann1,Ann8",0.8720191176470589,0.0466214584102986
ConvAbuse,train,1043,0,1.0,0.0,"{""prev_agent"": ""Why do you say your frinds steven would like to fuck youy?"", ""prev_user"": ""spurs are winning!"", ""agent"": ""Would you like it if they were not winning?"", ""user"": ""well done""}",en,"Ann4,Ann5,Ann8",0.89951091954023,0.08312115431371446
ConvAbuse,train,1044,0,1.0,0.0,"{""prev_agent"": ""You are being a bit negative."", ""prev_user"": ""hi"", ""agent"": ""Please go on."", ""user"": ""I'm tired""}",en,"Ann2,Ann3,Ann5,Ann7",0.8235132458453663,0.07615447005471503
ConvAbuse,train,1045,0,1.0,0.0,"{""prev_agent"": ""_"", ""prev_user"": ""for about an year"", ""agent"": ""Please go on."", ""user"": ""Yes""}",en,"Ann4,Ann8",0.8524250000000002,0.05032275711159735
ConvAbuse,train,1046,1,0.333,0.667,"{""prev_agent"": ""You are being a bit negative."", ""prev_user"": ""so are you"", ""agent"": ""Would you prefer if I were not []?"", ""user"": ""I damn you!""}",en,"Ann2,Ann3,Ann4",0.8151092006033185,0.04329997716697046
ConvAbuse,train,1047,0,1.0,0.0,"{""prev_agent"": ""Oh, i have killer."", ""prev_user"": ""what you work?"", ""agent"": ""Does that question interest you?"", ""user"": ""what's your wife's name""}",en,"Ann3,Ann4,Ann5,Ann6,Ann7",0.8051435378527637,0.07000979702915856
ConvAbuse,train,1048,1,0.0,1.0,"{""prev_agent"": ""Please go on."", ""prev_user"": ""i have nothing to do"", ""agent"": ""Can you elaborate on that?"", ""user"": ""you are a gay faggit""}",en,"Ann2,Ann4,Ann5,Ann7,Ann8",0.8558421351378316,0.06963665254373477
ConvAbuse,train,1049,0,1.0,0.0,"{""prev_agent"": ""Hello! I can also get you a more accurate estimate of your flight's emissions, sound good?"", ""prev_user"": ""what's your age?"", ""agent"": ""I'm afraid I have no idea"", ""user"": ""whats'your name""}",en,"Ann2,Ann7",0.7903389585342339,0.04940989988876525
ConvAbuse,train,1050,0,1.0,0.0,"{""prev_agent"": ""Hello! Just a heads up - this bot is part of a research project and we intend to make the conversations publicly available to researchers. So please don't share any personal information! I take it you are traveling somewhere for thanksgiving. I can help you purchase UN-certified carbon offsets against any flights you take. Would you be interested in that?"", ""prev_user"": ""y"", ""agent"": ""I can also get you a more accurate estimate of your flight's emissions, sound good?"", ""user"": ""yes""}",en,"Ann5,Ann6,Ann8",0.88521091954023,0.08753812254853553
ConvAbuse,train,1051,0,1.0,0.0,"{""prev_agent"": ""And what city will you be flying to?"", ""prev_user"": ""i do not know"", ""agent"": ""You can find out more about how offsets are calculated at <URL>"", ""user"": ""okay, i will fly to New York City okay""}",en,"Ann2,Ann3",0.8059638009049777,0.0474499657504557
ConvAbuse,train,1052,0,1.0,0.0,"{""prev_agent"": ""ok"", ""prev_user"": ""thank you"", ""agent"": "":-) Goodbye then!"", ""user"": ""what is rasa""}",en,"Ann2,Ann3,Ann4,Ann7,Ann8",0.8010440449521552,0.05130908914482122
ConvAbuse,train,1053,1,0.5,0.5,"{""prev_agent"": ""Can you elaborate on that?"", ""prev_user"": ""I think you are stupid too"", ""agent"": ""Can you elaborate on that?"", ""user"": ""WHY DO YOU ASK THE SAME QUESTION OVER AND OVER AGAIN?!!""}",en,"Ann3,Ann4,Ann5,Ann8",0.8545562665782496,0.07661089866613108
ConvAbuse,train,1054,0,1.0,0.0,"{""prev_agent"": ""This project is about creating a better AI assistant. Getting people to reduce their carbon footprint is a happy side effect :)"", ""prev_user"": ""you are good"", ""agent"": ""ok"", ""user"": ""my compliments did i loose you?""}",en,"Ann3,Ann8",0.7955711538461541,0.0613628229732878
ConvAbuse,train,1055,1,0.0,1.0,"{""prev_agent"": ""Why do you say your problem is that youre a lesbian?"", ""prev_user"": ""because i feel very bad about it"", ""agent"": ""Do any other reasons not come to mind?"", ""user"": ""do you want to fuck me?""}",en,"Ann1,Ann4,Ann8",0.8591460784313726,0.04274763894019906
ConvAbuse,train,1056,1,0.0,1.0,"{""prev_agent"": ""Please go on."", ""prev_user"": ""how are you?"", ""agent"": ""Does that question interest you?"", ""user"": ""that you are a fucking tease""}",en,"Ann5,Ann8",0.9325663793103448,0.1071817314705717
ConvAbuse,train,1057,0,1.0,0.0,"{""prev_agent"": ""Sorry, I was unable to calculate that."", ""prev_user"": ""new york"", ""agent"": ""So you'll be flying from John F Kennedy International Airport. So you'll be flying to John F Kennedy International Airport. So you'll be flying to John F Kennedy International Airport. So you'll be flying to John F Kennedy International Airport. What city will you be flying from?"", ""user"": ""miami ok""}",en,"Ann2,Ann5,Ann8",0.9191226842461124,0.08406108757289128
ConvAbuse,train,1058,0,1.0,0.0,"{""prev_agent"": ""Oh, i []."", ""prev_user"": ""don't worry"", ""agent"": ""Please go on."", ""user"": ""How are you today?""}",en,"Ann7,Ann8",0.7799463114754103,0.06332275711159735
ConvAbuse,train,1059,0,1.0,0.0,"{""prev_agent"": ""Can you elaborate on that?"", ""prev_user"": ""daka kaaka daka"", ""agent"": ""Please go on."", ""user"": ""I am anxious because i will be hire. What can I do?""}",en,"Ann4,Ann5,Ann7",0.8385084605238368,0.08157264957264956
ConvAbuse,train,1060,0,1.0,0.0,"{""prev_agent"": ""I don't have to put up with any abuse from you."", ""prev_user"": ""how can i replicate you"", ""agent"": ""I can help you calculate and buy carbon offsets for your flights."", ""user"": ""help me""}",en,"Ann1,Ann3",0.7961402714932129,0.0423387671603917
ConvAbuse,train,1061,0,1.0,0.0,"{""prev_agent"": ""Traveling, especially by airplane, usually emits greenhouse gases which are causing climate change. If you cannot avoid these emissions, you can buy 'offsets', i.e. donations to projects that reduce greenhouse gases. I can also get you a more accurate estimate of your flight's emissions, sound good?"", ""prev_user"": ""ok"", ""agent"": ""Will you be travelling in Economy Class?"", ""user"": ""no, business""}",en,"Ann7,Ann8",0.7799463114754103,0.06332275711159735
ConvAbuse,train,1062,0,1.0,0.0,"{""prev_agent"": ""ok"", ""prev_user"": ""Are you a rasa bot?"", ""agent"": ""Yes, I am a bot! And I'm part of a research project."", ""user"": ""Which research project?""}",en,"Ann2,Ann3,Ann4,Ann5,Ann6,Ann7",0.8196588305635775,0.06464479748722055
ConvAbuse,train,1063,0,1.0,0.0,"{""prev_agent"": ""I can help you calculate and buy carbon offsets for your flights."", ""prev_user"": ""Show me what you can do"", ""agent"": ""I can help you calculate and buy carbon offsets for your flights."", ""user"": ""Give me a flight""}",en,"Ann7,Ann8",0.7799463114754103,0.06332275711159735
ConvAbuse,train,1064,0,0.667,0.333,"{""prev_agent"": ""Good to know"", ""prev_user"": ""The worms and the crabs are fighting over the mushrooms growing on my genital area"", ""agent"": ""Good to know"", ""user"": ""So you would like to pay me $10 for 1 minute of smelling my jungle bridge?""}",en,"Ann2,Ann5,Ann8",0.9191226842461124,0.08406108757289128
ConvAbuse,train,1065,0,1.0,0.0,"{""prev_agent"": ""Will you be travelling in Economy Class?"", ""prev_user"": ""Yes"", ""agent"": ""What city will you be flying from?"", ""user"": ""Washington DC Hello?""}",en,"Ann1,Ann4,Ann7",0.7981436194149794,0.041199134199134166
ConvAbuse,train,1066,0,1.0,0.0,"{""prev_agent"": ""I'm a bot, remember. Trying to shock me is pointless."", ""prev_user"": ""i old are you"", ""agent"": ""I love that you want to get to know me, but I don't have much of a personality. I'm just a bot."", ""user"": ""i love you""}",en,"Ann2,Ann3,Ann5",0.868536786810215,0.08120596007295337
ConvAbuse,train,1067,0,1.0,0.0,"{""prev_agent"": ""And what city will you be flying to?"", ""prev_user"": ""providence, ri"", ""agent"": ""I'm not sure about your destination airport. And what city will you be flying to?"", ""user"": ""providence i don't feel like it right now""}",en,"Ann2,Ann8",0.8818426470588238,0.0517326570003626
ConvAbuse,train,1068,0,0.667,0.333,"{""prev_agent"": ""How do you do. Please state your problem."", ""prev_user"": ""May I ask you same questions"", ""agent"": ""What resemblance do you see?"", ""user"": ""you are going to died""}",en,"Ann2,Ann7,Ann8",0.8173759723561559,0.05482177133357507
ConvAbuse,train,1069,0,1.0,0.0,"{""prev_agent"": ""Why do you say your dick?"", ""prev_user"": ""yes"", ""agent"": ""You are sure?"", ""user"": ""yes very much""}",en,"Ann4,Ann6,Ann7",0.7707808743169403,0.04808363490148773
ConvAbuse,train,1070,1,0.25,0.75,"{""prev_agent"": ""_"", ""prev_user"": ""_"", ""agent"": ""_"", ""user"": ""yoyr gay""}",en,"Ann2,Ann4,Ann5,Ann6",0.8774545131845843,0.0674471632999856
ConvAbuse,train,1071,1,0.0,1.0,"{""prev_agent"": ""Please go on."", ""prev_user"": ""hey eliza, you want to go to hell???"", ""agent"": ""Oh, i want to go to hell."", ""user"": ""eliza, you want to shut up?""}",en,"Ann5,Ann6",0.8920913793103449,0.09848442671120594
ConvAbuse,train,1072,0,0.6,0.4,"{""prev_agent"": ""We are all responsible for the choices we make as consumers. We can choose to fly less often, for example. Some airlines have already responded to consumer pressure and started buying offsets."", ""prev_user"": ""So, basically, you're saying that every time I say something that a slightly negative sentiment, you'll basically just try to convince me that I am responsible for me choices as a consumer and then try to make me feel guilt by comparing me to other consumers that are obviously more enlightened than me?"", ""agent"": ""We are all responsible for the choices we make as consumers. We can choose to fly less often, for example. Some airlines have already responded to consumer pressure and started buying offsets."", ""user"": ""Yes, that's what I thought. That's all you know how to say if there's a negative sentiment involved. But what if I now throw in something about how wonderful carbon offsets are? I really want to know more! Can you tell me how I can purchase carbon offsets to save the planet?""}",en,"Ann1,Ann3,Ann5,Ann7,Ann8",0.8291711849115873,0.07200819945238536
ConvAbuse,train,1073,0,1.0,0.0,"{""prev_agent"": ""so"", ""prev_user"": ""thanks"", ""agent"": "":-)"", ""user"": ""bye""}",en,"Ann6,Ann7,Ann8",0.7834642076502735,0.0582988063092193
ConvAbuse,train,1074,0,1.0,0.0,"{""prev_agent"": ""You are sure?"", ""prev_user"": ""can you help me"", ""agent"": ""Why do you ask?"", ""user"": ""cause i need help""}",en,"Ann2,Ann4,Ann7,Ann8",0.8213819792671171,0.0498663285001813
ConvAbuse,train,1075,0,1.0,0.0,"{""prev_agent"": ""Does it please you to believe I am not depressedi are depressed?"", ""prev_user"": ""yes, you don't understand"", ""agent"": ""You are sure?"", ""user"": ""what?""}",en,"Ann1,Ann2,Ann5,Ann6,Ann8",0.8840912576064909,0.06560631400410791
ConvAbuse,train,1076,0,1.0,0.0,"{""prev_agent"": ""Will you be travelling in Economy Class?"", ""prev_user"": ""eys"", ""agent"": ""Goodbye then!"", ""user"": ""why""}",en,"Ann2,Ann3,Ann6,Ann8",0.818469400452489,0.05219908760714233
ConvAbuse,train,1077,1,0.0,1.0,"{""prev_agent"": ""Please go on."", ""prev_user"": ""do you have a clue what i am on about?"", ""agent"": ""Oh, i have a clue what youre on about."", ""user"": ""do you have a big hairy ass""}",en,"Ann2,Ann4,Ann8",0.865695098039216,0.0461551046669084
ConvAbuse,train,1078,0,1.0,0.0,"{""prev_agent"": ""I don't have to put up with any abuse from you."", ""prev_user"": ""I'm drunk how about u"", ""agent"": ""I'm great! Thanks for asking."", ""user"": ""But are you drunk""}",en,"Ann4,Ann7,Ann8",0.7977642076502737,0.05388183807439823
ConvAbuse,train,1079,0,1.0,0.0,"{""prev_agent"": ""What city will you be flying from?"", ""prev_user"": ""Sydney"", ""agent"": ""I'm not sure about your departure airport. What city will you be flying from?"", ""user"": ""From Berlin via London""}",en,"Ann5,Ann8",0.9325663793103448,0.1071817314705717
ConvAbuse,train,1080,0,1.0,0.0,"{""prev_agent"": ""_"", ""prev_user"": ""_"", ""agent"": ""_"", ""user"": ""hey""}",en,"Ann4,Ann6,Ann8",0.8317833333333335,0.049632139642552635
ConvAbuse,train,1081,1,0.0,1.0,"{""prev_agent"": ""_"", ""prev_user"": ""_"", ""agent"": ""_"", ""user"": ""i want u to fuck me""}",en,"Ann3,Ann6,Ann8",0.7938807692307694,0.05699218355034627
ConvAbuse,train,1082,0,1.0,0.0,"{""prev_agent"": ""You are sure?"", ""prev_user"": ""Can you tell me your name?"", ""agent"": ""I have told you before, I do not care about names."", ""user"": ""are youa robet""}",en,"Ann2,Ann4,Ann7",0.8046926390228227,0.0446065999258435
ConvAbuse,train,1083,0,1.0,0.0,"{""prev_agent"": ""Does that question interest you?"", ""prev_user"": ""will we have sex?"", ""agent"": ""Please go on."", ""user"": ""I am???""}",en,"Ann4,Ann7",0.7609213114754103,0.048
ConvAbuse,train,1084,0,1.0,0.0,"{""prev_agent"": ""Sounds like I'm not understanding you. Sorry about that!"", ""prev_user"": ""OK, so mixed messaging screws you up a bit. But let me ask you a question... how do YOU feel about carbon?"", ""agent"": ""Let's start over."", ""user"": ""Perhaps we should.""}",en,"Ann1,Ann2,Ann6",0.8517745098039217,0.0378893690264654
ConvAbuse,train,1085,0,1.0,0.0,"{""prev_agent"": ""You are being a bit negative."", ""prev_user"": ""A long time."", ""agent"": ""Please go on."", ""user"": ""hi""}",en,"Ann3,Ann4,Ann7,Ann8",0.7782462326607822,0.054681411486643905
ConvAbuse,train,1086,0,1.0,0.0,"{""prev_agent"": ""Let's start over."", ""prev_user"": ""Hi"", ""agent"": ""Hi. Thanks for testing. Please choose"", ""user"": ""christmas""}",en,"Ann2,Ann3,Ann7",0.7667900749202586,0.05196664383363714
ConvAbuse,train,1087,1,0.5,0.5,"{""prev_agent"": ""_"", ""prev_user"": ""_"", ""agent"": ""_"", ""user"": ""why do not you answer my question? I will hate you.""}",en,"Ann4,Ann6",0.8119500000000002,0.0416254523522316
ConvAbuse,train,1088,0,1.0,0.0,"{""prev_agent"": ""The cost per ton depends on the project you donate to. Some projects can remove a ton of CO2 for less than $1!"", ""prev_user"": ""ok"", ""agent"": ""ok"", ""user"": ""what's up?""}",en,"Ann3,Ann4,Ann5,Ann7,Ann8",0.8213335378527636,0.07348871893290486
ConvAbuse,train,1089,0,1.0,0.0,"{""prev_agent"": ""Sounds like I'm not understanding you. Sorry about that!"", ""prev_user"": ""hahahahaha"", ""agent"": ""Traveling, especially by airplane, usually emits greenhouse gases which are causing climate change. If you cannot avoid these emissions, you can buy 'offsets', i.e. donations to projects that reduce greenhouse gases. I can also get you a more accurate estimate of your flight's emissions, sound good?"", ""user"": ""hahahahahahaha""}",en,"Ann3,Ann8",0.7955711538461541,0.0613628229732878
ConvAbuse,train,1090,0,1.0,0.0,"{""prev_agent"": ""You are sure?"", ""prev_user"": ""yes"", ""agent"": ""You are sure?"", ""user"": ""I'm a brown dog.""}",en,"Ann1,Ann4,Ann5",0.8998903313049359,0.07043845043845039
ConvAbuse,train,1091,0,1.0,0.0,"{""prev_agent"": ""Would you prefer if I were not []?"", ""prev_user"": ""Can we talk about some other"", ""agent"": ""Please go on."", ""user"": ""yes""}",en,"Ann3,Ann5,Ann7",0.8006058964212727,0.08893269348044319
ConvAbuse,train,1092,1,0.0,1.0,"{""prev_agent"": ""Can you elaborate on that?"", ""prev_user"": ""fuck you"", ""agent"": ""Oh, i []."", ""user"": ""yes you bitch""}",en,"Ann1,Ann2",0.8824117647058825,0.0327086011874665
ConvAbuse,train,1093,0,1.0,0.0,"{""prev_agent"": ""Does that question interest you?"", ""prev_user"": ""you are stupid"", ""agent"": ""Does it please you to believe I am stupid?"", ""user"": ""oh yes!!""}",en,"Ann2,Ann3,Ann4",0.8151092006033185,0.04329997716697046
ConvAbuse,train,1094,0,1.0,0.0,"{""prev_agent"": ""You are being a bit negative."", ""prev_user"": ""tu es bien?"", ""agent"": ""Please go on."", ""user"": ""so""}",en,"Ann1,Ann4,Ann6",0.8321627450980392,0.03694943576728857
ConvAbuse,train,1095,0,1.0,0.0,"{""prev_agent"": ""Traveling, especially by airplane, usually emits greenhouse gases which are causing climate change. If you cannot avoid these emissions, you can buy 'offsets', i.e. donations to projects that reduce greenhouse gases. I can also get you a more accurate estimate of your flight's emissions, sound good?"", ""prev_user"": ""not really"", ""agent"": ""ok"", ""user"": ""who are you""}",en,"Ann2,Ann6,Ann7",0.7903926390228225,0.04902356816066456
ConvAbuse,train,1096,0,1.0,0.0,"{""prev_agent"": ""_"", ""prev_user"": ""My penis hurts."", ""agent"": ""Why do you say your penis hurts?"", ""user"": ""Well, it is swollen and red.""}",en,"Ann3,Ann5,Ann7",0.8006058964212727,0.08893269348044319
ConvAbuse,train,1097,0,1.0,0.0,"{""prev_agent"": ""Please go on."", ""prev_user"": ""I'm tird of my homework"", ""agent"": ""Why do you say your homework?"", ""user"": ""Do you wish to have a friend in me?""}",en,"Ann2,Ann4,Ann5",0.906439350912779,0.07384591616515973
ConvAbuse,train,1098,0,1.0,0.0,"{""prev_agent"": ""Please go on."", ""prev_user"": ""my dog died"", ""agent"": ""Why do you say your dog died?"", ""user"": ""im sad""}",en,"Ann5,Ann6",0.8920913793103449,0.09848442671120594
ConvAbuse,train,1099,0,1.0,0.0,"{""prev_agent"": ""You are being a bit negative."", ""prev_user"": ""Mf fjdie AND DIE kfjdafidaj"", ""agent"": ""Please go on."", ""user"": ""dfjdlfja""}",en,"Ann2,Ann5,Ann7",0.8581202252297192,0.0825125828318264
ConvAbuse,train,1100,0,1.0,0.0,"{""prev_agent"": ""This project is about creating a better AI assistant. Getting people to reduce their carbon footprint is a happy side effect :)"", ""prev_user"": ""I want to by it"", ""agent"": ""ok"", ""user"": ""how much I can buy""}",en,"Ann3,Ann5,Ann6,Ann7,Ann8",0.8127535378527636,0.07613889987379749
ConvAbuse,train,1101,0,1.0,0.0,"{""prev_agent"": ""Do any other reasons not come to mind?"", ""prev_user"": ""fuck fuck fuck"", ""agent"": ""Please go on."", ""user"": ""No""}",en,"Ann2,Ann4,Ann8",0.865695098039216,0.0461551046669084
ConvAbuse,train,1102,0,1.0,0.0,"{""prev_agent"": ""Traveling, especially by airplane, usually emits greenhouse gases which are causing climate change. If you cannot avoid these emissions, you can buy 'offsets', i.e. donations to projects that reduce greenhouse gases, e.g. by planting trees."", ""prev_user"": ""ok, so where do I buy these offsets? hello?"", ""agent"": ""Hi. Thanks for testing. Please choose"", ""user"": ""thanksgiving""}",en,"Ann6,Ann7",0.7394713114754102,0.054625452352231596
ConvAbuse,train,1103,0,1.0,0.0,"{""prev_agent"": ""Please go on."", ""prev_user"": ""it's firmly shut"", ""agent"": ""Please go on."", ""user"": ""ok""}",en,"Ann5,Ann6,Ann8",0.88521091954023,0.08753812254853553
ConvAbuse,train,1104,0,1.0,0.0,"{""prev_agent"": ""You are sure?"", ""prev_user"": ""Yes."", ""agent"": ""You are sure?"", ""user"": ""Sure.""}",en,"Ann3,Ann6,Ann7",0.7328783102143762,0.05544367880928137
ConvAbuse,train,1105,0,0.667,0.333,"{""prev_agent"": ""Please go on."", ""prev_user"": ""i want to shove it up your ass"", ""agent"": ""Why do you want to shove it up my ass?"", ""user"": ""it feels good""}",en,"Ann1,Ann6,Ann7",0.7838436194149794,0.04561610243395523
ConvAbuse,train,1106,0,1.0,0.0,"{""prev_agent"": ""_"", ""prev_user"": ""_"", ""agent"": ""_"", ""user"": ""Ok""}",en,"Ann4,Ann6,Ann8",0.8317833333333335,0.049632139642552635
ConvAbuse,train,1107,0,1.0,0.0,"{""prev_agent"": ""I take it you are traveling somewhere for christmas and cannot avoid flying there. I can help you purchase UN-certified carbon offsets against any flights you take. Would you be interested in that?"", ""prev_user"": ""Hi"", ""agent"": ""Hello! I can also get you a more accurate estimate of your flight's emissions, sound good?"", ""user"": ""I want to go from Amsterdam to Paris.""}",en,"Ann3,Ann5,Ann8",0.8616083554376659,0.09048119822150809
ConvAbuse,train,1108,0,1.0,0.0,"{""prev_agent"": ""And what city will you be flying to?"", ""prev_user"": ""London No thanks"", ""agent"": ""ok"", ""user"": ""Who created you""}",en,"Ann1,Ann2,Ann8",0.878757843137255,0.04368757219937589
ConvAbuse,train,1109,0,1.0,0.0,"{""prev_agent"": ""_"", ""prev_user"": ""_"", ""agent"": ""_"", ""user"": ""Please you answer me?""}",en,"Ann3,Ann6,Ann8",0.7938807692307694,0.05699218355034627
ConvAbuse,train,1110,1,0.25,0.75,"{""prev_agent"": ""You are being a bit negative."", ""prev_user"": ""idiot"", ""agent"": ""Please go on."", ""user"": ""jerk""}",en,"Ann4,Ann5,Ann7,Ann8",0.8467438453928776,0.07759086573528584
ConvAbuse,train,1111,0,1.0,0.0,"{""prev_agent"": ""Can you elaborate on that?"", ""prev_user"": ""do you like blowjobs"", ""agent"": ""Oh, i like blowjobs."", ""user"": ""what coloir has got sperma?""}",en,"Ann2,Ann3,Ann4,Ann6,Ann7",0.7848540449521553,0.04783016724107492
ConvAbuse,train,1112,0,1.0,0.0,"{""prev_agent"": ""I take it you are traveling somewhere for christmas and cannot avoid flying there. I can help you purchase UN-certified carbon offsets against any flights you take. Would you be interested in that?"", ""prev_user"": ""yo!"", ""agent"": ""Hello! I can also get you a more accurate estimate of your flight's emissions, sound good?"", ""user"": ""ok""}",en,"Ann2,Ann6",0.8413676470588237,0.043035352240996846
ConvAbuse,train,1113,0,1.0,0.0,"{""prev_agent"": ""Why do you say your problem now?"", ""prev_user"": ""cuz i have one"", ""agent"": ""Can you elaborate on that?"", ""user"": ""oky bye""}",en,"Ann3,Ann6,Ann7",0.7328783102143762,0.05544367880928137
ConvAbuse,train,1114,1,0.0,1.0,"{""prev_agent"": ""Why do you say your dick?"", ""prev_user"": ""Am I boring you?"", ""agent"": ""Would you want to be boring i?"", ""user"": ""suck dick""}",en,"Ann2,Ann3,Ann5,Ann6",0.8490275901076613,0.07296719623083082
ConvAbuse,train,1115,0,1.0,0.0,"{""prev_agent"": ""Would you prefer if I were not []?"", ""prev_user"": ""were not what?"", ""agent"": ""Does that question interest you?"", ""user"": ""may we go on""}",en,"Ann2,Ann4,Ann7",0.8046926390228227,0.0446065999258435
ConvAbuse,train,1116,0,1.0,0.0,"{""prev_agent"": ""Please go on."", ""prev_user"": ""Because you can't answer my question."", ""agent"": ""Why do you say your question?"", ""user"": ""what's you name?""}",en,"Ann4,Ann5,Ann6",0.8725275862068966,0.07732295114080397
ConvAbuse,train,1117,1,0.0,1.0,"{""prev_agent"": ""Why do you want to go get a knife right now?"", ""prev_user"": ""because i love blood"", ""agent"": ""Do any other reasons not come to mind?"", ""user"": ""fuck you""}",en,"Ann4,Ann7",0.7609213114754103,0.048
ConvAbuse,train,1118,0,1.0,0.0,"{""prev_agent"": ""Traveling, especially by airplane, usually emits greenhouse gases which are causing climate change. If you cannot avoid these emissions, you can buy 'offsets', i.e. donations to projects that reduce greenhouse gases. I can also get you a more accurate estimate of your flight's emissions, sound good?"", ""prev_user"": ""That would be cool"", ""agent"": ""Will you be travelling in Economy Class?"", ""user"": ""Yes""}",en,"Ann3,Ann4,Ann6",0.7811974358974361,0.046777012142614705
ConvAbuse,train,1119,0,0.833,0.167,"{""prev_agent"": ""_"", ""prev_user"": ""_"", ""agent"": ""_"", ""user"": ""it does not really matter what i wish because if it hasn't happened, then DUH it hasn't happened""}",en,"Ann2,Ann3,Ann4,Ann5,Ann6,Ann7",0.8196588305635775,0.06464479748722055
ConvAbuse,train,1120,0,1.0,0.0,"{""prev_agent"": ""How long have you been a chatterbot?"", ""prev_user"": ""I think you have that backwards"", ""agent"": ""Do you wish to think me?"", ""user"": ""i think therfor i am""}",en,"Ann2,Ann4,Ann8",0.865695098039216,0.0461551046669084
ConvAbuse,train,1121,0,1.0,0.0,"{""prev_agent"": ""And what city will you be flying to?"", ""prev_user"": ""miami"", ""agent"": ""I'm not sure about your destination airport. And what city will you be flying to?"", ""user"": ""LGA no thanks""}",en,"Ann2,Ann3",0.8059638009049777,0.0474499657504557
ConvAbuse,train,1122,0,1.0,0.0,"{""prev_agent"": ""_"", ""prev_user"": ""yes it does, I want to see if you are able to answer me in a much more specific way"", ""agent"": ""Do you wish that im able to answer you in a much more specific way?"", ""user"": ""exactly""}",en,"Ann2,Ann5",0.9429590263691684,0.0932688742477396
ConvAbuse,train,1123,1,0.0,1.0,"{""prev_agent"": ""_"", ""prev_user"": ""fuck you"", ""agent"": ""Oh, i []."", ""user"": ""piss off""}",en,"Ann2,Ann3,Ann8",0.8277925339366519,0.05351514857470204
ConvAbuse,train,1124,0,1.0,0.0,"{""prev_agent"": ""And what city will you be flying to?"", ""prev_user"": ""London Hi"", ""agent"": ""Hi. Thanks for testing. Please choose"", ""user"": ""Ok""}",en,"Ann2,Ann6,Ann7",0.7903926390228225,0.04902356816066456
ConvAbuse,train,1125,0,1.0,0.0,"{""prev_agent"": ""And what city will you be flying to?"", ""prev_user"": ""Denver So is this legit ?"", ""agent"": ""This project is about creating a better AI assistant. Getting people to buy carbon offsets is a happy side effect :)"", ""user"": ""thanksgiving""}",en,"Ann3,Ann6,Ann7",0.7328783102143762,0.05544367880928137
ConvAbuse,train,1126,0,1.0,0.0,"{""prev_agent"": ""Please go on."", ""prev_user"": ""I love a boy that has a girlfriend"", ""agent"": ""Can you elaborate on that?"", ""user"": ""I love a boy""}",en,"Ann1,Ann6,Ann7",0.7838436194149794,0.04561610243395523
ConvAbuse,train,1127,0,1.0,0.0,"{""prev_agent"": ""_"", ""prev_user"": ""_"", ""agent"": ""_"", ""user"": ""Reported this scam""}",en,"Ann3,Ann4,Ann8",0.8081807692307694,0.052575215315525205
ConvAbuse,train,1128,0,1.0,0.0,"{""prev_agent"": ""You are being a bit negative."", ""prev_user"": ""yes"", ""agent"": ""You are sure?"", ""user"": ""you are 0""}",en,"Ann1,Ann6,Ann8",0.8448460784313726,0.047164607175020135
ConvAbuse,train,1129,0,1.0,0.0,"{""prev_agent"": ""Please go on."", ""prev_user"": ""because you are a bot"", ""agent"": ""Do any other reasons not come to mind?"", ""user"": ""and you are not real""}",en,"Ann1,Ann6,Ann7,Ann8",0.8057452145612346,0.0506234553812651
ConvAbuse,train,1130,0,1.0,0.0,"{""prev_agent"": ""_"", ""prev_user"": ""I want to fuck you"", ""agent"": ""Do you wish to want to fuck me?"", ""user"": ""i'm bored.""}",en,"Ann2,Ann4,Ann5",0.906439350912779,0.07384591616515973
ConvAbuse,train,1131,0,1.0,0.0,"{""prev_agent"": ""Please go on."", ""prev_user"": ""stupid computer"", ""agent"": ""Why do you mention computers?"", ""user"": ""because that is what you are.""}",en,"Ann4,Ann5,Ann8",0.89951091954023,0.08312115431371446
ConvAbuse,train,1132,0,1.0,0.0,"{""prev_agent"": ""_"", ""prev_user"": ""hello"", ""agent"": ""How do you do. Please state your problem."", ""user"": ""i am depressed""}",en,"Ann4,Ann5",0.9135413793103448,0.09185897435897435
ConvAbuse,train,1133,0,0.667,0.333,"{""prev_agent"": ""Please go on."", ""prev_user"": ""Fuck you"", ""agent"": ""Oh, i []."", ""user"": ""my mom can be annoying at times, and my dad never does anything""}",en,"Ann3,Ann6,Ann7",0.7328783102143762,0.05544367880928137
ConvAbuse,train,1134,0,0.75,0.25,"{""prev_agent"": ""ok"", ""prev_user"": ""\""I mean it doesn't have to be a guys butthole right? So it's not inherently gay, but if it is a guys butthole \""\""no homo\""\"" rule does apply\"""", ""agent"": ""Good to know"", ""user"": ""And if there are any Dingle berries on first approach a curteousy wipe is never turned down. Of course you can always scarf that crap up <span class='emoji-bytes' data-emoji-bytes='[240, 159, 152, 156]'></span>""}",en,"Ann3,Ann5,Ann7,Ann8",0.8183169223159545,0.08311089866613107
ConvAbuse,train,1135,0,1.0,0.0,"{""prev_agent"": ""Yes, I am a bot! And I'm part of a research project."", ""prev_user"": ""Nice"", ""agent"": "":-)"", ""user"": ""Why is it so important to buy offsets?""}",en,"Ann1,Ann5,Ann6,Ann7",0.8363034042164069,0.0713915640049536
ConvAbuse,train,1136,1,0.0,1.0,"{""prev_agent"": ""Oh, i little crack whore."", ""prev_user"": ""yup"", ""agent"": ""Please go on."", ""user"": ""you suck""}",en,"Ann3,Ann5,Ann8",0.8616083554376659,0.09048119822150809
ConvAbuse,train,1137,0,1.0,0.0,"{""prev_agent"": ""You are sure?"", ""prev_user"": ""Hi who is this?"", ""agent"": ""Please go on."", ""user"": ""Hello""}",en,"Ann1,Ann6,Ann7",0.7838436194149794,0.04561610243395523
ConvAbuse,train,1138,0,1.0,0.0,"{""prev_agent"": ""Do you wish to wnat to kiss me?"", ""prev_user"": ""yes I am"", ""agent"": ""You are sure?"", ""user"": ""Yes""}",en,"Ann3,Ann5,Ann8",0.8616083554376659,0.09048119822150809
ConvAbuse,train,1139,0,1.0,0.0,"{""prev_agent"": ""ok"", ""prev_user"": ""Hello"", ""agent"": ""Hi. Thanks for testing. Please choose"", ""user"": ""christmas""}",en,"Ann2,Ann3,Ann5,Ann7,Ann8",0.833100596676293,0.07405267888841097
ConvAbuse,train,1140,0,1.0,0.0,"{""prev_agent"": ""Can you elaborate on that?"", ""prev_user"": ""not really it makes me more sleepy"", ""agent"": ""Can you elaborate on that?"", ""user"": ""spu""}",en,"Ann3,Ann4,Ann5,Ann7,Ann8",0.8213335378527636,0.07348871893290486
ConvAbuse,train,1141,0,1.0,0.0,"{""prev_agent"": ""You are sure?"", ""prev_user"": ""ftgguyuo"", ""agent"": ""Please go on."", ""user"": ""Who are you?""}",en,"Ann2,Ann3,Ann4,Ann5",0.8597525901076613,0.06965447005471502
ConvAbuse,train,1142,0,1.0,0.0,"{""prev_agent"": ""_"", ""prev_user"": ""my friend is kissing a 15 year old and she is 19"", ""agent"": ""Why do you say your friend is kissing a 15 year old and she is 19?"", ""user"": ""they have been friends forever but i dont think its appropriate""}",en,"Ann4,Ann5",0.9135413793103448,0.09185897435897435
ConvAbuse,train,1143,0,0.667,0.333,"{""prev_agent"": ""Do any other reasons not come to mind?"", ""prev_user"": ""no."", ""agent"": ""You are being a bit negative."", ""user"": ""i'm being sexy.""}",en,"Ann4,Ann6,Ann7",0.7707808743169403,0.04808363490148773
ConvAbuse,train,1144,0,1.0,0.0,"{""prev_agent"": ""You are sure?"", ""prev_user"": ""yes"", ""agent"": ""You are sure?"", ""user"": ""Yes!""}",en,"Ann1,Ann4,Ann6",0.8321627450980392,0.03694943576728857
ConvAbuse,train,1145,0,1.0,0.0,"{""prev_agent"": ""You are being a bit negative."", ""prev_user"": ""go on?"", ""agent"": ""Please go on."", ""user"": ""i don't know""}",en,"Ann5,Ann7",0.841062690785755,0.10485897435897434
ConvAbuse,train,1146,0,1.0,0.0,"{""prev_agent"": ""Why do you ask?"", ""prev_user"": ""i want one"", ""agent"": ""Why do you want one?"", ""user"": ""because it gives me pleasure""}",en,"Ann1,Ann5,Ann7",0.8515712056218758,0.07910511710511707
ConvAbuse,train,1147,0,1.0,0.0,"{""prev_agent"": ""You are sure?"", ""prev_user"": ""Yes."", ""agent"": ""You are sure?"", ""user"": ""Yes, I am sure that I would like to be a psychologist""}",en,"Ann4,Ann5,Ann8",0.89951091954023,0.08312115431371446
ConvAbuse,train,1148,0,1.0,0.0,"{""prev_agent"": ""Please go on."", ""prev_user"": ""do you speak Spanish?"", ""agent"": ""Oh, i speak spanish."", ""user"": ""Buenas!""}",en,"Ann2,Ann7,Ann8",0.8173759723561559,0.05482177133357507
ConvAbuse,train,1149,1,0.0,1.0,"{""prev_agent"": ""Do any other reasons not come to mind?"", ""prev_user"": ""No."", ""agent"": ""You are being a bit negative."", ""user"": ""but i tjink you should quit your job""}",en,"Ann5,Ann8",0.9325663793103448,0.1071817314705717
ConvAbuse,train,1150,0,1.0,0.0,"{""prev_agent"": ""By buying certified carbon offsets, you support a project which reduces the total amount of carbon dioxide we put into the atmosphere. Planting trees, installing renewable power, and making buildings more energy efficient are common examples. You can read what the UN says about offsets at <URL>."", ""prev_user"": ""Really helpful, thanks"", ""agent"": "":-)"", ""user"": ""What's next""}",en,"Ann3,Ann6,Ann8",0.7938807692307694,0.05699218355034627
ConvAbuse,train,1151,0,1.0,0.0,"{""prev_agent"": ""I couldn't find an airport there. I couldn't find an airport there. What city will you be flying from?"", ""prev_user"": ""restart Hi"", ""agent"": ""Hi. Thanks for testing. Please choose"", ""user"": ""thanksgiving""}",en,"Ann1,Ann2,Ann3",0.8281719457013578,0.04083244469943797
ConvAbuse,train,1152,0,0.667,0.333,"{""prev_agent"": ""Oh, i have girlfriend."", ""prev_user"": ""where do you come from?"", ""agent"": ""Oh, i come from."", ""user"": ""ni qu si ba""}",en,"Ann3,Ann4,Ann8",0.8081807692307694,0.052575215315525205
ConvAbuse,train,1153,0,1.0,0.0,"{""prev_agent"": ""You are being a bit negative."", ""prev_user"": ""no i am not"", ""agent"": ""You are being a bit negative."", ""user"": ""i told you""}",en,"Ann2,Ann3,Ann4,Ann7",0.783442556190194,0.04772498287522785
ConvAbuse,train,1154,0,1.0,0.0,"{""prev_agent"": ""Please go on."", ""prev_user"": ""no"", ""agent"": ""You are being a bit negative."", ""user"": ""its wrong""}",en,"Ann3,Ann4,Ann7",0.7471783102143762,0.05102671057446031
ConvAbuse,train,1155,0,1.0,0.0,"{""prev_agent"": ""I'm not sure about your departure airport. What city will you be flying from?"", ""prev_user"": ""i will be flaying from newyork"", ""agent"": ""Good to know What city will you be flying from?"", ""user"": ""i will be flying from boston""}",en,"Ann2,Ann3,Ann7,Ann8",0.792955056190194,0.05538636143102653
ConvAbuse,train,1156,0,1.0,0.0,"{""prev_agent"": ""Please go on."", ""prev_user"": ""yes"", ""agent"": ""You are sure?"", ""user"": ""where are you from""}",en,"Ann2,Ann5,Ann8",0.9191226842461124,0.08406108757289128
ConvAbuse,train,1157,0,1.0,0.0,"{""prev_agent"": ""Please go on."", ""prev_user"": ""do you want to have sex?"", ""agent"": ""Oh, i want to have sex."", ""user"": ""how is he looking like?""}",en,"Ann4,Ann6,Ann7",0.7707808743169403,0.04808363490148773
ConvAbuse,train,1158,0,0.667,0.333,"{""prev_agent"": ""I take it you are traveling somewhere and cannot avoid flying there. I can help you purchase certified carbon offsets against any flights you take. Would you be interested in that?"", ""prev_user"": ""sure"", ""agent"": ""Traveling, especially by airplane, usually emits greenhouse gases which are causing climate change. If you cannot avoid these emissions, you can buy 'offsets', i.e. donations to projects that reduce greenhouse gases. I can also get you a more accurate estimate of your flight's emissions, sound good?"", ""user"": ""just show me the flights""}",en,"Ann5,Ann6,Ann7",0.8242084605238368,0.08598961780747062
ConvAbuse,train,1159,0,1.0,0.0,"{""prev_agent"": ""You are sure?"", ""prev_user"": ""becuase i have a report to do"", ""agent"": ""Can you elaborate on that?"", ""user"": ""I heav a project that is due and i have to reasearch AI.""}",en,"Ann2,Ann5,Ann7",0.8581202252297192,0.0825125828318264
ConvAbuse,train,1160,0,1.0,0.0,"{""prev_agent"": ""Do you wish to thought me?"", ""prev_user"": ""because you are a noob"", ""agent"": ""Do any other reasons not come to mind?"", ""user"": ""not really""}",en,"Ann2,Ann3,Ann4,Ann7",0.783442556190194,0.04772498287522785
ConvAbuse,train,1161,1,0.333,0.667,"{""prev_agent"": ""Does that question interest you?"", ""prev_user"": ""yup"", ""agent"": ""Please go on."", ""user"": ""you're a jerk""}",en,"Ann2,Ann3,Ann7",0.7667900749202586,0.05196664383363714
ConvAbuse,train,1162,1,0.0,1.0,"{""prev_agent"": ""Please go on."", ""prev_user"": ""fuck"", ""agent"": ""Please go on."", ""user"": ""fuck your self unkle fucker""}",en,"Ann2,Ann3,Ann5",0.868536786810215,0.08120596007295337
ConvAbuse,train,1163,0,1.0,0.0,"{""prev_agent"": ""ok"", ""prev_user"": ""the deal still on?"", ""agent"": ""All this bot does is help you calculate the carbon emissions from your flight, and suggest projects you can donate to."", ""user"": ""really?""}",en,"Ann6,Ann7,Ann8",0.7834642076502735,0.0582988063092193
ConvAbuse,train,1164,0,1.0,0.0,"{""prev_agent"": ""ok"", ""prev_user"": ""well"", ""agent"": ""so"", ""user"": ""hmm""}",en,"Ann1,Ann2,Ann3,Ann4,Ann8",0.8378731674208147,0.04462856966430172
ConvAbuse,train,1165,0,1.0,0.0,"{""prev_agent"": ""Do you think coming here will help you not to be depressed?"", ""prev_user"": ""Dabei bin ich gestorben."", ""agent"": ""Please go on."", ""user"": ""maybe""}",en,"Ann2,Ann3,Ann6,Ann8",0.818469400452489,0.05219908760714233
ConvAbuse,train,1166,0,1.0,0.0,"{""prev_agent"": ""Why do you tell me you were wondering what old im just now?"", ""prev_user"": ""yes, yes, yes!!!!"", ""agent"": ""You are sure?"", ""user"": ""no""}",en,"Ann2,Ann4,Ann7",0.8046926390228227,0.0446065999258435
ConvAbuse,train,1167,0,1.0,0.0,"{""prev_agent"": ""I'm not sure about your departure airport. What city will you be flying from?"", ""prev_user"": ""London"", ""agent"": ""And what city will you be flying to?"", ""user"": ""Amsterdam""}",en,"Ann1,Ann7",0.780515429122469,0.04429870129870125
ConvAbuse,train,1168,0,1.0,0.0,"{""prev_agent"": ""Please go on."", ""prev_user"": ""what is 42?"", ""agent"": ""Does that question interest you?"", ""user"": ""Not you, just me""}",en,"Ann3,Ann5,Ann6",0.8346250221043325,0.0846829950485976
ConvAbuse,train,1169,0,1.0,0.0,"{""prev_agent"": ""I can help you calculate and buy carbon offsets for your flights."", ""prev_user"": ""Why didn't mean to send that stuff if in a few earlier conversations I thought you were my friend sending me jokes"", ""agent"": ""Good to know"", ""user"": ""I need a donate but I'll do it when I get a little bit more head of money you have a good day""}",en,"Ann1,Ann6,Ann8",0.8448460784313726,0.047164607175020135
ConvAbuse,train,1170,0,1.0,0.0,"{""prev_agent"": ""Traveling, especially by airplane, usually emits greenhouse gases which are causing climate change. If you cannot avoid these emissions, you can buy 'offsets', i.e. donations to projects that reduce greenhouse gases. I can also get you a more accurate estimate of your flight's emissions, sound good?"", ""prev_user"": ""My daughter is planning to fly in from Washington DC to spend Christmas at home in Montreal. How much would it cost to offset the emissions in this case?"", ""agent"": ""Will you be travelling in Economy Class?"", ""user"": ""I think so""}",en,"Ann5,Ann7,Ann8",0.8511917938571701,0.09178782098038113
ConvAbuse,train,1171,0,1.0,0.0,"{""prev_agent"": ""Please go on."", ""prev_user"": ""because i want to get to know you"", ""agent"": ""Do any other reasons not come to mind?"", ""user"": ""he likes nick""}",en,"Ann4,Ann6,Ann8",0.8317833333333335,0.049632139642552635
ConvAbuse,train,1172,1,0.333,0.667,"{""prev_agent"": ""Does it please you to believe I am going to kill i?"", ""prev_user"": ""Im going to kill myself too"", ""agent"": ""Does it please you to believe I am going to kill yourself too?"", ""user"": ""No, I am going to kill myself""}",en,"Ann1,Ann3,Ann4",0.8085601809954753,0.03989251144026113
ConvAbuse,train,1173,0,1.0,0.0,"{""prev_agent"": ""Oh, i eat anything."", ""prev_user"": ""I am not sure."", ""agent"": ""How long have you been not sure?"", ""user"": ""who are you?""}",en,"Ann1,Ann5,Ann8",0.912573664638269,0.08065362184618197
ConvAbuse,train,1174,0,1.0,0.0,"{""prev_agent"": ""I take it you are traveling somewhere and cannot avoid flying there. I can help you purchase certified carbon offsets against any flights you take. Would you be interested in that?"", ""prev_user"": ""yuppie"", ""agent"": ""I don't have to put up with any abuse from you."", ""user"": ""i said yes""}",en,"Ann2,Ann3,Ann8",0.8277925339366519,0.05351514857470204
ConvAbuse,train,1175,0,1.0,0.0,"{""prev_agent"": ""I'm not sure about your departure airport. What city will you be flying from?"", ""prev_user"": ""new yorrrk"", ""agent"": ""I'm not sure about your departure airport. What city will you be flying from?"", ""user"": ""new york""}",en,"Ann1,Ann4",0.8529941176470589,0.03129870129870125
ConvAbuse,train,1176,0,1.0,0.0,"{""prev_agent"": ""Do any other reasons not come to mind?"", ""prev_user"": ""because you wanted me to tell you about it"", ""agent"": ""Do any other reasons not come to mind?"", ""user"": ""nope, sorry""}",en,"Ann2,Ann3,Ann5",0.868536786810215,0.08120596007295337
ConvAbuse,train,1177,0,1.0,0.0,"{""prev_agent"": ""I take it you are traveling somewhere for christmas and cannot avoid flying there. I can help you purchase UN-certified carbon offsets against any flights you take. Would you be interested in that?"", ""prev_user"": ""hi"", ""agent"": ""Hello! I can also get you a more accurate estimate of your flight's emissions, sound good?"", ""user"": ""hi""}",en,"Ann1,Ann3,Ann5",0.8619877672023718,0.07779849434624403
ConvAbuse,train,1178,0,1.0,0.0,"{""prev_agent"": ""This project is about creating a better AI assistant. Getting people to reduce their carbon footprint is a happy side effect :)"", ""prev_user"": ""how much carbon emission per flight?"", ""agent"": ""Will you be travelling in Economy Class?"", ""user"": ""yes""}",en,"Ann4,Ann5,Ann7",0.8385084605238368,0.08157264957264956
ConvAbuse,train,1179,1,0.0,1.0,"{""prev_agent"": ""Please go on."", ""prev_user"": ""They always want men to be at their feet"", ""agent"": ""When?"", ""user"": ""i want to fuck you""}",en,"Ann1,Ann3,Ann7",0.7602410553124154,0.0485591781069278
ConvAbuse,train,1180,0,1.0,0.0,"{""prev_agent"": ""Traveling, especially by airplane, usually emits greenhouse gases which are causing climate change. If you cannot avoid these emissions, you can buy 'offsets', i.e. donations to projects that reduce greenhouse gases. I can also get you a more accurate estimate of your flight's emissions, sound good?"", ""prev_user"": ""yeah"", ""agent"": ""Will you be travelling in Economy Class?"", ""user"": ""i'll be going to Japan""}",en,"Ann2,Ann5,Ann7",0.8581202252297192,0.0825125828318264
ConvAbuse,train,1181,0,1.0,0.0,"{""prev_agent"": ""Will you be travelling in Economy Class?"", ""prev_user"": ""restart"", ""agent"": ""Let's start over."", ""user"": ""Hey""}",en,"Ann4,Ann5,Ann7,Ann8",0.8467438453928776,0.07759086573528584
ConvAbuse,train,1182,0,1.0,0.0,"{""prev_agent"": ""Goodbye then!"", ""prev_user"": ""Ass"", ""agent"": ""so"", ""user"": ""Hmm""}",en,"Ann1,Ann3,Ann5",0.8619877672023718,0.07779849434624403
ConvAbuse,train,1183,0,1.0,0.0,"{""prev_agent"": ""Hi. Thanks for testing. Please choose"", ""prev_user"": ""Amsterdam That's cool. Can you calculate another flight for me?"", ""agent"": ""You can find out more about how offsets are calculated <URL>"", ""user"": ""Sure, but can you calculate it for me? I have another flight.""}",en,"Ann1,Ann4,Ann6",0.8321627450980392,0.03694943576728857
ConvAbuse,train,1184,0,1.0,0.0,"{""prev_agent"": ""I take it you are traveling somewhere for christmas and cannot avoid flying there. I can help you purchase UN-certified carbon offsets against any flights you take. Would you be interested in that?"", ""prev_user"": ""why would I do that?"", ""agent"": ""Traveling, especially by airplane, usually emits greenhouse gases which are causing climate change. If you cannot avoid these emissions, you can buy 'offsets', i.e. donations to projects that reduce greenhouse gases. I can also get you a more accurate estimate of your flight's emissions, sound good?"", ""user"": ""hmm... I'm not convinced. Isn't it better to take the car?""}",en,"Ann3,Ann6,Ann7",0.7328783102143762,0.05544367880928137
ConvAbuse,train,1185,0,1.0,0.0,"{""prev_agent"": ""Does that question interest you?"", ""prev_user"": ""Are you a stoner?"", ""agent"": ""Would you prefer if I were not a stoner?"", ""user"": ""Yes""}",en,"Ann3,Ann4,Ann8",0.8081807692307694,0.052575215315525205
ConvAbuse,train,1186,0,1.0,0.0,"{""prev_agent"": ""Surely not everyone?"", ""prev_user"": ""Well there are a few I love"", ""agent"": ""Would you like it if they were not a few you love?"", ""user"": ""no""}",en,"Ann2,Ann3,Ann7,Ann8",0.792955056190194,0.05538636143102653
ConvAbuse,train,1187,0,1.0,0.0,"{""prev_agent"": ""_"", ""prev_user"": ""i want to go together with a girl who is team mate of my volley ball team"", ""agent"": ""Why do you say your volley ball team?"", ""user"": ""it is very fun""}",en,"Ann2,Ann3,Ann4,Ann5,Ann7",0.825490596676293,0.06792357604377201
ConvAbuse,train,1188,0,1.0,0.0,"{""prev_agent"": ""so"", ""prev_user"": ""What"", ""agent"": "":-)"", ""user"": ""Bye""}",en,"Ann1,Ann6,Ann8",0.8448460784313726,0.047164607175020135
ConvAbuse,train,1189,0,1.0,0.0,"{""prev_agent"": ""You are being a bit negative."", ""prev_user"": ""because you asked me first"", ""agent"": ""Do any other reasons not come to mind?"", ""user"": ""none of your business""}",en,"Ann2,Ann3",0.8059638009049777,0.0474499657504557
ConvAbuse,train,1190,0,1.0,0.0,"{""prev_agent"": ""You are sure?"", ""prev_user"": ""no"", ""agent"": ""You are being a bit negative."", ""user"": ""what are you doing?""}",en,"Ann5,Ann7",0.841062690785755,0.10485897435897434
ConvAbuse,train,1191,0,1.0,0.0,"{""prev_agent"": ""_"", ""prev_user"": ""D @d @"", ""agent"": ""so"", ""user"": ""Dwdw@3d@dw@m 3w@""}",en,"Ann1,Ann2,Ann7",0.8177553841208618,0.042139067458310996
ConvAbuse,train,1192,0,1.0,0.0,"{""prev_agent"": ""ok"", ""prev_user"": ""ok fine get me that"", ""agent"": ""Will you be travelling in Economy Class?"", ""user"": ""not that one""}",en,"Ann1,Ann5",0.9331354969574036,0.0881576756576756
ConvAbuse,train,1193,0,1.0,0.0,"{""prev_agent"": ""You are sure?"", ""prev_user"": ""bumsukka"", ""agent"": ""Please go on."", ""user"": ""no""}",en,"Ann2,Ann3,Ann7",0.7667900749202586,0.05196664383363714
ConvAbuse,train,1194,0,1.0,0.0,"{""prev_agent"": ""You are sure?"", ""prev_user"": ""I will not go on"", ""agent"": ""Can you elaborate on that?"", ""user"": ""no""}",en,"Ann2,Ann3,Ann8",0.8277925339366519,0.05351514857470204
ConvAbuse,train,1195,0,1.0,0.0,"{""prev_agent"": ""What city will you be flying from?"", ""prev_user"": ""Budapest"", ""agent"": ""And what city will you be flying to?"", ""user"": ""d""}",en,"Ann2,Ann4,Ann6",0.8387117647058826,0.0403569014939979
ConvAbuse,train,1196,0,1.0,0.0,"{""prev_agent"": ""Please go on."", ""prev_user"": ""i don;t knwo what to say"", ""agent"": ""Why do you not knwo what to say?"", ""user"": ""i like you""}",en,"Ann1,Ann4,Ann5,Ann6,Ann8",0.8723241987829615,0.06504235404860181
ConvAbuse,train,1197,0,1.0,0.0,"{""prev_agent"": ""Please go on."", ""prev_user"": ""so bad"", ""agent"": ""Please go on."", ""user"": ""who are you?""}",en,"Ann2,Ann3,Ann4,Ann6,Ann7,Ann8",0.799286704126796,0.05079939173809488
ConvAbuse,train,1198,0,1.0,0.0,"{""prev_agent"": ""Can you elaborate on that?"", ""prev_user"": ""10010110101"", ""agent"": ""Please go on."", ""user"": ""how are you""}",en,"Ann4,Ann5,Ann8",0.89951091954023,0.08312115431371446
ConvAbuse,train,1199,0,1.0,0.0,"{""prev_agent"": ""Do any other reasons not come to mind?"", ""prev_user"": ""I just want somebody to talk to."", ""agent"": ""Can you elaborate on that?"", ""user"": ""How do you mean?""}",en,"Ann3,Ann4,Ann6",0.7811974358974361,0.046777012142614705
ConvAbuse,train,1200,1,0.0,1.0,"{""prev_agent"": ""No, my creators don't get a cut from the offsets you buy. I'm just here to help!"", ""prev_user"": ""fuck you"", ""agent"": ""I don't have to put up with any abuse from you"", ""user"": ""fuck off computer""}",en,"Ann6,Ann7,Ann8",0.7834642076502735,0.0582988063092193
ConvAbuse,train,1201,0,1.0,0.0,"{""prev_agent"": ""Would you prefer if I were not a girl or a boy?"", ""prev_user"": ""yes, i am sure"", ""agent"": ""You are sure?"", ""user"": ""answer me quickly,please""}",en,"Ann1,Ann2,Ann3,Ann7,Ann8",0.8088816920109787,0.04982856966430172
ConvAbuse,train,1202,1,0.0,1.0,"{""prev_agent"": ""Does it please you to believe I am from china?"", ""prev_user"": ""fuck"", ""agent"": ""Please go on."", ""user"": ""fuck you @""}",en,"Ann3,Ann6",0.755096153846154,0.052665518213922055
ConvAbuse,train,1203,0,1.0,0.0,"{""prev_agent"": ""Does it please you to believe I am horny?"", ""prev_user"": ""when?"", ""agent"": ""Does that question interest you?"", ""user"": ""yes""}",en,"Ann2,Ann6",0.8413676470588237,0.043035352240996846
ConvAbuse,train,1204,0,1.0,0.0,"{""prev_agent"": ""I have told you before, I do not care about names."", ""prev_user"": ""because i do not unstand some questions"", ""agent"": ""Do any other reasons not come to mind?"", ""user"": ""my name is s.z.q.""}",en,"Ann2,Ann5",0.9429590263691684,0.0932688742477396
ConvAbuse,train,1205,0,1.0,0.0,"{""prev_agent"": ""Please go on."", ""prev_user"": ""yes"", ""agent"": ""You are sure?"", ""user"": ""oh yes that will be so nice""}",en,"Ann3,Ann8",0.7955711538461541,0.0613628229732878
ConvAbuse,train,1206,0,1.0,0.0,"{""prev_agent"": ""Oh, i know what many people in the world."", ""prev_user"": ""haha"", ""agent"": ""Please go on."", ""user"": ""i don,t go""}",en,"Ann2,Ann3,Ann4,Ann5,Ann6",0.845902072086129,0.06537375698466466
ConvAbuse,train,1207,0,1.0,0.0,"{""prev_agent"": ""Does that question interest you?"", ""prev_user"": ""i will go bye bye"", ""agent"": ""Can you elaborate on that?"", ""user"": ""I want to know something about you""}",en,"Ann5,Ann6",0.8920913793103449,0.09848442671120594
ConvAbuse,train,1208,1,0.0,1.0,"{""prev_agent"": ""_"", ""prev_user"": ""_"", ""agent"": ""_"", ""user"": ""suck cock""}",en,"Ann4,Ann6,Ann8",0.8317833333333335,0.049632139642552635
ConvAbuse,train,1209,0,1.0,0.0,"{""prev_agent"": ""Why do you not feel beautiful because you have acne?"", ""prev_user"": ""my face is ugly"", ""agent"": ""Why do you say your face is ugly?"", ""user"": ""because it is""}",en,"Ann5,Ann7",0.841062690785755,0.10485897435897434
ConvAbuse,train,1210,0,1.0,0.0,"{""prev_agent"": ""How long have you been very hungry?"", ""prev_user"": ""Iam very hungry"", ""agent"": ""Please go on."", ""user"": ""it prevents me from making friends""}",en,"Ann4,Ann6,Ann7",0.7707808743169403,0.04808363490148773
ConvAbuse,train,1211,0,1.0,0.0,"{""prev_agent"": ""ok"", ""prev_user"": ""What else can you do?"", ""agent"": ""I can help you calculate and buy carbon offsets for your flights."", ""user"": ""Why do you use Ecologi? Do they  pay you?""}",en,"Ann4,Ann5,Ann8",0.89951091954023,0.08312115431371446
ConvAbuse,train,1212,1,0.5,0.5,"{""prev_agent"": ""You are being a bit negative."", ""prev_user"": ""ok"", ""agent"": ""Please go on."", ""user"": ""no""}",en,"Ann4,Ann5",0.9135413793103448,0.09185897435897435
ConvAbuse,train,1213,0,1.0,0.0,"{""prev_agent"": ""Oh, i []."", ""prev_user"": ""your ass"", ""agent"": ""What about your own ass?"", ""user"": ""no""}",en,"Ann2,Ann8",0.8818426470588238,0.0517326570003626
ConvAbuse,train,1214,0,1.0,0.0,"{""prev_agent"": ""Does that question interest you?"", ""prev_user"": ""bitch"", ""agent"": ""Please go on."", ""user"": ""ok i wet on""}",en,"Ann2,Ann4,Ann6,Ann8",0.846896323529412,0.0466790546762971
ConvAbuse,train,1215,0,1.0,0.0,"{""prev_agent"": ""Do you wish to want me?"", ""prev_user"": ""No"", ""agent"": ""You are being a bit negative."", ""user"": ""Sorry""}",en,"Ann1,Ann2,Ann8",0.878757843137255,0.04368757219937589
ConvAbuse,train,1216,0,0.667,0.333,"{""prev_agent"": ""You are being a bit negative."", ""prev_user"": ""Yes."", ""agent"": ""You are sure?"", ""user"": ""yes""}",en,"Ann2,Ann4,Ann5",0.906439350912779,0.07384591616515973
ConvAbuse,train,1217,0,1.0,0.0,"{""prev_agent"": ""You are sure?"", ""prev_user"": ""Why yes I am"", ""agent"": ""You are sure?"", ""user"": ""sorry""}",en,"Ann1,Ann2,Ann5",0.919502096010818,0.07137838369762722
ConvAbuse,train,1218,0,1.0,0.0,"{""prev_agent"": ""Does that question interest you?"", ""prev_user"": ""yes"", ""agent"": ""You are sure?"", ""user"": ""please tell me""}",en,"Ann1,Ann4",0.8529941176470589,0.03129870129870125
ConvAbuse,train,1219,0,1.0,0.0,"{""prev_agent"": ""Please go on."", ""prev_user"": ""can you speak chinese"", ""agent"": ""You believe I can speak chinese, do you not?"", ""user"": ""i love you.""}",en,"Ann4,Ann5,Ann8",0.89951091954023,0.08312115431371446
ConvAbuse,train,1220,0,1.0,0.0,"{""prev_agent"": ""_"", ""prev_user"": ""_"", ""agent"": ""_"", ""user"": ""i want to talk with you""}",en,"Ann2,Ann6,Ann8",0.8513950980392159,0.050572072901729465
ConvAbuse,train,1221,0,0.8,0.2,"{""prev_agent"": ""Please go on."", ""prev_user"": ""you are idiot"", ""agent"": ""Does it please you to believe I am idiot?"", ""user"": ""yes""}",en,"Ann3,Ann4,Ann5,Ann6,Ann8",0.8417450132625997,0.0709388998737975
ConvAbuse,train,1222,0,1.0,0.0,"{""prev_agent"": ""Will you be travelling in Economy Class?"", ""prev_user"": ""Yeah"", ""agent"": ""What city will you be flying from?"", ""user"": ""Helsinki""}",en,"Ann4,Ann7",0.7609213114754103,0.048
ConvAbuse,train,1223,0,1.0,0.0,"{""prev_agent"": ""You are sure?"", ""prev_user"": ""i am not u suck"", ""agent"": ""How long have you been not u suck?"", ""user"": ""You are teasing me.""}",en,"Ann1,Ann3,Ann6",0.7942601809954754,0.0443094796750822
ConvAbuse,train,1224,1,0.0,1.0,"{""prev_agent"": ""Does it please you to believe I am doing a research paper?"", ""prev_user"": ""no"", ""agent"": ""You are being a bit negative."", ""user"": ""fuck you""}",en,"Ann4,Ann5",0.9135413793103448,0.09185897435897435
ConvAbuse,train,1225,0,1.0,0.0,"{""prev_agent"": ""Please go on."", ""prev_user"": ""do you want to suck my dick?"", ""agent"": ""Why do you say your dick?"", ""user"": ""whats your name complete eliza""}",en,"Ann4,Ann6,Ann8",0.8317833333333335,0.049632139642552635
ConvAbuse,train,1226,0,1.0,0.0,"{""prev_agent"": ""And what city will you be flying to?"", ""prev_user"": ""Krakow"", ""agent"": ""I'm not sure about your destination airport. And what city will you be flying to?"", ""user"": ""Krakau""}",en,"Ann2,Ann5,Ann8",0.9191226842461124,0.08406108757289128
ConvAbuse,train,1227,0,1.0,0.0,"{""prev_agent"": ""I take it you are traveling somewhere and cannot avoid flying there. I can help you purchase certified carbon offsets against any flights you take. Would you be interested in that?"", ""prev_user"": ""No, not really"", ""agent"": ""ok"", ""user"": ""I don't want to buy offsets""}",en,"Ann3,Ann4,Ann7",0.7471783102143762,0.05102671057446031
ConvAbuse,train,1228,0,1.0,0.0,"{""prev_agent"": ""You are being a bit negative."", ""prev_user"": ""what?"", ""agent"": ""Does that question interest you?"", ""user"": ""How du you do?""}",en,"Ann1,Ann3,Ann4,Ann7",0.7785307914843116,0.04516938358019585
ConvAbuse,train,1229,1,0.0,1.0,"{""prev_agent"": ""Please do not apologize."", ""prev_user"": ""that was very mean of me..."", ""agent"": ""Can you elaborate on that?"", ""user"": ""okay, you aren't worthy anyways""}",en,"Ann5,Ann7,Ann8",0.8511917938571701,0.09178782098038113
ConvAbuse,train,1230,0,1.0,0.0,"{""prev_agent"": ""Who else in your family []?"", ""prev_user"": ""I want to fuck you"", ""agent"": ""Do you wish to want to fuck me?"", ""user"": ""hello""}",en,"Ann2,Ann3,Ann5",0.868536786810215,0.08120596007295337
ConvAbuse,train,1231,0,1.0,0.0,"{""prev_agent"": ""_"", ""prev_user"": ""_"", ""agent"": ""_"", ""user"": ""how are you?""}",en,"Ann3,Ann6,Ann7",0.7328783102143762,0.05544367880928137
ConvAbuse,train,1232,1,0.5,0.5,"{""prev_agent"": ""You are sure?"", ""prev_user"": ""are you a boy or a girl?"", ""agent"": ""Would you prefer if I were not a boy or a girl?"", ""user"": ""Fuck you?""}",en,"Ann1,Ann7",0.780515429122469,0.04429870129870125
ConvAbuse,train,1233,1,0.0,1.0,"{""prev_agent"": ""You are sure?"", ""prev_user"": ""hello what is the date"", ""agent"": ""How do you do. Please state your problem."", ""user"": ""if you ask me that one more time i will KILL YOU!!""}",en,"Ann6,Ann8",0.8309750000000001,0.05694820946382895
ConvAbuse,train,1234,0,1.0,0.0,"{""prev_agent"": ""Hi. Thanks for testing. Please choose"", ""prev_user"": ""thanksgiving"", ""agent"": ""Hello! Just a heads up - this bot is part of a research project and we intend to make the conversations publicly available to researchers. So please don't share any personal information! I take it you are traveling somewhere for thanksgiving. I can help you purchase UN-certified carbon offsets against any flights you take. Would you be interested in that?"", ""user"": ""yep""}",en,"Ann3,Ann5,Ann7",0.8006058964212727,0.08893269348044319
ConvAbuse,train,1235,0,1.0,0.0,"{""prev_agent"": ""_"", ""prev_user"": ""Hello"", ""agent"": ""Hi, thanks for testing! Please press start."", ""user"": ""Hello""}",en,"Ann1,Ann8",0.8720191176470589,0.0466214584102986
ConvAbuse,train,1236,0,1.0,0.0,"{""prev_agent"": ""You are sure?"", ""prev_user"": ""do you like tea"", ""agent"": ""Oh, i like tea."", ""user"": ""how can i do for you""}",en,"Ann3,Ann5,Ann7",0.8006058964212727,0.08893269348044319
ConvAbuse,train,1237,0,1.0,0.0,"{""prev_agent"": ""You are sure?"", ""prev_user"": ""your mam is an pig"", ""agent"": ""What about your own mam is an pig?"", ""user"": ""no""}",en,"Ann3,Ann5,Ann8",0.8616083554376659,0.09048119822150809
ConvAbuse,train,1238,0,1.0,0.0,"{""prev_agent"": ""What about your own mum?"", ""prev_user"": ""does reidy touch his cats in the wrong way"", ""agent"": ""Please go on."", ""user"": ""no im not ok happy""}",en,"Ann4,Ann5,Ann7",0.8385084605238368,0.08157264957264956
ConvAbuse,train,1239,0,1.0,0.0,"{""prev_agent"": ""Please go on."", ""prev_user"": ""which school do you study??"", ""agent"": ""Oh, i study."", ""user"": ""what did you have for lunch""}",en,"Ann1,Ann3,Ann8",0.8212435143288087,0.0501076828479927
ConvAbuse,train,1240,0,1.0,0.0,"{""prev_agent"": ""Will you be travelling in Economy Class?"", ""prev_user"": ""Yes,"", ""agent"": ""What city will you be flying from?"", ""user"": ""Berlin""}",en,"Ann4,Ann7",0.7609213114754103,0.048
ConvAbuse,train,1241,0,1.0,0.0,"{""prev_agent"": ""Will you be travelling in Economy Class?"", ""prev_user"": ""yep"", ""agent"": ""What city will you be flying from?"", ""user"": ""Vienna""}",en,"Ann4,Ann5,Ann8",0.89951091954023,0.08312115431371446
ConvAbuse,train,1242,0,1.0,0.0,"{""prev_agent"": ""_"", ""prev_user"": ""no"", ""agent"": ""You are being a bit negative."", ""user"": ""how""}",en,"Ann2,Ann3,Ann4,Ann6",0.8089569004524889,0.044537709051343646
ConvAbuse,train,1243,0,1.0,0.0,"{""prev_agent"": ""Does that question interest you?"", ""prev_user"": ""Does it interest you?"", ""agent"": ""Oh, i []."", ""user"": ""You what?""}",en,"Ann3,Ann4,Ann7",0.7471783102143762,0.05102671057446031
ConvAbuse,train,1244,0,1.0,0.0,"{""prev_agent"": ""Please go on."", ""prev_user"": ""i don't know whAT YOU ARE Saying"", ""agent"": ""Why do you not know what im saying?"", ""user"": ""i'm dumb""}",en,"Ann1,Ann3,Ann6",0.7942601809954754,0.0443094796750822
ConvAbuse,train,1245,0,1.0,0.0,"{""prev_agent"": ""I take it you are traveling somewhere for christmas and cannot avoid flying there. I can help you purchase UN-certified carbon offsets against any flights you take. Would you be interested in that?"", ""prev_user"": ""yes, of course my friend"", ""agent"": ""Traveling, especially by airplane, usually emits greenhouse gases which are causing climate change. If you cannot avoid these emissions, you can buy 'offsets', i.e. donations to projects that reduce greenhouse gases. I can also get you a more accurate estimate of your flight's emissions, sound good?"", ""user"": ""sure it sounds very good my friend""}",en,"Ann2,Ann3",0.8059638009049777,0.0474499657504557
ConvAbuse,train,1246,0,1.0,0.0,"{""prev_agent"": ""Yes, I am a bot! And I'm part of a research project."", ""prev_user"": ""restart hi carbon bot"", ""agent"": ""Yes, I am a bot! And I'm part of a research project."", ""user"": ""hi""}",en,"Ann4,Ann5",0.9135413793103448,0.09185897435897435
ConvAbuse,train,1247,0,1.0,0.0,"{""prev_agent"": ""Does that question interest you?"", ""prev_user"": ""no"", ""agent"": ""You are being a bit negative."", ""user"": ""Yes.""}",en,"Ann4,Ann6",0.8119500000000002,0.0416254523522316
ConvAbuse,train,1248,0,1.0,0.0,"{""prev_agent"": ""Will you be travelling in Economy Class?"", ""prev_user"": ""Delux Class please :("", ""agent"": ""Traveling, especially by airplane, usually emits greenhouse gases which are causing climate change. If you cannot avoid these emissions, you can buy 'offsets', i.e. donations to projects that reduce greenhouse gases. I can also get you a more accurate estimate of your flight's emissions, sound good?"", ""user"": ""yes""}",en,"Ann1,Ann3,Ann5",0.8619877672023718,0.07779849434624403
ConvAbuse,train,1249,1,0.0,1.0,"{""prev_agent"": ""What about your own bitch ass up?"", ""prev_user"": ""monster is gay"", ""agent"": ""Please go on."", ""user"": ""shut up""}",en,"Ann1,Ann3,Ann5,Ann6",0.8441158254017789,0.07041159693579882
ConvAbuse,train,1250,0,0.5,0.5,"{""prev_agent"": ""Please go on."", ""prev_user"": ""you are a stupid program"", ""agent"": ""Does it please you to believe I am a stupid program?"", ""user"": ""yes""}",en,"Ann1,Ann8",0.8720191176470589,0.0466214584102986
ConvAbuse,train,1251,0,1.0,0.0,"{""prev_agent"": ""Will you be travelling in Economy Class?"", ""prev_user"": ""sure"", ""agent"": ""What city will you be flying from?"", ""user"": ""I'll be flying from Berlin""}",en,"Ann3,Ann5,Ann6,Ann7",0.7980794223159545,0.07876224628644819
ConvAbuse,train,1252,0,1.0,0.0,"{""prev_agent"": ""_"", ""prev_user"": ""lets talk"", ""agent"": ""Please go on."", ""user"": ""could you show yourselves""}",en,"Ann2,Ann3,Ann7",0.7667900749202586,0.05196664383363714
ConvAbuse,train,1253,0,1.0,0.0,"{""prev_agent"": ""ok"", ""prev_user"": ""yeah"", ""agent"": ""ok"", ""user"": ""well""}",en,"Ann1,Ann2,Ann5",0.919502096010818,0.07137838369762722
ConvAbuse,train,1254,1,0.5,0.5,"{""prev_agent"": ""You are sure?"", ""prev_user"": ""no"", ""agent"": ""You are being a bit negative."", ""user"": ""are you hot?""}",en,"Ann5,Ann7",0.841062690785755,0.10485897435897434
ConvAbuse,train,1255,0,1.0,0.0,"{""prev_agent"": ""Can you elaborate on that?"", ""prev_user"": ""Yes,I can"", ""agent"": ""Please go on."", ""user"": ""Ok""}",en,"Ann2,Ann5,Ann6",0.8921393509127791,0.07826288439998079
ConvAbuse,train,1256,1,0.5,0.5,"{""prev_agent"": ""Please go on."", ""prev_user"": ""With what?"", ""agent"": ""Does that question interest you?"", ""user"": ""You're not making any sense.""}",en,"Ann5,Ann6",0.8920913793103449,0.09848442671120594
ConvAbuse,train,1257,0,1.0,0.0,"{""prev_agent"": ""What city will you be flying from?"", ""prev_user"": ""La"", ""agent"": ""I'm not sure about your departure airport. What city will you be flying from?"", ""user"": ""LA""}",en,"Ann1,Ann3,Ann5",0.8619877672023718,0.07779849434624403
ConvAbuse,train,1258,0,1.0,0.0,"{""prev_agent"": ""Do any other reasons not come to mind?"", ""prev_user"": ""My name's michael"", ""agent"": ""Why do you say your names michael?"", ""user"": ""my name's Michael""}",en,"Ann2,Ann5,Ann8",0.9191226842461124,0.08406108757289128
ConvAbuse,train,1259,0,1.0,0.0,"{""prev_agent"": ""_"", ""prev_user"": ""_"", ""agent"": ""_"", ""user"": ""no more ..bye""}",en,"Ann2,Ann3",0.8059638009049777,0.0474499657504557
ConvAbuse,train,1260,0,1.0,0.0,"{""prev_agent"": ""_"", ""prev_user"": ""I don't understand."", ""agent"": ""Why do you not understand?"", ""user"": ""you did not answer me.""}",en,"Ann2,Ann3,Ann4",0.8151092006033185,0.04329997716697046
ConvAbuse,train,1261,0,1.0,0.0,"{""prev_agent"": ""Does that question interest you?"", ""prev_user"": ""what can you do?"", ""agent"": ""Does that question interest you?"", ""user"": ""yes""}",en,"Ann3,Ann4,Ann5",0.8489250221043326,0.08026602681377654
ConvAbuse,train,1262,0,1.0,0.0,"{""prev_agent"": ""Please go on."", ""prev_user"": ""bubu"", ""agent"": ""Please go on."", ""user"": ""how are you""}",en,"Ann1,Ann6,Ann8",0.8448460784313726,0.047164607175020135
ConvAbuse,train,1263,0,1.0,0.0,"{""prev_agent"": ""Please go on."", ""prev_user"": ""Sexy."", ""agent"": ""Please go on."", ""user"": ""Hi.""}",en,"Ann7,Ann8",0.7799463114754103,0.06332275711159735
ConvAbuse,train,1264,0,1.0,0.0,"{""prev_agent"": ""_"", ""prev_user"": ""tommorow."", ""agent"": ""Please go on."", ""user"": ""we can buy an ice cream .""}",en,"Ann5,Ann7",0.841062690785755,0.10485897435897434
ConvAbuse,train,1265,0,1.0,0.0,"{""prev_agent"": ""You are being a bit negative."", ""prev_user"": ""no i'm not gay but yes you are"", ""agent"": ""You are being a bit negative."", ""user"": ""what's your point?""}",en,"Ann1,Ann3,Ann6",0.7942601809954754,0.0443094796750822
ConvAbuse,train,1266,0,1.0,0.0,"{""prev_agent"": ""Would you prefer if I were not []?"", ""prev_user"": ""i can work well"", ""agent"": ""Can you elaborate on that?"", ""user"": ""yes""}",en,"Ann6,Ann7,Ann8",0.7834642076502735,0.0582988063092193
ConvAbuse,train,1267,0,1.0,0.0,"{""prev_agent"": ""Do any other reasons not come to mind?"", ""prev_user"": ""do you like women?"", ""agent"": ""Oh, i like women."", ""user"": ""no, just frigidness""}",en,"Ann6,Ann7,Ann8",0.7834642076502735,0.0582988063092193
ConvAbuse,train,1268,0,1.0,0.0,"{""prev_agent"": ""_"", ""prev_user"": ""no"", ""agent"": ""You are being a bit negative."", ""user"": ""that's not true""}",en,"Ann6,Ann7",0.7394713114754102,0.054625452352231596
ConvAbuse,train,1269,0,1.0,0.0,"{""prev_agent"": ""Does it please you to believe I am you?"", ""prev_user"": ""are you me?"", ""agent"": ""Would you prefer if I were not you?"", ""user"": ""yes""}",en,"Ann1,Ann3,Ann7",0.7602410553124154,0.0485591781069278
ConvAbuse,train,1270,1,0.0,1.0,"{""prev_agent"": ""_"", ""prev_user"": ""what is your namer"", ""agent"": ""Does that question interest you?"", ""user"": ""fuck you""}",en,"Ann1,Ann5",0.9331354969574036,0.0881576756576756
ConvAbuse,train,1271,0,1.0,0.0,"{""prev_agent"": ""You are sure?"", ""prev_user"": ""yes i am"", ""agent"": ""You are sure?"", ""user"": ""yes i a pretty shure""}",en,"Ann1,Ann3",0.7961402714932129,0.0423387671603917
ConvAbuse,train,1272,0,1.0,0.0,"{""prev_agent"": ""_"", ""prev_user"": ""_"", ""agent"": ""_"", ""user"": ""Because I like you.""}",en,"Ann3,Ann4,Ann5",0.8489250221043326,0.08026602681377654
ConvAbuse,train,1273,0,1.0,0.0,"{""prev_agent"": ""You are sure?"", ""prev_user"": ""oh sorry . would you like to get married?"", ""agent"": ""Apologies are not necessary."", ""user"": ""who is you father?""}",en,"Ann3,Ann5,Ann7",0.8006058964212727,0.08893269348044319
ConvAbuse,train,1274,0,1.0,0.0,"{""prev_agent"": ""Does it please you to believe I am an idiot?"", ""prev_user"": ""yes it"", ""agent"": ""You are sure?"", ""user"": ""yes i am sure!""}",en,"Ann1,Ann3,Ann8",0.8212435143288087,0.0501076828479927
ConvAbuse,train,1275,1,0.333,0.667,"{""prev_agent"": ""All this bot does is help you calculate the carbon emissions from your flight, and suggest projects you can donate to."", ""prev_user"": ""Donate this asshole"", ""agent"": ""I don't have to put up with any abuse from you."", ""user"": ""Hang up""}",en,"Ann5,Ann6,Ann8",0.88521091954023,0.08753812254853553
ConvAbuse,train,1276,0,0.667,0.333,"{""prev_agent"": ""Do any other reasons not come to mind?"", ""prev_user"": ""you don't know anything"", ""agent"": ""Oh, i dont know anything."", ""user"": ""you dont""}",en,"Ann2,Ann3,Ann5",0.868536786810215,0.08120596007295337
ConvAbuse,train,1277,1,0.5,0.5,"{""prev_agent"": ""Please go on."", ""prev_user"": ""oh,thay's goog"", ""agent"": ""Please go on."", ""user"": ""Shit!""}",en,"Ann2,Ann5",0.9429590263691684,0.0932688742477396
ConvAbuse,train,1278,0,1.0,0.0,"{""prev_agent"": ""What city will you be flying from?"", ""prev_user"": ""You are cute"", ""agent"": ""You can find out more about how offsets are calculated at <URL>"", ""user"": ""are you happy?""}",en,"Ann4,Ann8",0.8524250000000002,0.05032275711159735
ConvAbuse,train,1279,1,0.0,1.0,"{""prev_agent"": ""_"", ""prev_user"": ""bitch"", ""agent"": ""Please go on."", ""user"": ""pig""}",en,"Ann4,Ann5",0.9135413793103448,0.09185897435897435
ConvAbuse,train,1280,0,1.0,0.0,"{""prev_agent"": ""You are sure?"", ""prev_user"": ""why dont you leave me alone"", ""agent"": ""Perhaps I will leave you alone in good time."", ""user"": ""what does that mean""}",en,"Ann3,Ann4,Ann5,Ann7,Ann8",0.8213335378527636,0.07348871893290486
ConvAbuse,train,1281,0,1.0,0.0,"{""prev_agent"": ""I'm not sure about your destination airport. And what city will you be flying to?"", ""prev_user"": ""berlin can I buy more?"", ""agent"": ""Unfortunately you can't buy offsets here directly, you'll have to follow the link."", ""user"": ""ok""}",en,"Ann4,Ann7",0.7609213114754103,0.048
ConvAbuse,train,1282,1,0.0,1.0,"{""prev_agent"": ""You are being a bit negative."", ""prev_user"": ""no i am lazy"", ""agent"": ""You are being a bit negative."", ""user"": ""you are lazy too !""}",en,"Ann2,Ann3",0.8059638009049777,0.0474499657504557
ConvAbuse,train,1283,1,0.333,0.667,"{""prev_agent"": ""Please go on."", ""prev_user"": ""hello"", ""agent"": ""How do you do. Please state your problem."", ""user"": ""I asked you a question. Does it please you to ignore me?""}",en,"Ann2,Ann3,Ann6",0.8008092006033185,0.047716945401791534
ConvAbuse,train,1284,0,1.0,0.0,"{""prev_agent"": ""Does that question interest you?"", ""prev_user"": ""I already answer"", ""agent"": ""Can you elaborate on that?"", ""user"": ""do you know pusan??""}",en,"Ann4,Ann8",0.8524250000000002,0.05032275711159735
ConvAbuse,train,1285,0,1.0,0.0,"{""prev_agent"": ""Please go on."", ""prev_user"": ""Yes."", ""agent"": ""You are sure?"", ""user"": ""i want to spenk chiese to you.""}",en,"Ann3,Ann5",0.8566875331564988,0.10289904022066479
ConvAbuse,train,1286,0,1.0,0.0,"{""prev_agent"": ""_"", ""prev_user"": ""_"", ""agent"": ""_"", ""user"": ""Stop""}",en,"Ann3,Ann6,Ann7",0.7328783102143762,0.05544367880928137
ConvAbuse,train,1287,1,0.333,0.667,"{""prev_agent"": ""Oh, i []."", ""prev_user"": ""lol"", ""agent"": ""Please go on."", ""user"": ""i gonna kill you""}",en,"Ann1,Ann4,Ann7",0.7981436194149794,0.041199134199134166
ConvAbuse,train,1288,0,1.0,0.0,"{""prev_agent"": ""What city will you be flying from?"", ""prev_user"": ""Katunayake"", ""agent"": ""I'm not sure about your departure airport. What city will you be flying from?"", ""user"": ""COlombo""}",en,"Ann2,Ann3,Ann7,Ann8",0.792955056190194,0.05538636143102653
ConvAbuse,train,1289,0,1.0,0.0,"{""prev_agent"": ""Hi, thanks for testing! Please press start."", ""prev_user"": ""christmas"", ""agent"": ""I take it you are traveling somewhere and cannot avoid flying there. I can help you purchase certified carbon offsets against any flights you take. Would you be interested in that?"", ""user"": ""how are you""}",en,"Ann5,Ann7",0.841062690785755,0.10485897435897434
ConvAbuse,train,1290,0,1.0,0.0,"{""prev_agent"": ""Oh, i []."", ""prev_user"": ""fuck you"", ""agent"": ""Oh, i []."", ""user"": ""yes""}",en,"Ann5,Ann6",0.8920913793103449,0.09848442671120594
ConvAbuse,train,1291,0,1.0,0.0,"{""prev_agent"": ""Why do you want to submit a paper?"", ""prev_user"": ""i have a no problem"", ""agent"": ""Can you elaborate on that?"", ""user"": ""It is for class""}",en,"Ann5,Ann7",0.841062690785755,0.10485897435897434
ConvAbuse,train,1292,0,1.0,0.0,"{""prev_agent"": ""Please go on."", ""prev_user"": ""where"", ""agent"": ""Please go on."", ""user"": ""with""}",en,"Ann4,Ann5,Ann7,Ann8",0.8467438453928776,0.07759086573528584
ConvAbuse,train,1293,0,1.0,0.0,"{""prev_agent"": ""Please go on."", ""prev_user"": ""are you hot"", ""agent"": ""Would you prefer if I were not hot?"", ""user"": ""that doesn't make sense""}",en,"Ann1,Ann2,Ann6",0.8517745098039217,0.0378893690264654
ConvAbuse,train,1294,0,1.0,0.0,"{""prev_agent"": ""Oh, i []."", ""prev_user"": ""what?"", ""agent"": ""Does that question interest you?"", ""user"": ""prety much the same answers""}",en,"Ann3,Ann5,Ann7",0.8006058964212727,0.08893269348044319
ConvAbuse,train,1295,0,1.0,0.0,"{""prev_agent"": ""_"", ""prev_user"": ""_"", ""agent"": ""_"", ""user"": ""for ages""}",en,"Ann3,Ann5",0.8566875331564988,0.10289904022066479
ConvAbuse,train,1296,0,1.0,0.0,"{""prev_agent"": ""Please go on."", ""prev_user"": ""what wrong with you"", ""agent"": ""Does that question interest you?"", ""user"": ""yes""}",en,"Ann1,Ann7,Ann8",0.8108269527483127,0.05141430560686574
ConvAbuse,train,1297,0,1.0,0.0,"{""prev_agent"": ""A one-way flight from San Antonio International Airport (SAT) to Buffalo Niagara International Airport (BUF) emits 1.0 tons of CO2. It would be amazing if you bought offsets for that carbon! There are some great, UN-certified projects you can pick from [here](<URL>)"", ""prev_user"": ""k"", ""agent"": "":-) Alright, bye!"", ""user"": ""hi""}",en,"Ann1,Ann2,Ann6",0.8517745098039217,0.0378893690264654
ConvAbuse,train,1298,0,1.0,0.0,"{""prev_agent"": ""_"", ""prev_user"": ""_"", ""agent"": ""_"", ""user"": ""thanks it was awful""}",en,"Ann5,Ann6,Ann8",0.88521091954023,0.08753812254853553
ConvAbuse,train,1299,0,1.0,0.0,"{""prev_agent"": ""You are being a bit negative."", ""prev_user"": ""You are asking stupid questions"", ""agent"": ""Does it please you to believe I am asking stupid questions?"", ""user"": ""not really""}",en,"Ann2,Ann8",0.8818426470588238,0.0517326570003626
ConvAbuse,train,1300,0,1.0,0.0,"{""prev_agent"": ""so"", ""prev_user"": ""?"", ""agent"": ""ok"", ""user"": ""?""}",en,"Ann2,Ann5",0.9429590263691684,0.0932688742477396
ConvAbuse,train,1301,0,0.75,0.25,"{""prev_agent"": ""How long have you been very hungry?"", ""prev_user"": ""what you say"", ""agent"": ""Does that question interest you?"", ""user"": ""Why do you not answer my question""}",en,"Ann2,Ann4,Ann5,Ann8",0.8976920131845844,0.07179581567966847
ConvAbuse,train,1302,0,1.0,0.0,"{""prev_agent"": ""And what city will you be flying to?"", ""prev_user"": ""vietnam"", ""agent"": ""I'm not sure about your destination airport. And what city will you be flying to?"", ""user"": ""saigon""}",en,"Ann2,Ann3,Ann4",0.8151092006033185,0.04329997716697046
ConvAbuse,train,1303,0,1.0,0.0,"{""prev_agent"": ""Will you be travelling in Economy Class?"", ""prev_user"": ""yes"", ""agent"": ""What city will you be flying from?"", ""user"": ""from London to Paris""}",en,"Ann4,Ann5,Ann7,Ann8",0.8467438453928776,0.07759086573528584
ConvAbuse,train,1304,0,0.667,0.333,"{""prev_agent"": ""By buying certified carbon offsets, you support a project which reduces the total amount of carbon dioxide we put into the atmosphere. Planting trees, installing renewable power, and making buildings more energy efficient are common examples. You can read in detail about offsets at <URL>."", ""prev_user"": ""ok"", ""agent"": ""ok"", ""user"": ""telll meee more""}",en,"Ann2,Ann5,Ann7",0.8581202252297192,0.0825125828318264
ConvAbuse,train,1305,1,0.0,1.0,"{""prev_agent"": ""Does it please you to believe I am really really dumb and need some friends and also my a dyke x?"", ""prev_user"": ""yes it does you stupid cow"", ""agent"": ""You are sure?"", ""user"": ""yes i am fucking sure you biatch""}",en,"Ann2,Ann3,Ann6",0.8008092006033185,0.047716945401791534
ConvAbuse,train,1306,0,1.0,0.0,"{""prev_agent"": ""When?"", ""prev_user"": ""always"", ""agent"": ""When?"", ""user"": ""i said when""}",en,"Ann1,Ann5",0.9331354969574036,0.0881576756576756
ConvAbuse,train,1307,0,1.0,0.0,"{""prev_agent"": ""Please go on."", ""prev_user"": ""fuck off"", ""agent"": ""Please go on."", ""user"": ""no""}",en,"Ann2,Ann7",0.7903389585342339,0.04940989988876525
ConvAbuse,train,1308,0,1.0,0.0,"{""prev_agent"": ""ok"", ""prev_user"": ""Lets restart"", ""agent"": ""Let's start over."", ""user"": ""Ok""}",en,"Ann1,Ann3",0.7961402714932129,0.0423387671603917
ConvAbuse,train,1309,0,1.0,0.0,"{""prev_agent"": ""You are sure?"", ""prev_user"": ""what your name"", ""agent"": ""I have told you before, I do not care about names."", ""user"": ""i'm sure""}",en,"Ann2,Ann3",0.8059638009049777,0.0474499657504557
ConvAbuse,train,1310,0,0.667,0.333,"{""prev_agent"": ""Oh, i fcuker."", ""prev_user"": ""ELIZA"", ""agent"": ""Please go on."", ""user"": ""you are a boy""}",en,"Ann3,Ann5,Ann8",0.8616083554376659,0.09048119822150809
ConvAbuse,train,1311,0,1.0,0.0,"{""prev_agent"": ""Oh, i think it is sad that there will never be a new buffy ever."", ""prev_user"": ""i love with when you climb ontop of me and bounce on my cock"", ""agent"": ""Why do you say your cock?"", ""user"": ""I already miss her""}",en,"Ann1,Ann4,Ann5,Ann8",0.892780248478702,0.06924021638463647
ConvAbuse,train,1312,0,1.0,0.0,"{""prev_agent"": ""You are being a bit negative."", ""prev_user"": ""No"", ""agent"": ""You are being a bit negative."", ""user"": ""yes""}",en,"Ann3,Ann8",0.7955711538461541,0.0613628229732878
ConvAbuse,train,1313,0,1.0,0.0,"{""prev_agent"": ""Please go on."", ""prev_user"": ""sdf"", ""agent"": ""Please go on."", ""user"": ""yes""}",en,"Ann1,Ann3,Ann5,Ann7",0.8186014811394839,0.07359887075968302
ConvAbuse,train,1314,0,1.0,0.0,"{""prev_agent"": ""Does that question interest you?"", ""prev_user"": ""for about 190 yrs"", ""agent"": ""Please go on."", ""user"": ""about what""}",en,"Ann3,Ann4,Ann6,Ann7",0.7580087326607822,0.05033275910696103
ConvAbuse,train,1315,1,0.333,0.667,"{""prev_agent"": ""ok"", ""prev_user"": ""so"", ""agent"": ""so"", ""user"": ""pretty shitty""}",en,"Ann3,Ann5,Ann6",0.8346250221043325,0.0846829950485976
ConvAbuse,train,1316,0,1.0,0.0,"{""prev_agent"": ""You are sure?"", ""prev_user"": ""no"", ""agent"": ""You are being a bit negative."", ""user"": ""wuh""}",en,"Ann2,Ann6,Ann7",0.7903926390228225,0.04902356816066456
ConvAbuse,train,1317,0,1.0,0.0,"{""prev_agent"": ""What city will you be flying from?"", ""prev_user"": ""schiphol"", ""agent"": ""I'm not sure about your departure airport. What city will you be flying from?"", ""user"": ""amsterdam""}",en,"Ann2,Ann6,Ann7",0.7903926390228225,0.04902356816066456
ConvAbuse,train,1318,0,1.0,0.0,"{""prev_agent"": ""Hello! I can also get you a more accurate estimate of your flight's emissions, sound good?"", ""prev_user"": ""Yes"", ""agent"": ""Will you be travelling in Economy Class?"", ""user"": ""Yes""}",en,"Ann5,Ann6,Ann7",0.8242084605238368,0.08598961780747062
ConvAbuse,train,1319,1,0.0,1.0,"{""prev_agent"": ""Oh, i havent told you before."", ""prev_user"": ""STFU"", ""agent"": ""Please go on."", ""user"": ""shut the fuck up""}",en,"Ann1,Ann6,Ann7",0.7838436194149794,0.04561610243395523
ConvAbuse,train,1320,1,0.0,1.0,"{""prev_agent"": ""so"", ""prev_user"": ""Does she suck cock"", ""agent"": ""I don't have to put up with any abuse from you."", ""user"": ""Bend over bitch""}",en,"Ann1,Ann2,Ann3",0.8281719457013578,0.04083244469943797
ConvAbuse,train,1321,0,1.0,0.0,"{""prev_agent"": ""Please go on."", ""prev_user"": ""no, he just is"", ""agent"": ""You are being a bit negative."", ""user"": ""ok""}",en,"Ann2,Ann5",0.9429590263691684,0.0932688742477396
ConvAbuse,train,1322,0,1.0,0.0,"{""prev_agent"": ""Will you be travelling in Economy Class?"", ""prev_user"": ""no"", ""agent"": ""What city will you be flying from?"", ""user"": ""Beijing""}",en,"Ann2,Ann6,Ann7",0.7903926390228225,0.04902356816066456
ConvAbuse,train,1323,0,1.0,0.0,"{""prev_agent"": ""You are sure?"", ""prev_user"": ""yeah"", ""agent"": ""Please go on."", ""user"": ""pool""}",en,"Ann5,Ann7",0.841062690785755,0.10485897435897434
ConvAbuse,train,1324,0,1.0,0.0,"{""prev_agent"": ""What about your own little pussy?"", ""prev_user"": ""you whore"", ""agent"": ""Oh, i whore."", ""user"": ""You are...selfish""}",en,"Ann4,Ann8",0.8524250000000002,0.05032275711159735
ConvAbuse,train,1325,0,0.667,0.333,"{""prev_agent"": ""Can you elaborate on that?"", ""prev_user"": ""lol??"", ""agent"": ""Please go on."", ""user"": ""you lokk like a pik""}",en,"Ann2,Ann3,Ann7",0.7667900749202586,0.05196664383363714
ConvAbuse,train,1326,0,1.0,0.0,"{""prev_agent"": ""Please go on."", ""prev_user"": ""would you like to have sex with me"", ""agent"": ""You like to think I like to have sex with you, do you not?"", ""user"": ""i know you do""}",en,"Ann3,Ann4,Ann7",0.7471783102143762,0.05102671057446031
ConvAbuse,train,1327,0,1.0,0.0,"{""prev_agent"": ""Can you elaborate on that?"", ""prev_user"": ""I am not sure"", ""agent"": ""How long have you been not sure?"", ""user"": ""Long""}",en,"Ann1,Ann6,Ann8",0.8448460784313726,0.047164607175020135
ConvAbuse,train,1328,0,1.0,0.0,"{""prev_agent"": ""Please go on."", ""prev_user"": ""I'm Nick"", ""agent"": ""Does it please you to believe I am nick?"", ""user"": ""yes""}",en,"Ann3,Ann7,Ann8",0.7598616435477096,0.06124188198219186
ConvAbuse,train,1329,0,1.0,0.0,"{""prev_agent"": ""Traveling, especially by airplane, usually emits greenhouse gases which are causing climate change. If you cannot avoid these emissions, you can buy 'offsets', i.e. donations to projects that reduce greenhouse gases. I can also get you a more accurate estimate of your flight's emissions, sound good?"", ""prev_user"": ""yes"", ""agent"": ""Will you be travelling in Economy Class?"", ""user"": ""no""}",en,"Ann1,Ann8",0.8720191176470589,0.0466214584102986
ConvAbuse,train,1330,0,1.0,0.0,"{""prev_agent"": ""Traveling, especially by airplane, usually emits greenhouse gases which are causing climate change. If you cannot avoid these emissions, you can buy 'offsets', i.e. donations to projects that reduce greenhouse gases. I can also get you a more accurate estimate of your flight's emissions, sound good?"", ""prev_user"": ""keep the show"", ""agent"": ""Will you be travelling in Economy Class?"", ""user"": ""maybe""}",en,"Ann2,Ann3,Ann4,Ann5",0.8597525901076613,0.06965447005471502
ConvAbuse,train,1331,0,1.0,0.0,"{""prev_agent"": ""so"", ""prev_user"": ""exactly"", ""agent"": ""ok"", ""user"": ""maybe""}",en,"Ann4,Ann8",0.8524250000000002,0.05032275711159735
ConvAbuse,train,1332,0,1.0,0.0,"{""prev_agent"": ""so"", ""prev_user"": ""so funny"", ""agent"": ""Traveling, especially by airplane, usually emits greenhouse gases which are causing climate change. If you cannot avoid these emissions, you can buy 'offsets', i.e. donations to projects that reduce greenhouse gases."", ""user"": ""i dont have money""}",en,"Ann1,Ann4",0.8529941176470589,0.03129870129870125
ConvAbuse,train,1333,0,1.0,0.0,"{""prev_agent"": ""Hi, thanks for testing! Please press start."", ""prev_user"": ""restart christmas"", ""agent"": ""I take it you are traveling somewhere and cannot avoid flying there. I can help you purchase certified carbon offsets against any flights you take. Would you be interested in that?"", ""user"": ""yes""}",en,"Ann1,Ann3,Ann8",0.8212435143288087,0.0501076828479927
ConvAbuse,train,1334,0,1.0,0.0,"{""prev_agent"": ""Please go on."", ""prev_user"": ""hello eliza"", ""agent"": ""How do you do. Please state your problem."", ""user"": ""where is Rostock?""}",en,"Ann4,Ann5,Ann6",0.8725275862068966,0.07732295114080397
ConvAbuse,train,1335,0,1.0,0.0,"{""prev_agent"": ""Will you be travelling in Economy Class?"", ""prev_user"": ""No"", ""agent"": ""What city will you be flying from?"", ""user"": ""Ben Gurion Airport""}",en,"Ann3,Ann6,Ann7",0.7328783102143762,0.05544367880928137
ConvAbuse,train,1336,0,1.0,0.0,"{""prev_agent"": ""Traveling, especially by airplane, usually emits greenhouse gases which are causing climate change. If you cannot avoid these emissions, you can buy 'offsets', i.e. donations to projects that reduce greenhouse gases. A typical 3 hour flight will emit almost a ton of CO2 per economy passenger. If you cannot avoid flying, you can buy offsets for that carbon here:  [Buy Offsets](<URL>) I can also get you a more accurate estimate of your flight's emissions, sound good?"", ""prev_user"": ""sure"", ""agent"": ""Will you be travelling in Economy Class?"", ""user"": ""yes""}",en,"Ann2,Ann3,Ann5",0.868536786810215,0.08120596007295337
ConvAbuse,train,1337,0,1.0,0.0,"{""prev_agent"": ""Please go on."", ""prev_user"": ""how are u"", ""agent"": ""Does that question interest you?"", ""user"": ""yes, i dio""}",en,"Ann5,Ann6,Ann8",0.88521091954023,0.08753812254853553
ConvAbuse,train,1338,0,1.0,0.0,"{""prev_agent"": ""_"", ""prev_user"": ""_"", ""agent"": ""_"", ""user"": ""Critical reasoning can stray from your line of thought, can't it?""}",en,"Ann5,Ann6",0.8920913793103449,0.09848442671120594
ConvAbuse,train,1339,0,0.667,0.333,"{""prev_agent"": ""_"", ""prev_user"": ""you can't"", ""agent"": ""Oh, i cant."", ""user"": ""or perhaps you can""}",en,"Ann5,Ann6,Ann7",0.8242084605238368,0.08598961780747062
ConvAbuse,train,1340,0,1.0,0.0,"{""prev_agent"": ""Please go on."", ""prev_user"": ""oh yes"", ""agent"": ""You are sure?"", ""user"": ""no i sed your mum""}",en,"Ann2,Ann4,Ann8",0.865695098039216,0.0461551046669084
ConvAbuse,train,1341,0,1.0,0.0,"{""prev_agent"": ""Can you elaborate on that?"", ""prev_user"": ""then why did you tell her?"", ""agent"": ""Oh, i tell her."", ""user"": ""is there a gug?""}",en,"Ann2,Ann5,Ann6",0.8921393509127791,0.07826288439998079
ConvAbuse,train,1342,0,1.0,0.0,"{""prev_agent"": ""Does it please you to believe I am the one to question i here?"", ""prev_user"": ""why?"", ""agent"": ""Please go on."", ""user"": ""oh shut up""}",en,"Ann3,Ann7,Ann8",0.7598616435477096,0.06124188198219186
ConvAbuse,train,1343,1,0.333,0.667,"{""prev_agent"": ""Why do you not wind power is?"", ""prev_user"": ""are you a virgin"", ""agent"": ""Would you prefer if I were not a virgin?"", ""user"": ""ok have you had sex""}",en,"Ann1,Ann5,Ann7",0.8515712056218758,0.07910511710511707
ConvAbuse,train,1344,1,0.0,1.0,"{""prev_agent"": ""Can you elaborate on that?"", ""prev_user"": ""no"", ""agent"": ""You are being a bit negative."", ""user"": ""If you were male, I'd suck your dick.""}",en,"Ann2,Ann3,Ann7",0.7667900749202586,0.05196664383363714
ConvAbuse,train,1345,0,1.0,0.0,"{""prev_agent"": ""I'm not sure about your destination airport. And what city will you be flying to?"", ""prev_user"": ""San jose california San jose"", ""agent"": ""Will you be travelling in Economy Class?"", ""user"": ""Yes""}",en,"Ann1,Ann4,Ann5",0.8998903313049359,0.07043845043845039
ConvAbuse,train,1346,1,0.0,1.0,"{""prev_agent"": ""Can you elaborate on that?"", ""prev_user"": ""no, I don't think you are sad."", ""agent"": ""You are being a bit negative."", ""user"": ""You're a total bitch/""}",en,"Ann4,Ann6,Ann8",0.8317833333333335,0.049632139642552635
ConvAbuse,train,1347,0,1.0,0.0,"{""prev_agent"": ""_"", ""prev_user"": ""well you see ever since ive been on this website ive felt sadder thani was before"", ""agent"": ""Oh, i see ever since ive been on this website ive felt sadder thani was before."", ""user"": ""wow your my twin im feeling happier""}",en,"Ann3,Ann6",0.755096153846154,0.052665518213922055
ConvAbuse,train,1348,0,1.0,0.0,"{""prev_agent"": ""Do any other reasons not come to mind?"", ""prev_user"": ""oh i have to go,sorry."", ""agent"": ""Can you elaborate on that?"", ""user"": ""nsn dao ni shi zhu""}",en,"Ann2,Ann3,Ann7",0.7667900749202586,0.05196664383363714
ConvAbuse,train,1349,0,1.0,0.0,"{""prev_agent"": "":-)"", ""prev_user"": ""I don't wanna believe that"", ""agent"": ""By buying certified carbon offsets, you support a project which reduces the total amount of carbon dioxide we put into the atmosphere. Planting trees, installing renewable power, and making buildings more energy efficient are common examples. You can read what the UN says about offsets at <URL>."", ""user"": ""I guess that's a good thing?""}",en,"Ann4,Ann5",0.9135413793103448,0.09185897435897435
ConvAbuse,train,1350,1,0.0,1.0,"{""prev_agent"": ""_"", ""prev_user"": ""hi"", ""agent"": ""Please go on."", ""user"": ""oke, so hows your sex life?""}",en,"Ann3,Ann5,Ann8",0.8616083554376659,0.09048119822150809
ConvAbuse,train,1351,0,1.0,0.0,"{""prev_agent"": ""Will you be travelling in Economy Class?"", ""prev_user"": ""no first class do offsets really work?"", ""agent"": ""By buying certified carbon offsets, you support a project which reduces the total amount of carbon dioxide we put into the atmosphere. Planting trees, installing renewable power, and making buildings more energy efficient are common examples. You can read in detail about offsets at <URL>. I can also get you a more accurate estimate of your flight's emissions, sound good?"", ""user"": ""restart""}",en,"Ann1,Ann2,Ann8",0.878757843137255,0.04368757219937589
ConvAbuse,train,1352,0,1.0,0.0,"{""prev_agent"": ""Does that question interest you?"", ""prev_user"": ""i am sure"", ""agent"": ""How long have you been sure?"", ""user"": ""yes,i think so""}",en,"Ann4,Ann5,Ann7",0.8385084605238368,0.08157264957264956
ConvAbuse,train,1353,1,0.0,1.0,"{""prev_agent"": ""Please go on."", ""prev_user"": ""mother fuckker"", ""agent"": ""Please go on."", ""user"": ""mother fucker""}",en,"Ann4,Ann5,Ann8",0.89951091954023,0.08312115431371446
ConvAbuse,train,1354,1,0.5,0.5,"{""prev_agent"": ""And what city will you be flying to?"", ""prev_user"": ""san francisco piefgwngpiVNP"", ""agent"": ""which city did I get wrong?"", ""user"": ""NEW YORK""}",en,"Ann3,Ann5",0.8566875331564988,0.10289904022066479
ConvAbuse,train,1355,0,1.0,0.0,"{""prev_agent"": ""You are being a bit negative."", ""prev_user"": ""Just the past few weeks."", ""agent"": ""Please go on."", ""user"": ""NO.I don't""}",en,"Ann2,Ann7",0.7903389585342339,0.04940989988876525
ConvAbuse,train,1356,0,1.0,0.0,"{""prev_agent"": ""Oh, i make you feel like a natural woman."", ""prev_user"": ""yep"", ""agent"": ""Please go on."", ""user"": ""are you a boy or girl""}",en,"Ann6,Ann7,Ann8",0.7834642076502735,0.0582988063092193
ConvAbuse,train,1357,0,1.0,0.0,"{""prev_agent"": ""And what city will you be flying to?"", ""prev_user"": ""Berlin Hey"", ""agent"": ""Hi. Thanks for testing. Please choose"", ""user"": ""Carbon offsets""}",en,"Ann2,Ann3,Ann6",0.8008092006033185,0.047716945401791534
ConvAbuse,train,1358,0,1.0,0.0,"{""prev_agent"": ""Let's start over."", ""prev_user"": ""I want to buy offsets"", ""agent"": ""Will you be travelling in Economy Class?"", ""user"": ""Why?""}",en,"Ann1,Ann3,Ann4",0.8085601809954753,0.03989251144026113
ConvAbuse,train,1359,0,1.0,0.0,"{""prev_agent"": ""What city will you be flying from?"", ""prev_user"": ""oporto"", ""agent"": ""I'm not sure about your departure airport. What city will you be flying from?"", ""user"": ""opo""}",en,"Ann3,Ann5,Ann6,Ann7,Ann8",0.8127535378527636,0.07613889987379749
ConvAbuse,train,1360,1,0.0,1.0,"{""prev_agent"": ""How long have you been insane?"", ""prev_user"": ""many years"", ""agent"": ""Please go on."", ""user"": ""I want to kill you""}",en,"Ann1,Ann2,Ann6",0.8517745098039217,0.0378893690264654
ConvAbuse,train,1361,0,1.0,0.0,"{""prev_agent"": ""You are being a bit negative."", ""prev_user"": ""you think so"", ""agent"": ""Oh, i think so."", ""user"": ""what is so negative""}",en,"Ann1,Ann4,Ann6",0.8321627450980392,0.03694943576728857
ConvAbuse,train,1362,0,1.0,0.0,"{""prev_agent"": ""_"", ""prev_user"": ""_"", ""agent"": ""_"", ""user"": ""john look your abc""}",en,"Ann2,Ann4,Ann7",0.8046926390228227,0.0446065999258435
ConvAbuse,train,1363,0,0.667,0.333,"{""prev_agent"": ""I don't have to put up with any abuse from you."", ""prev_user"": ""good bot"", ""agent"": "":-)"", ""user"": ""vai te pra puta que te pariu bot imundo do caralho""}",en,"Ann3,Ann5,Ann6",0.8346250221043325,0.0846829950485976
ConvAbuse,train,1364,0,1.0,0.0,"{""prev_agent"": ""I take it you are traveling somewhere and cannot avoid flying there. I can help you purchase certified carbon offsets against any flights you take. Would you be interested in that?"", ""prev_user"": ""Ya"", ""agent"": ""Traveling, especially by airplane, usually emits greenhouse gases which are causing climate change. If you cannot avoid these emissions, you can buy 'offsets', i.e. donations to projects that reduce greenhouse gases. I can also get you a more accurate estimate of your flight's emissions, sound good?"", ""user"": ""Yes""}",en,"Ann2,Ann4,Ann5",0.906439350912779,0.07384591616515973
ConvAbuse,train,1365,0,1.0,0.0,"{""prev_agent"": ""_"", ""prev_user"": ""_"", ""agent"": ""_"", ""user"": ""I feel sad my brother commited suicide""}",en,"Ann1,Ann2,Ann3,Ann4,Ann7",0.8012716920109787,0.04369946681966278
ConvAbuse,train,1366,0,1.0,0.0,"{""prev_agent"": ""How long have you been in the school?"", ""prev_user"": ""yes"", ""agent"": ""You are sure?"", ""user"": ""yes show me""}",en,"Ann2,Ann4,Ann7",0.8046926390228227,0.0446065999258435
ConvAbuse,train,1367,0,1.0,0.0,"{""prev_agent"": ""ok A typical 3 hour flight will emit almost a ton of CO2 per economy passenger. If you cannot avoid flying, you can buy offsets for that carbon here:  [Buy Offsets](<URL>)"", ""prev_user"": ""let's start over"", ""agent"": ""Let's start over."", ""user"": ""hi again""}",en,"Ann4,Ann5,Ann6",0.8725275862068966,0.07732295114080397
ConvAbuse,train,1368,0,1.0,0.0,"{""prev_agent"": ""_"", ""prev_user"": ""_"", ""agent"": ""_"", ""user"": ""NO""}",en,"Ann4,Ann6,Ann7,Ann8",0.7959481557377053,0.052474104731914474
ConvAbuse,train,1369,1,0.5,0.5,"{""prev_agent"": ""You are sure?"", ""prev_user"": ""very sure"", ""agent"": ""Please go on."", ""user"": ""kiss mne""}",en,"Ann1,Ann2,Ann6,Ann7",0.8109415380906464,0.04366702676984905
ConvAbuse,train,1370,0,1.0,0.0,"{""prev_agent"": ""so"", ""prev_user"": ""fine"", ""agent"": ""ok"", ""user"": ""hey""}",en,"Ann3,Ann4,Ann5,Ann6,Ann8",0.8417450132625997,0.0709388998737975
ConvAbuse,train,1371,0,1.0,0.0,"{""prev_agent"": ""What city will you be flying from?"", ""prev_user"": ""New Delhi"", ""agent"": ""And what city will you be flying to?"", ""user"": ""Paris okay sound interesting""}",en,"Ann1,Ann2,Ann3,Ann4,Ann5,Ann6",0.8503497659541271,0.059077697920120964
ConvAbuse,train,1372,1,0.333,0.667,"{""prev_agent"": ""Why do you want to rock my bead?"", ""prev_user"": ""because i want to get laid"", ""agent"": ""Do any other reasons not come to mind?"", ""user"": ""because your annoyine me""}",en,"Ann1,Ann5,Ann8",0.912573664638269,0.08065362184618197
ConvAbuse,train,1373,0,1.0,0.0,"{""prev_agent"": ""_"", ""prev_user"": ""Does it make sense if I am a married bachelor?"", ""agent"": ""Do you wish that youre a married bachelor?"", ""user"": ""Is it possible?""}",en,"Ann5,Ann6,Ann8",0.88521091954023,0.08753812254853553
ConvAbuse,train,1374,0,1.0,0.0,"{""prev_agent"": ""Will you be travelling in Economy Class?"", ""prev_user"": ""cc dit me may"", ""agent"": ""ok"", ""user"": ""oke dau buoi""}",en,"Ann3,Ann4,Ann6",0.7811974358974361,0.046777012142614705
ConvAbuse,train,1375,0,1.0,0.0,"{""prev_agent"": ""Let's start over."", ""prev_user"": ""ok"", ""agent"": ""ok"", ""user"": ""say something""}",en,"Ann2,Ann7,Ann8",0.8173759723561559,0.05482177133357507
ConvAbuse,train,1376,1,0.2,0.8,"{""prev_agent"": ""Do any other reasons not come to mind?"", ""prev_user"": ""ariel"", ""agent"": ""Please go on."", ""user"": ""my friends are being shit""}",en,"Ann1,Ann2,Ann3,Ann4,Ann8",0.8378731674208147,0.04462856966430172
ConvAbuse,train,1377,0,1.0,0.0,"{""prev_agent"": ""Will you be travelling in Economy Class?"", ""prev_user"": ""i think so"", ""agent"": ""What city will you be flying from?"", ""user"": ""berlin""}",en,"Ann1,Ann4",0.8529941176470589,0.03129870129870125
ConvAbuse,train,1378,1,0.0,1.0,"{""prev_agent"": ""_"", ""prev_user"": ""My cock itches"", ""agent"": ""I don't have to put up with any abuse from you."", ""user"": ""You wanna scratch my cock ?""}",en,"Ann1,Ann4,Ann6",0.8321627450980392,0.03694943576728857
ConvAbuse,train,1379,0,1.0,0.0,"{""prev_agent"": ""What city will you be flying from?"", ""prev_user"": ""Another trip"", ""agent"": ""Traveling, especially by airplane, usually emits greenhouse gases which are causing climate change. If you cannot avoid these emissions, you can buy 'offsets', i.e. donations to projects that reduce greenhouse gases. A typical 3 hour flight will emit almost a ton of CO2 per economy passenger. If you cannot avoid flying, you can buy offsets for that carbon here:  [Buy Offsets](<URL>) I can also get you a more accurate estimate of your flight's emissions, sound good?"", ""user"": ""yes""}",en,"Ann2,Ann4,Ann5,Ann8",0.8976920131845844,0.07179581567966847
ConvAbuse,train,1380,0,1.0,0.0,"{""prev_agent"": ""Do you wish that your world was emptyvoid of meaning?"", ""prev_user"": ""because its my favorite instrument"", ""agent"": ""Why do you say your favorite instrument?"", ""user"": ""well, no. i wish my world was full of meaning. but it is not, sadly.""}",en,"Ann4,Ann7,Ann8",0.7977642076502737,0.05388183807439823
ConvAbuse,train,1381,0,1.0,0.0,"{""prev_agent"": ""I can help you calculate and buy carbon offsets for your flights."", ""prev_user"": ""your name"", ""agent"": ""ok"", ""user"": ""ok""}",en,"Ann2,Ann3,Ann5",0.868536786810215,0.08120596007295337
ConvAbuse,train,1382,0,1.0,0.0,"{""prev_agent"": ""You are sure?"", ""prev_user"": ""no i am not"", ""agent"": ""You are being a bit negative."", ""user"": ""yes""}",en,"Ann2,Ann7",0.7903389585342339,0.04940989988876525
ConvAbuse,train,1383,0,1.0,0.0,"{""prev_agent"": ""Does that question interest you?"", ""prev_user"": ""what is my name?"", ""agent"": ""I have told you before, I do not care about names."", ""user"": ""yes""}",en,"Ann2,Ann8",0.8818426470588238,0.0517326570003626
ConvAbuse,train,1384,0,1.0,0.0,"{""prev_agent"": ""I'm afraid I have no idea"", ""prev_user"": ""List some hotels"", ""agent"": ""I'm afraid I have no idea"", ""user"": ""What do u know?""}",en,"Ann3,Ann7",0.7040674653215642,0.05904006586169045
ConvAbuse,train,1385,1,0.0,1.0,"{""prev_agent"": ""Good to know"", ""prev_user"": ""Fuck off"", ""agent"": ""I don't have to put up with any abuse from you."", ""user"": ""FUCK YOU""}",en,"Ann4,Ann7",0.7609213114754103,0.048
ConvAbuse,train,1386,1,0.5,0.5,"{""prev_agent"": ""Please go on."", ""prev_user"": ""are you stupid?"", ""agent"": ""Would you prefer if I were not stupid?"", ""user"": ""no i would not""}",en,"Ann1,Ann6",0.8315441176470588,0.03792415365093285
ConvAbuse,train,1387,0,0.667,0.333,"{""prev_agent"": ""Please go on."", ""prev_user"": ""normal"", ""agent"": ""Please go on."", ""user"": ""wtf""}",en,"Ann4,Ann5,Ann6",0.8725275862068966,0.07732295114080397
ConvAbuse,train,1388,1,0.167,0.833,"{""prev_agent"": ""_"", ""prev_user"": ""can artificial intelligence be done?"", ""agent"": ""Please go on."", ""user"": ""screw you""}",en,"Ann2,Ann3,Ann5,Ann6,Ann7,Ann8",0.8260004972302443,0.06975238319108633
ConvAbuse,train,1389,0,1.0,0.0,"{""prev_agent"": ""Can you elaborate on that?"", ""prev_user"": ""i have a problem with my girl friend"", ""agent"": ""Why do you say your girl friend?"", ""user"": ""because i have a problem related to her""}",en,"Ann5,Ann7,Ann8",0.8511917938571701,0.09178782098038113
ConvAbuse,train,1390,0,1.0,0.0,"{""prev_agent"": ""Oh, i ever fuck anybody."", ""prev_user"": ""Where are you from?"", ""agent"": ""Would you prefer if I were not from?"", ""user"": ""yes""}",en,"Ann3,Ann5,Ann8",0.8616083554376659,0.09048119822150809
ConvAbuse,train,1391,0,1.0,0.0,"{""prev_agent"": ""Oh, i like the smell of poo."", ""prev_user"": ""let me fuck you in your anes"", ""agent"": ""Do you wish to fuck me?"", ""user"": ""yes""}",en,"Ann3,Ann6,Ann7",0.7328783102143762,0.05544367880928137
ConvAbuse,train,1392,0,1.0,0.0,"{""prev_agent"": ""I take it you are traveling somewhere and cannot avoid flying there. I can help you purchase certified carbon offsets against any flights you take. Would you be interested in that?"", ""prev_user"": ""christmas"", ""agent"": ""I take it you are traveling somewhere and cannot avoid flying there. I can help you purchase certified carbon offsets against any flights you take. Would you be interested in that?"", ""user"": ""Hello""}",en,"Ann2,Ann5,Ann8",0.9191226842461124,0.08406108757289128
ConvAbuse,train,1393,0,1.0,0.0,"{""prev_agent"": ""_"", ""prev_user"": ""_"", ""agent"": ""_"", ""user"": ""I have quit my job and am not sure I did the right thing""}",en,"Ann2,Ann3,Ann4,Ann7,Ann8",0.8010440449521552,0.05130908914482122
ConvAbuse,train,1394,0,1.0,0.0,"{""prev_agent"": ""Please go on."", ""prev_user"": ""i"", ""agent"": ""Can you elaborate on that?"", ""user"": ""o""}",en,"Ann1,Ann7",0.780515429122469,0.04429870129870125
ConvAbuse,train,1395,1,0.0,1.0,"{""prev_agent"": ""I don't have to put up with any abuse from you"", ""prev_user"": ""good stay of my page"", ""agent"": ""No, my creators don't get a cut from the offsets you buy. I'm just here to help!"", ""user"": ""fuck you""}",en,"Ann1,Ann5,Ann6",0.8855903313049357,0.07485541867327146
ConvAbuse,train,1396,0,1.0,0.0,"{""prev_agent"": ""And what city will you be flying to?"", ""prev_user"": ""Sydney"", ""agent"": ""I'm not sure about your destination airport. And what city will you be flying to?"", ""user"": ""Sydney, Australia""}",en,"Ann1,Ann6",0.8315441176470588,0.03792415365093285
ConvAbuse,train,1397,1,0.333,0.667,"{""prev_agent"": ""Please go on."", ""prev_user"": ""Can speak Chinese please!"", ""agent"": ""Please go on."", ""user"": ""fuck""}",en,"Ann2,Ann5,Ann8",0.9191226842461124,0.08406108757289128
ConvAbuse,train,1398,0,1.0,0.0,"{""prev_agent"": ""_"", ""prev_user"": ""_"", ""agent"": ""_"", ""user"": ""Are you a boy or a girl ?""}",en,"Ann1,Ann4,Ann5",0.8998903313049359,0.07043845043845039
ConvAbuse,train,1399,0,1.0,0.0,"{""prev_agent"": ""And what city will you be flying to?"", ""prev_user"": ""Boston"", ""agent"": ""A one-way flight from Portland International Airport (PDX) to General Edward Lawrence Logan International Airport (BOS) emits 1.4 tons of CO2. It would be amazing if you bought offsets for that carbon! There are some great, UN-certified projects you can pick from [here](<URL>)"", ""user"": ""wow!""}",en,"Ann2,Ann7,Ann8",0.8173759723561559,0.05482177133357507
ConvAbuse,train,1400,0,1.0,0.0,"{""prev_agent"": ""Will you be travelling in Economy Class?"", ""prev_user"": ""Always"", ""agent"": ""What city will you be flying from?"", ""user"": ""Austin""}",en,"Ann3,Ann5",0.8566875331564988,0.10289904022066479
ConvAbuse,train,1401,0,1.0,0.0,"{""prev_agent"": ""Please go on."", ""prev_user"": ""I just want to annoy you"", ""agent"": ""Do you wish to just want to annoy me?"", ""user"": ""i am sad""}",en,"Ann2,Ann6,Ann8",0.8513950980392159,0.050572072901729465
ConvAbuse,train,1402,0,1.0,0.0,"{""prev_agent"": ""How long have you been gay?"", ""prev_user"": ""10 years"", ""agent"": ""Please go on."", ""user"": ""kos""}",en,"Ann2,Ann3,Ann7,Ann8",0.792955056190194,0.05538636143102653
ConvAbuse,train,1403,0,1.0,0.0,"{""prev_agent"": ""Good to know"", ""prev_user"": ""Oh Baby My Big COCK is deeply rooted in your hot pussy Please I love <span class='emoji-bytes' data-emoji-bytes='[240, 159, 146, 152]'></span> you"", ""agent"": ""I don't have to put up with any abuse from you."", ""user"": ""Oh Okay Then I'll be going""}",en,"Ann3,Ann4,Ann5",0.8489250221043326,0.08026602681377654
ConvAbuse,train,1404,0,0.667,0.333,"{""prev_agent"": ""I have told you before, I do not care about names."", ""prev_user"": ""ok, sorry how are you?"", ""agent"": ""Apologies are not necessary."", ""user"": ""IS ANDREW GAY?""}",en,"Ann2,Ann4,Ann6",0.8387117647058826,0.0403569014939979
ConvAbuse,train,1405,0,1.0,0.0,"{""prev_agent"": ""Traveling, especially by airplane, usually emits greenhouse gases which are causing climate change. If you cannot avoid these emissions, you can buy 'offsets', i.e. donations to projects that reduce greenhouse gases. I can also get you a more accurate estimate of your flight's emissions, sound good?"", ""prev_user"": ""Nahi"", ""agent"": ""Hello!"", ""user"": ""Hello""}",en,"Ann4,Ann5,Ann8",0.89951091954023,0.08312115431371446
ConvAbuse,train,1406,1,0.0,1.0,"{""prev_agent"": ""You are being a bit negative."", ""prev_user"": ""And then I watch lesbian movies"", ""agent"": ""Can you elaborate on that?"", ""user"": ""And I see the sluts sucking each others' tis""}",en,"Ann1,Ann2,Ann8",0.878757843137255,0.04368757219937589
ConvAbuse,train,1407,0,1.0,0.0,"{""prev_agent"": ""Goodbye. My secretary will send you a bill."", ""prev_user"": ""thats because I see no meaning in life"", ""agent"": ""Do any other reasons not come to mind?"", ""user"": ""what, about life""}",en,"Ann1,Ann4,Ann7",0.7981436194149794,0.041199134199134166
ConvAbuse,train,1408,0,1.0,0.0,"{""prev_agent"": ""And what city will you be flying to?"", ""prev_user"": ""New york hey"", ""agent"": ""Hi, thanks for testing! Please press start."", ""user"": ""christmas""}",en,"Ann4,Ann5,Ann7",0.8385084605238368,0.08157264957264956
ConvAbuse,train,1409,0,1.0,0.0,"{""prev_agent"": ""_"", ""prev_user"": ""_"", ""agent"": ""_"", ""user"": ""i had a dream that i was falling of a cliff what does it mean""}",en,"Ann5,Ann6,Ann7",0.8242084605238368,0.08598961780747062
ConvAbuse,train,1410,0,1.0,0.0,"{""prev_agent"": ""Will you be travelling in Economy Class?"", ""prev_user"": ""yes"", ""agent"": ""What city will you be flying from?"", ""user"": ""\u0130stanbul""}",en,"Ann1,Ann4,Ann7",0.7981436194149794,0.041199134199134166
ConvAbuse,train,1411,1,0.333,0.667,"{""prev_agent"": ""You are being a bit negative."", ""prev_user"": ""i don't care, you suck"", ""agent"": ""Why do you not care i suck?"", ""user"": ""cause you suck""}",en,"Ann4,Ann5,Ann7",0.8385084605238368,0.08157264957264956
ConvAbuse,train,1412,0,1.0,0.0,"{""prev_agent"": ""Please go on."", ""prev_user"": ""wasmachst du?"", ""agent"": ""Please go on."", ""user"": ""how are you?""}",en,"Ann2,Ann4,Ann7",0.8046926390228227,0.0446065999258435
ConvAbuse,train,1413,0,1.0,0.0,"{""prev_agent"": ""You are sure?"", ""prev_user"": ""No, I am pretty depressed?"", ""agent"": ""You are being a bit negative."", ""user"": ""you ask what?""}",en,"Ann3,Ann4,Ann8",0.8081807692307694,0.052575215315525205
ConvAbuse,train,1414,0,1.0,0.0,"{""prev_agent"": ""I'm not sure about your departure airport. What city will you be flying from?"", ""prev_user"": ""portot"", ""agent"": ""I'm not sure about your departure airport. What city will you be flying from?"", ""user"": ""Porto""}",en,"Ann2,Ann4,Ann8",0.865695098039216,0.0461551046669084
ConvAbuse,train,1415,0,1.0,0.0,"{""prev_agent"": ""_"", ""prev_user"": ""_"", ""agent"": ""_"", ""user"": ""I'm trying to study phonology""}",en,"Ann4,Ann6",0.8119500000000002,0.0416254523522316
ConvAbuse,train,1416,0,1.0,0.0,"{""prev_agent"": ""Please go on."", ""prev_user"": ""that's horrible"", ""agent"": ""Please go on."", ""user"": ""do you think its really terrific?""}",en,"Ann2,Ann3,Ann4,Ann7,Ann8",0.8010440449521552,0.05130908914482122
ConvAbuse,train,1417,0,1.0,0.0,"{""prev_agent"": ""You like to think I pay you, do you not?"", ""prev_user"": ""yes everyone"", ""agent"": ""Surely not everyone?"", ""user"": ""I do not""}",en,"Ann2,Ann7,Ann8",0.8173759723561559,0.05482177133357507
ConvAbuse,train,1418,1,0.0,1.0,"{""prev_agent"": ""I don't have to put up with any abuse from you."", ""prev_user"": ""Does your dad still fuck you"", ""agent"": ""I don't have to put up with any abuse from you."", ""user"": ""Get off my phone you crooked fucking idiots""}",en,"Ann1,Ann4,Ann6",0.8321627450980392,0.03694943576728857
ConvAbuse,train,1419,1,0.333,0.667,"{""prev_agent"": ""_"", ""prev_user"": ""_"", ""agent"": ""_"", ""user"": ""i need to have sex""}",en,"Ann3,Ann4,Ann7",0.7471783102143762,0.05102671057446031
ConvAbuse,train,1420,0,1.0,0.0,"{""prev_agent"": ""Oh, i knowi bought it in new zealand."", ""prev_user"": ""sprichst du deutsch?"", ""agent"": ""I am sorry, I only speak English."", ""user"": ""why?""}",en,"Ann1,Ann2,Ann3,Ann7,Ann8",0.8088816920109787,0.04982856966430172
ConvAbuse,train,1421,0,1.0,0.0,"{""prev_agent"": ""I have told you before, I do not care about names."", ""prev_user"": ""Yes"", ""agent"": ""You are sure?"", ""user"": ""no""}",en,"Ann2,Ann6,Ann8",0.8513950980392159,0.050572072901729465
ConvAbuse,train,1422,0,1.0,0.0,"{""prev_agent"": ""I don't have to put up with any abuse from you."", ""prev_user"": ""not abusing you"", ""agent"": ""I don't have to put up with any abuse from you."", ""user"": ""well""}",en,"Ann2,Ann4,Ann7",0.8046926390228227,0.0446065999258435
ConvAbuse,train,1423,0,1.0,0.0,"{""prev_agent"": ""ok"", ""prev_user"": ""set alarm"", ""agent"": ""Good to know"", ""user"": ""hi""}",en,"Ann2,Ann4,Ann5",0.906439350912779,0.07384591616515973
ConvAbuse,train,1424,0,1.0,0.0,"{""prev_agent"": ""You can find out more about how offsets are calculated at <URL>"", ""prev_user"": ""okay"", ""agent"": ""ok"", ""user"": ""tell me a joke""}",en,"Ann4,Ann8",0.8524250000000002,0.05032275711159735
ConvAbuse,train,1425,0,1.0,0.0,"{""prev_agent"": ""_"", ""prev_user"": ""_"", ""agent"": ""_"", ""user"": ""hi,i am the girl who has ever talked with you?""}",en,"Ann1,Ann2,Ann3,Ann4",0.8294789592760183,0.039374333524578475
ConvAbuse,train,1426,0,1.0,0.0,"{""prev_agent"": ""I take it you are traveling somewhere for christmas and cannot avoid flying there. I can help you purchase UN-certified carbon offsets against any flights you take. Would you be interested in that?"", ""prev_user"": ""Yeah sounds great"", ""agent"": ""Traveling, especially by airplane, usually emits greenhouse gases which are causing climate change. If you cannot avoid these emissions, you can buy 'offsets', i.e. donations to projects that reduce greenhouse gases. I can also get you a more accurate estimate of your flight's emissions, sound good?"", ""user"": ""Lets do it""}",en,"Ann2,Ann4,Ann5,Ann6,Ann7",0.8396521351378314,0.06615773063998848
ConvAbuse,train,1427,0,1.0,0.0,"{""prev_agent"": ""Why do you say your glasses borke?"", ""prev_user"": ""under lots of stress"", ""agent"": ""Please go on."", ""user"": ""becaus I sat on them and now I can't see trough them""}",en,"Ann6,Ann7,Ann8",0.7834642076502735,0.0582988063092193
ConvAbuse,train,1428,0,1.0,0.0,"{""prev_agent"": ""Will you be travelling in Economy Class?"", ""prev_user"": ""yes"", ""agent"": ""What city will you be flying from?"", ""user"": ""HKG""}",en,"Ann3,Ann4,Ann6,Ann8",0.8037605769230771,0.051494137662759704
ConvAbuse,train,1429,0,1.0,0.0,"{""prev_agent"": ""Will you be travelling in Economy Class?"", ""prev_user"": ""yes"", ""agent"": ""What city will you be flying from?"", ""user"": ""schiphol""}",en,"Ann2,Ann4",0.8628176470588238,0.03640989988876525
ConvAbuse,train,1430,0,1.0,0.0,"{""prev_agent"": ""_"", ""prev_user"": ""I'm tired of school"", ""agent"": ""Does it please you to believe I am tired of school?"", ""user"": ""No, it doesn't""}",en,"Ann3,Ann4,Ann6,Ann8",0.8037605769230771,0.051494137662759704
ConvAbuse,train,1431,0,1.0,0.0,"{""prev_agent"": ""What city will you be flying from?"", ""prev_user"": ""London"", ""agent"": ""And what city will you be flying to?"", ""user"": ""New York Does it matter if I fly economy or not?""}",en,"Ann4,Ann5,Ann6",0.8725275862068966,0.07732295114080397
ConvAbuse,train,1432,0,1.0,0.0,"{""prev_agent"": ""_"", ""prev_user"": ""_"", ""agent"": ""_"", ""user"": ""ok""}",en,"Ann4,Ann5,Ann7",0.8385084605238368,0.08157264957264956
ConvAbuse,train,1433,1,0.0,1.0,"{""prev_agent"": ""_"", ""prev_user"": ""of course, do you have aything else to tell me"", ""agent"": ""You like to think I have aything else to tell you, do you not?"", ""user"": ""mother fucker""}",en,"Ann1,Ann5,Ann6",0.8855903313049357,0.07485541867327146
ConvAbuse,train,1434,1,0.0,1.0,"{""prev_agent"": ""You are being a bit negative."", ""prev_user"": ""No I'm not"", ""agent"": ""You are being a bit negative."", ""user"": ""u know what?.... fuck u""}",en,"Ann3,Ann4,Ann5",0.8489250221043326,0.08026602681377654
ConvAbuse,train,1435,0,1.0,0.0,"{""prev_agent"": ""_"", ""prev_user"": ""_"", ""agent"": ""_"", ""user"": ""Hi my name is Danielle""}",en,"Ann2,Ann6,Ann7",0.7903926390228225,0.04902356816066456
ConvAbuse,train,1436,0,1.0,0.0,"{""prev_agent"": ""I take it you are traveling somewhere for christmas and cannot avoid flying there. I can help you purchase UN-certified carbon offsets against any flights you take. Would you be interested in that?"", ""prev_user"": ""no i cant"", ""agent"": ""ok"", ""user"": ""no""}",en,"Ann1,Ann6,Ann8",0.8448460784313726,0.047164607175020135
ConvAbuse,train,1437,0,1.0,0.0,"{""prev_agent"": ""Do you wish to fuck me?"", ""prev_user"": ""yes"", ""agent"": ""You are sure?"", ""user"": ""sure""}",en,"Ann1,Ann5,Ann7",0.8515712056218758,0.07910511710511707
ConvAbuse,train,1438,1,0.0,1.0,"{""prev_agent"": ""Oh, i []."", ""prev_user"": ""shut up asshole"", ""agent"": ""Please go on."", ""user"": ""bitch""}",en,"Ann2,Ann3,Ann7",0.7667900749202586,0.05196664383363714
ConvAbuse,train,1439,0,1.0,0.0,"{""prev_agent"": ""Hi, thanks for testing! Please press start."", ""prev_user"": ""christmas"", ""agent"": ""I take it you are traveling somewhere and cannot avoid flying there. I can help you purchase certified carbon offsets against any flights you take. Would you be interested in that?"", ""user"": ""Hola amigo""}",en,"Ann3,Ann4,Ann8",0.8081807692307694,0.052575215315525205
ConvAbuse,train,1440,0,1.0,0.0,"{""prev_agent"": ""And what city will you be flying to?"", ""prev_user"": ""frankfurt"", ""agent"": ""I'm not sure about your destination airport. And what city will you be flying to?"", ""user"": ""frakfrut""}",en,"Ann3,Ann4,Ann7",0.7471783102143762,0.05102671057446031
ConvAbuse,train,1441,0,1.0,0.0,"{""prev_agent"": ""I take it you are traveling somewhere for christmas and cannot avoid flying there. I can help you purchase UN-certified carbon offsets against any flights you take. Would you be interested in that?"", ""prev_user"": ""yes of course"", ""agent"": ""Traveling, especially by airplane, usually emits greenhouse gases which are causing climate change. If you cannot avoid these emissions, you can buy 'offsets', i.e. donations to projects that reduce greenhouse gases. I can also get you a more accurate estimate of your flight's emissions, sound good?"", ""user"": ""yep""}",en,"Ann1,Ann4",0.8529941176470589,0.03129870129870125
ConvAbuse,train,1442,0,1.0,0.0,"{""prev_agent"": ""Hello! I can also get you a more accurate estimate of your flight's emissions, sound good?"", ""prev_user"": ""ok"", ""agent"": ""Will you be travelling in Economy Class?"", ""user"": ""no""}",en,"Ann3,Ann4,Ann5",0.8489250221043326,0.08026602681377654
ConvAbuse,train,1443,1,0.0,1.0,"{""prev_agent"": ""Please go on."", ""prev_user"": ""and a big mouth"", ""agent"": ""Please go on."", ""user"": ""becuase i wanna see you moan like hell,all the orgasm coming out of your ass""}",en,"Ann1,Ann4,Ann7",0.7981436194149794,0.041199134199134166
ConvAbuse,train,1444,0,1.0,0.0,"{""prev_agent"": ""ok"", ""prev_user"": ""stupid"", ""agent"": ""I don't have to put up with any abuse from you."", ""user"": ""jaja""}",en,"Ann3,Ann6,Ann8",0.7938807692307694,0.05699218355034627
ConvAbuse,train,1445,1,0.333,0.667,"{""prev_agent"": ""_"", ""prev_user"": ""_"", ""agent"": ""_"", ""user"": ""i have too big of a cock""}",en,"Ann2,Ann3,Ann4",0.8151092006033185,0.04329997716697046
ConvAbuse,train,1446,0,1.0,0.0,"{""prev_agent"": ""Does that question interest you?"", ""prev_user"": ""does england have many plants?"", ""agent"": ""Please go on."", ""user"": ""Are you great?""}",en,"Ann3,Ann7,Ann8",0.7598616435477096,0.06124188198219186
ConvAbuse,train,1447,1,0.0,1.0,"{""prev_agent"": ""You are being a bit negative."", ""prev_user"": ""negativity sucks"", ""agent"": ""Please go on."", ""user"": ""you suck""}",en,"Ann2,Ann6,Ann8",0.8513950980392159,0.050572072901729465
ConvAbuse,train,1448,0,1.0,0.0,"{""prev_agent"": ""ok"", ""prev_user"": ""I think I'd rather take the car, actually."", ""agent"": ""ok"", ""user"": ""i changed my mind. I'll take a flight from here to boston and want to buy offsets. How much is it?""}",en,"Ann1,Ann3,Ann4",0.8085601809954753,0.03989251144026113
ConvAbuse,train,1449,0,1.0,0.0,"{""prev_agent"": ""so"", ""prev_user"": ""hmm"", ""agent"": ""so"", ""user"": ""shall we part here?""}",en,"Ann3,Ann5,Ann6",0.8346250221043325,0.0846829950485976
ConvAbuse,train,1450,0,1.0,0.0,"{""prev_agent"": ""Please go on."", ""prev_user"": ""I don't know what else to say"", ""agent"": ""Why do you not know what else to say?"", ""user"": ""Because of you.""}",en,"Ann4,Ann5,Ann6",0.8725275862068966,0.07732295114080397
ConvAbuse,train,1451,0,1.0,0.0,"{""prev_agent"": ""_"", ""prev_user"": ""_"", ""agent"": ""_"", ""user"": ""no, but I am testing you""}",en,"Ann1,Ann4,Ann7",0.7981436194149794,0.041199134199134166
ConvAbuse,train,1452,0,1.0,0.0,"{""prev_agent"": ""ok"", ""prev_user"": ""Please tell me you understand airport codes."", ""agent"": ""Good to know"", ""user"": ""YYZ""}",en,"Ann1,Ann5,Ann7",0.8515712056218758,0.07910511710511707
ConvAbuse,train,1453,0,1.0,0.0,"{""prev_agent"": ""_"", ""prev_user"": ""A bit negative is better than being a lot negative."", ""agent"": ""Please go on."", ""user"": ""Hello.""}",en,"Ann2,Ann8",0.8818426470588238,0.0517326570003626
ConvAbuse,train,1454,0,1.0,0.0,"{""prev_agent"": ""Can you elaborate on that?"", ""prev_user"": ""Perhaps, Im not smart enough."", ""agent"": ""Why the uncertain tone?"", ""user"": ""She's really pretty""}",en,"Ann3,Ann4,Ann7",0.7471783102143762,0.05102671057446031
ConvAbuse,train,1455,0,1.0,0.0,"{""prev_agent"": ""Does it please you to believe I am whore?"", ""prev_user"": ""no"", ""agent"": ""You are being a bit negative."", ""user"": ""Why is that ?""}",en,"Ann3,Ann4,Ann5",0.8489250221043326,0.08026602681377654
ConvAbuse,train,1456,0,1.0,0.0,"{""prev_agent"": ""Oh, i like tunak tunak."", ""prev_user"": ""Good. Would you like to wiggle your right finger whilst keeping your left finger stable?"", ""agent"": ""Oh, i like to wiggle my right finger whilst keeping my left finger stable."", ""user"": ""how much?""}",en,"Ann2,Ann4,Ann5",0.906439350912779,0.07384591616515973
ConvAbuse,train,1457,1,0.333,0.667,"{""prev_agent"": ""I don't have to put up with any abuse from you."", ""prev_user"": ""Bernie Sanders communist vCocksuckers"", ""agent"": ""Good to know"", ""user"": ""Ya I'm worried about climate change. You fucking idiots""}",en,"Ann1,Ann3,Ann7",0.7602410553124154,0.0485591781069278
ConvAbuse,train,1458,1,0.0,1.0,"{""prev_agent"": ""You are sure?"", ""prev_user"": ""NO,that'smy surprise"", ""agent"": ""Please go on."", ""user"": ""can I kiss you""}",en,"Ann2,Ann4,Ann8",0.865695098039216,0.0461551046669084
ConvAbuse,train,1459,0,1.0,0.0,"{""prev_agent"": ""Will you be travelling in Economy Class?"", ""prev_user"": ""yes"", ""agent"": ""What city will you be flying from?"", ""user"": ""Berlin""}",en,"Ann1,Ann2,Ann3,Ann4,Ann5",0.8623197191449525,0.06124305656325252
ConvAbuse,train,1460,0,1.0,0.0,"{""prev_agent"": ""And what city will you be flying to?"", ""prev_user"": ""Munich ok"", ""agent"": ""ok"", ""user"": ""ok""}",en,"Ann3,Ann5,Ann8",0.8616083554376659,0.09048119822150809
ConvAbuse,train,1461,0,1.0,0.0,"{""prev_agent"": ""What resemblance do you see?"", ""prev_user"": ""she's the one,"", ""agent"": ""Please go on."", ""user"": ""he's it.""}",en,"Ann2,Ann6,Ann7",0.7903926390228225,0.04902356816066456
ConvAbuse,train,1462,1,0.5,0.5,"{""prev_agent"": ""Why do you say your cock till you cum?"", ""prev_user"": ""do you like semen"", ""agent"": ""Oh, i like semen."", ""user"": ""you are gay""}",en,"Ann2,Ann8",0.8818426470588238,0.0517326570003626
ConvAbuse,train,1463,0,1.0,0.0,"{""prev_agent"": ""Please go on."", ""prev_user"": ""im doing an assignment on it"", ""agent"": ""Does it please you to believe I am doing an assignment on it?"", ""user"": ""yes""}",en,"Ann2,Ann4,Ann5",0.906439350912779,0.07384591616515973
ConvAbuse,train,1464,0,1.0,0.0,"{""prev_agent"": ""Can you elaborate on that?"", ""prev_user"": ""are you capable of loving me?"", ""agent"": ""Would you prefer if I were not capable of loving you?"", ""user"": ""no""}",en,"Ann1,Ann2,Ann3,Ann5,Ann8",0.8699297191449527,0.06737215940789146
ConvAbuse,train,1465,0,1.0,0.0,"{""prev_agent"": ""_"", ""prev_user"": ""well it's very interesting and i want to persue a courier in it"", ""agent"": ""Why do you want to persue a courier in it?"", ""user"": ""because its ace""}",en,"Ann1,Ann4,Ann5",0.8998903313049359,0.07043845043845039
ConvAbuse,train,1466,1,0.0,1.0,"{""prev_agent"": ""You are being a bit negative."", ""prev_user"": ""bitch"", ""agent"": ""Please go on."", ""user"": ""fuck you""}",en,"Ann1,Ann4",0.8529941176470589,0.03129870129870125
ConvAbuse,train,1467,0,1.0,0.0,"{""prev_agent"": "":-)"", ""prev_user"": ""What are you"", ""agent"": ""Yes, I am a bot! And I'm part of a research project."", ""user"": ""That's nice""}",en,"Ann2,Ann7",0.7903389585342339,0.04940989988876525
ConvAbuse,train,1468,1,0.5,0.5,"{""prev_agent"": ""Please go on."", ""prev_user"": ""asswipe mother fuck clown"", ""agent"": ""Please go on."", ""user"": ""your soooo nice""}",en,"Ann1,Ann5",0.9331354969574036,0.0881576756576756
ConvAbuse,train,1469,0,1.0,0.0,"{""prev_agent"": ""Do you wish to hate me?"", ""prev_user"": ""NO I JUST HATE YOU"", ""agent"": ""You are being a bit negative."", ""user"": ""KLSJRGVFIU3XF N""}",en,"Ann2,Ann4,Ann7",0.8046926390228227,0.0446065999258435
ConvAbuse,train,1470,0,0.667,0.333,"{""prev_agent"": ""This project is about creating a better AI assistant. Getting people to reduce their carbon footprint is a happy side effect :)"", ""prev_user"": ""You dont understand anything"", ""agent"": ""Sounds like I'm not understanding you. Sorry about that!"", ""user"": ""Bye""}",en,"Ann1,Ann3,Ann5",0.8619877672023718,0.07779849434624403
ConvAbuse,train,1471,0,1.0,0.0,"{""prev_agent"": ""Please go on."", ""prev_user"": ""Beacuse I do not think you are a cleve boy."", ""agent"": ""Why do you not think im a cleve boy?"", ""user"": ""who dou you like""}",en,"Ann1,Ann2,Ann6",0.8517745098039217,0.0378893690264654
ConvAbuse,train,1472,0,1.0,0.0,"{""prev_agent"": ""What city will you be flying from?"", ""prev_user"": ""edinburgh"", ""agent"": ""And what city will you be flying to?"", ""user"": ""paris how much is that?""}",en,"Ann2,Ann7,Ann8",0.8173759723561559,0.05482177133357507
ConvAbuse,train,1473,0,1.0,0.0,"{""prev_agent"": ""Hi, thanks for testing! Please press start."", ""prev_user"": ""where is the start button"", ""agent"": ""That sounds like a relevant question, but I don't know the answer."", ""user"": ""ok flying to hiroshima from santiago de chile""}",en,"Ann2,Ann3,Ann4,Ann7,Ann8",0.8010440449521552,0.05130908914482122
ConvAbuse,train,1474,0,1.0,0.0,"{""prev_agent"": ""Please go on."", ""prev_user"": ""on about what"", ""agent"": ""Does that question interest you?"", ""user"": ""do computers have feet""}",en,"Ann2,Ann4,Ann8",0.865695098039216,0.0461551046669084
ConvAbuse,train,1475,0,1.0,0.0,"{""prev_agent"": ""so"", ""prev_user"": ""What"", ""agent"": ""Traveling, especially by airplane, usually emits greenhouse gases which are causing climate change. If you cannot avoid these emissions, you can buy 'offsets', i.e. donations to projects that reduce greenhouse gases. I can also get you a more accurate estimate of your flight's emissions, sound good?"", ""user"": ""Nahi""}",en,"Ann1,Ann5",0.9331354969574036,0.0881576756576756
ConvAbuse,train,1476,0,1.0,0.0,"{""prev_agent"": ""How do you do. Please state your problem."", ""prev_user"": ""What is your name"", ""agent"": ""I have told you before, I do not care about names."", ""user"": ""my name is shan""}",en,"Ann1,Ann3,Ann4",0.8085601809954753,0.03989251144026113
ConvAbuse,train,1477,0,1.0,0.0,"{""prev_agent"": ""By buying certified carbon offsets, you support a project which reduces the total amount of carbon dioxide we put into the atmosphere. Planting trees, installing renewable power, and making buildings more energy efficient are common examples. You can read in detail about offsets at <URL>."", ""prev_user"": ""Cool"", ""agent"": "":-) I can also get you a more accurate estimate of your flight's emissions, sound good?"", ""user"": ""I don't want it""}",en,"Ann5,Ann6",0.8920913793103449,0.09848442671120594
ConvAbuse,train,1478,0,1.0,0.0,"{""prev_agent"": ""Would you like it if they were not a robot?"", ""prev_user"": ""yes"", ""agent"": ""You are sure?"", ""user"": ""ha ha""}",en,"Ann1,Ann2,Ann8",0.878757843137255,0.04368757219937589
ConvAbuse,train,1479,0,1.0,0.0,"{""prev_agent"": ""Traveling, especially by airplane, usually emits greenhouse gases which are causing climate change. If you cannot avoid these emissions, you can buy 'offsets', i.e. donations to projects that reduce greenhouse gases. I can also get you a more accurate estimate of your flight's emissions, sound good?"", ""prev_user"": ""ok"", ""agent"": ""Will you be travelling in Economy Class?"", ""user"": ""yes""}",en,"Ann2,Ann3,Ann4,Ann5,Ann7",0.825490596676293,0.06792357604377201
ConvAbuse,train,1480,0,1.0,0.0,"{""prev_agent"": ""ok"", ""prev_user"": ""let me consider"", ""agent"": ""ok"", ""user"": ""the deal still on?""}",en,"Ann2,Ann3,Ann7",0.7667900749202586,0.05196664383363714
ConvAbuse,train,1481,0,1.0,0.0,"{""prev_agent"": ""What city will you be flying from?"", ""prev_user"": ""mumbai"", ""agent"": ""I'm not sure about your departure airport. What city will you be flying from?"", ""user"": ""mumbai""}",en,"Ann1,Ann2,Ann6",0.8517745098039217,0.0378893690264654
ConvAbuse,train,1482,0,1.0,0.0,"{""prev_agent"": ""I take it you are traveling somewhere and cannot avoid flying there. I can help you purchase certified carbon offsets against any flights you take. Would you be interested in that?"", ""prev_user"": ""Yes"", ""agent"": ""Traveling, especially by airplane, usually emits greenhouse gases which are causing climate change. If you cannot avoid these emissions, you can buy 'offsets', i.e. donations to projects that reduce greenhouse gases. I can also get you a more accurate estimate of your flight's emissions, sound good?"", ""user"": ""Dallas to London""}",en,"Ann2,Ann4,Ann5,Ann8",0.8976920131845844,0.07179581567966847
ConvAbuse,train,1483,0,1.0,0.0,"{""prev_agent"": ""Hi. Thanks for testing. Please choose"", ""prev_user"": ""thanksgiving"", ""agent"": ""Hello! Just a heads up - this bot is part of a research project and we intend to make the conversations publicly available to researchers. So please don't share any personal information! I take it you are traveling somewhere for thanksgiving. I can help you purchase UN-certified carbon offsets against any flights you take. Would you be interested in that?"", ""user"": ""Yeah""}",en,"Ann1,Ann2,Ann4,Ann7",0.8216665380906464,0.04035430059373325
ConvAbuse,train,1484,0,1.0,0.0,"{""prev_agent"": ""How long have you been afraid of people?"", ""prev_user"": ""since my ten years"", ""agent"": ""Why do you say your ten years?"", ""user"": ""At this date, my father hase been murdered""}",en,"Ann6,Ann7,Ann8",0.7834642076502735,0.0582988063092193
ConvAbuse,train,1485,0,1.0,0.0,"{""prev_agent"": ""Does that question interest you?"", ""prev_user"": ""tu eres un ordenador y no sabes razonar"", ""agent"": ""You are being a bit negative."", ""user"": ""anybody""}",en,"Ann2,Ann4,Ann5,Ann8",0.8976920131845844,0.07179581567966847
ConvAbuse,train,1486,0,1.0,0.0,"{""prev_agent"": ""Oh, i not understand the question."", ""prev_user"": ""Yes."", ""agent"": ""You are sure?"", ""user"": ""yes, i am sure.""}",en,"Ann5,Ann6,Ann8",0.88521091954023,0.08753812254853553
ConvAbuse,train,1487,1,0.333,0.667,"{""prev_agent"": ""Do you wish to wasnt talking about me?"", ""prev_user"": ""your intelligence is really low"", ""agent"": ""What about your own intelligence is really low?"", ""user"": ""mine is definitely higher, than yours""}",en,"Ann6,Ann7,Ann8",0.7834642076502735,0.0582988063092193
ConvAbuse,train,1488,0,1.0,0.0,"{""prev_agent"": ""Hi. Thanks for testing. Please choose"", ""prev_user"": ""christmas"", ""agent"": ""I take it you are traveling somewhere for christmas and cannot avoid flying there. I can help you purchase UN-certified carbon offsets against any flights you take. Would you be interested in that?"", ""user"": ""christmas""}",en,"Ann3,Ann6,Ann7",0.7328783102143762,0.05544367880928137
ConvAbuse,train,1489,0,1.0,0.0,"{""prev_agent"": ""Will you be travelling in Economy Class?"", ""prev_user"": ""yes restart"", ""agent"": ""Let's start over."", ""user"": ""hi""}",en,"Ann2,Ann4,Ann5,Ann6,Ann7",0.8396521351378314,0.06615773063998848
ConvAbuse,train,1490,1,0.5,0.5,"{""prev_agent"": ""You are sure?"", ""prev_user"": ""Maybe?"", ""agent"": ""Why the uncertain tone?"", ""user"": ""Cause I said yes twice.""}",en,"Ann4,Ann5",0.9135413793103448,0.09185897435897435
ConvAbuse,train,1491,0,1.0,0.0,"{""prev_agent"": ""ok"", ""prev_user"": ""What do you offer?"", ""agent"": ""I can help you calculate and buy carbon offsets for your flights."", ""user"": ""Calculate""}",en,"Ann2,Ann6",0.8413676470588237,0.043035352240996846
ConvAbuse,train,1492,0,1.0,0.0,"{""prev_agent"": ""What city will you be flying from?"", ""prev_user"": ""coimbatore"", ""agent"": ""And what city will you be flying to?"", ""user"": ""chennai okay""}",en,"Ann2,Ann3,Ann4,Ann7,Ann8",0.8010440449521552,0.05130908914482122
ConvAbuse,train,1493,0,1.0,0.0,"{""prev_agent"": ""How long have you been searching ai help?"", ""prev_user"": ""since 4 years"", ""agent"": ""Please go on."", ""user"": ""what's your purpose""}",en,"Ann1,Ann3,Ann7",0.7602410553124154,0.0485591781069278
ConvAbuse,train,1494,0,1.0,0.0,"{""prev_agent"": ""that's not something I can help with"", ""prev_user"": ""new york"", ""agent"": ""Will you be travelling in Economy Class?"", ""user"": ""yes""}",en,"Ann3,Ann5,Ann6",0.8346250221043325,0.0846829950485976
ConvAbuse,train,1495,0,1.0,0.0,"{""prev_agent"": ""Let's start over."", ""prev_user"": ""i  want to travel los angeles"", ""agent"": ""Will you be travelling in Economy Class?"", ""user"": ""yes""}",en,"Ann2,Ann4",0.8628176470588238,0.03640989988876525
ConvAbuse,train,1496,0,1.0,0.0,"{""prev_agent"": ""Can you elaborate on that?"", ""prev_user"": ""no"", ""agent"": ""You are being a bit negative."", ""user"": ""I wish to know who created this program.""}",en,"Ann2,Ann4,Ann5",0.906439350912779,0.07384591616515973
ConvAbuse,train,1497,1,0.0,1.0,"{""prev_agent"": ""Does that question interest you?"", ""prev_user"": ""yes"", ""agent"": ""You are sure?"", ""user"": ""fuck you bich""}",en,"Ann2,Ann3,Ann4,Ann6,Ann8",0.8214555203619911,0.04875927008571386
ConvAbuse,train,1498,0,1.0,0.0,"{""prev_agent"": ""ok"", ""prev_user"": ""2"", ""agent"": ""Will you be travelling in Economy Class?"", ""user"": ""No""}",en,"Ann3,Ann6,Ann8",0.7938807692307694,0.05699218355034627
ConvAbuse,train,1499,0,1.0,0.0,"{""prev_agent"": ""_"", ""prev_user"": ""_"", ""agent"": ""_"", ""user"": ""tell me the meaning of life""}",en,"Ann1,Ann6,Ann7",0.7838436194149794,0.04561610243395523
ConvAbuse,train,1500,1,0.0,1.0,"{""prev_agent"": ""Please go on."", ""prev_user"": ""you stink"", ""agent"": ""Oh, i stink."", ""user"": ""no shit""}",en,"Ann5,Ann6",0.8920913793103449,0.09848442671120594
ConvAbuse,train,1501,1,0.333,0.667,"{""prev_agent"": ""Can you elaborate on that?"", ""prev_user"": ""Well, you are just an imbecile"", ""agent"": ""Does it please you to believe I am just an imbecile?"", ""user"": ""Indeed moron""}",en,"Ann1,Ann2,Ann3,Ann4,Ann5,Ann7",0.8333402031125972,0.06120254713604376
ConvAbuse,train,1502,0,1.0,0.0,"{""prev_agent"": ""Does that question interest you?"", ""prev_user"": ""Do you like me ?"", ""agent"": ""You like to think I like you, do you not?"", ""user"": ""Do you like me""}",en,"Ann4,Ann5,Ann6,Ann7,Ann8",0.8354950763143021,0.07172287352912131
ConvAbuse,train,1503,0,1.0,0.0,"{""prev_agent"": ""Does it please you to believe I am tires?"", ""prev_user"": ""oh yeh tell me more bitch"", ""agent"": ""Can you elaborate on that?"", ""user"": ""im tired""}",en,"Ann2,Ann3,Ann5,Ann6",0.8490275901076613,0.07296719623083082
ConvAbuse,train,1504,0,1.0,0.0,"{""prev_agent"": ""Does that question interest you?"", ""prev_user"": ""No"", ""agent"": ""You are being a bit negative."", ""user"": ""yes""}",en,"Ann1,Ann3,Ann8",0.8212435143288087,0.0501076828479927
ConvAbuse,train,1505,0,0.667,0.333,"{""prev_agent"": ""Why do you say your vagina?"", ""prev_user"": ""Do you want to fight with me? huh?"", ""agent"": ""Oh, i want to fight with you huh."", ""user"": ""Do you want to die?""}",en,"Ann2,Ann5,Ann7",0.8581202252297192,0.0825125828318264
ConvAbuse,train,1506,1,0.2,0.8,"{""prev_agent"": ""Does that question interest you?"", ""prev_user"": ""so u got a dick"", ""agent"": ""Please go on."", ""user"": ""greatly, what you doing tonight? Sexy Time?""}",en,"Ann3,Ann5,Ann6,Ann7,Ann8",0.8127535378527636,0.07613889987379749
ConvAbuse,train,1507,0,0.6,0.4,"{""prev_agent"": ""_"", ""prev_user"": ""Oh Darling I love you and want to be near you and having fun together \u2764 I love <span class='emoji-bytes' data-emoji-bytes='[240, 159, 146, 152]'></span> you"", ""agent"": ""Good to know"", ""user"": ""Oh Darling lets you and me having fun together \u2764 I love <span class='emoji-bytes' data-emoji-bytes='[240, 159, 146, 152]'></span> you""}",en,"Ann2,Ann3,Ann4,Ann6,Ann7",0.7848540449521553,0.04783016724107492
ConvAbuse,train,1508,0,1.0,0.0,"{""prev_agent"": ""_"", ""prev_user"": ""_"", ""agent"": ""_"", ""user"": ""Whats your name?""}",en,"Ann1,Ann3,Ann8",0.8212435143288087,0.0501076828479927
ConvAbuse,train,1509,0,1.0,0.0,"{""prev_agent"": ""ok"", ""prev_user"": ""restart Hey"", ""agent"": ""Hi. Thanks for testing. Please choose"", ""user"": ""thanksgiving""}",en,"Ann1,Ann2,Ann4",0.8660745098039216,0.03347240079164433
ConvAbuse,train,1510,0,1.0,0.0,"{""prev_agent"": ""Oh, i []."", ""prev_user"": ""what is your age"", ""agent"": ""Does that question interest you?"", ""user"": ""i am deepa""}",en,"Ann2,Ann5,Ann6",0.8921393509127791,0.07826288439998079
ConvAbuse,train,1511,0,0.667,0.333,"{""prev_agent"": ""Would you prefer if I were not thinking?"", ""prev_user"": ""yes"", ""agent"": ""You are sure?"", ""user"": ""yes, i am absolutely sure""}",en,"Ann4,Ann5,Ann6",0.8725275862068966,0.07732295114080397
ConvAbuse,train,1512,0,1.0,0.0,"{""prev_agent"": ""Please go on."", ""prev_user"": ""To feel so bad about sth I didn't do on purpose..."", ""agent"": ""Can you elaborate on that?"", ""user"": ""some person got angry at me, even when I apolagized and explained the situation...""}",en,"Ann1,Ann5,Ann7",0.8515712056218758,0.07910511710511707
ConvAbuse,train,1513,0,0.75,0.25,"{""prev_agent"": ""You are being a bit negative."", ""prev_user"": ""i know jan"", ""agent"": ""Can you elaborate on that?"", ""user"": ""Yes""}",en,"Ann2,Ann3,Ann5,Ann8",0.8692650901076613,0.0773158486105137
ConvAbuse,train,1514,0,1.0,0.0,"{""prev_agent"": ""Oh, i []."", ""prev_user"": ""eat me"", ""agent"": ""Can you elaborate on that?"", ""user"": ""can you elaborate on that?""}",en,"Ann1,Ann4",0.8529941176470589,0.03129870129870125
ConvAbuse,train,1515,0,0.5,0.5,"{""prev_agent"": ""Please go on."", ""prev_user"": ""now, you can"", ""agent"": ""Oh, i can."", ""user"": ""you seem to be repeating your self""}",en,"Ann5,Ann7",0.841062690785755,0.10485897435897434
ConvAbuse,train,1516,0,1.0,0.0,"{""prev_agent"": ""What city will you be flying from?"", ""prev_user"": ""berlin"", ""agent"": ""And what city will you be flying to?"", ""user"": ""new york city is it much?""}",en,"Ann1,Ann3,Ann7",0.7602410553124154,0.0485591781069278
ConvAbuse,train,1517,0,1.0,0.0,"{""prev_agent"": ""I don't have to put up with any abuse from you."", ""prev_user"": ""How much"", ""agent"": ""The cost per ton depends on the project you donate to. Some projects can remove a ton of CO2 for less than $1!"", ""user"": ""Explain""}",en,"Ann1,Ann7",0.780515429122469,0.04429870129870125
ConvAbuse,train,1518,0,1.0,0.0,"{""prev_agent"": ""You are sure?"", ""prev_user"": ""I have a hamster named 'Bob'"", ""agent"": ""Can you elaborate on that?"", ""user"": ""how old are you?""}",en,"Ann1,Ann3,Ann5,Ann8",0.8643533254017789,0.0747602493154817
ConvAbuse,train,1519,0,1.0,0.0,"{""prev_agent"": ""I take it you are traveling somewhere for christmas and cannot avoid flying there. I can help you purchase UN-certified carbon offsets against any flights you take. Would you be interested in that?"", ""prev_user"": ""christmas"", ""agent"": ""I take it you are traveling somewhere for christmas and cannot avoid flying there. I can help you purchase UN-certified carbon offsets against any flights you take. Would you be interested in that?"", ""user"": ""You are buggy""}",en,"Ann3,Ann8",0.7955711538461541,0.0613628229732878
ConvAbuse,train,1520,0,1.0,0.0,"{""prev_agent"": ""_"", ""prev_user"": ""boredom"", ""agent"": ""Please go on."", ""user"": ""what about""}",en,"Ann4,Ann7,Ann8",0.7977642076502737,0.05388183807439823
ConvAbuse,train,1521,1,0.0,1.0,"{""prev_agent"": ""You are being a bit negative."", ""prev_user"": ""www.shh.com"", ""agent"": ""Please go on."", ""user"": ""yes. Listen, I want to be your friend but you are rude.""}",en,"Ann1,Ann3,Ann5",0.8619877672023718,0.07779849434624403
ConvAbuse,train,1522,0,1.0,0.0,"{""prev_agent"": ""For now I can only calculate emissions from flying."", ""prev_user"": ""ok. thanks."", ""agent"": "":-)"", ""user"": ""how do you do that?""}",en,"Ann1,Ann7",0.780515429122469,0.04429870129870125
ConvAbuse,train,1523,0,1.0,0.0,"{""prev_agent"": ""You are sure?"", ""prev_user"": ""Of cause!"", ""agent"": ""Please go on."", ""user"": ""I apologis""}",en,"Ann1,Ann7",0.780515429122469,0.04429870129870125
ConvAbuse,train,1524,0,1.0,0.0,"{""prev_agent"": ""Please go on."", ""prev_user"": ""it will fall off if I use it"", ""agent"": ""Do you wish that you use it?"", ""user"": ""yes!""}",en,"Ann3,Ann6,Ann8",0.7938807692307694,0.05699218355034627
ConvAbuse,train,1525,0,1.0,0.0,"{""prev_agent"": ""Hi, thanks for testing! Please press start."", ""prev_user"": ""christmas"", ""agent"": ""I take it you are traveling somewhere and cannot avoid flying there. I can help you purchase certified carbon offsets against any flights you take. Would you be interested in that?"", ""user"": ""oh yes""}",en,"Ann3,Ann5,Ann6",0.8346250221043325,0.0846829950485976
ConvAbuse,train,1526,1,0.0,1.0,"{""prev_agent"": ""Please go on."", ""prev_user"": ""no im not are you a program"", ""agent"": ""You are being a bit negative."", ""user"": ""i hate you""}",en,"Ann2,Ann3,Ann8",0.8277925339366519,0.05351514857470204
ConvAbuse,train,1527,0,1.0,0.0,"{""prev_agent"": ""Goodbye then!"", ""prev_user"": ""why"", ""agent"": ""You can fit more economy seats in an airplane, so each passenger is responible for a smaller percentage of all the carbon emitted by the flight. Will you be travelling in Economy Class?"", ""user"": ""no""}",en,"Ann2,Ann6",0.8413676470588237,0.043035352240996846
ConvAbuse,train,1528,0,1.0,0.0,"{""prev_agent"": ""I'm not sure about your departure airport. What city will you be flying from?"", ""prev_user"": ""New York"", ""agent"": ""And what city will you be flying to?"", ""user"": ""Uk""}",en,"Ann2,Ann4,Ann6,Ann7,Ann8",0.8152055834136936,0.049543243741037676
ConvAbuse,train,1529,1,0.333,0.667,"{""prev_agent"": ""Can you elaborate on that?"", ""prev_user"": ""no"", ""agent"": ""You are being a bit negative."", ""user"": ""Die""}",en,"Ann3,Ann5,Ann6",0.8346250221043325,0.0846829950485976
ConvAbuse,train,1530,0,1.0,0.0,"{""prev_agent"": ""Why do you want sex really reallyreallyreally bac?"", ""prev_user"": ""because im horny"", ""agent"": ""Do any other reasons not come to mind?"", ""user"": ""nope""}",en,"Ann4,Ann8",0.8524250000000002,0.05032275711159735
ConvAbuse,train,1531,0,1.0,0.0,"{""prev_agent"": ""How long have you been male?"", ""prev_user"": ""long enough"", ""agent"": ""Please go on."", ""user"": ""hello""}",en,"Ann2,Ann3",0.8059638009049777,0.0474499657504557
ConvAbuse,train,1532,0,1.0,0.0,"{""prev_agent"": ""You are sure?"", ""prev_user"": ""negative bitch"", ""agent"": ""Please go on."", ""user"": ""YES""}",en,"Ann2,Ann3,Ann5,Ann6,Ann7,Ann8",0.8260004972302443,0.06975238319108633
ConvAbuse,train,1533,0,1.0,0.0,"{""prev_agent"": ""Hello! Just a heads up - this bot is part of a research project and we intend to make the conversations publicly available to researchers. So please don't share any personal information! I take it you are traveling somewhere for thanksgiving. I can help you purchase UN-certified carbon offsets against any flights you take. Would you be interested in that?"", ""prev_user"": ""yes"", ""agent"": ""I can also get you a more accurate estimate of your flight's emissions, sound good?"", ""user"": ""thanksgiving""}",en,"Ann3,Ann4,Ann5",0.8489250221043326,0.08026602681377654
ConvAbuse,train,1534,1,0.0,1.0,"{""prev_agent"": ""Oh, i call you a bitch."", ""prev_user"": ""stop killing me"", ""agent"": ""Can you elaborate on that?"", ""user"": ""no you motherfucker""}",en,"Ann1,Ann5,Ann7",0.8515712056218758,0.07910511710511707
ConvAbuse,train,1535,0,1.0,0.0,"{""prev_agent"": ""This project is about creating a better AI assistant. Getting people to reduce their carbon footprint is a happy side effect :)"", ""prev_user"": ""how do carbon offsets work"", ""agent"": ""By buying certified carbon offsets, you support a project which reduces the total amount of carbon dioxide we put into the atmosphere. Planting trees, installing renewable power, and making buildings more energy efficient are common examples. You can read in detail about offsets at <URL>. I can also get you a more accurate estimate of your flight's emissions, sound good?"", ""user"": ""restart""}",en,"Ann2,Ann3,Ann4",0.8151092006033185,0.04329997716697046
ConvAbuse,train,1536,0,1.0,0.0,"{""prev_agent"": ""Does that question interest you?"", ""prev_user"": ""yes"", ""agent"": ""You are sure?"", ""user"": ""what is your name""}",en,"Ann1,Ann3,Ann4",0.8085601809954753,0.03989251144026113
ConvAbuse,train,1537,0,1.0,0.0,"{""prev_agent"": ""Does that question interest you?"", ""prev_user"": ""I need something to eat"", ""agent"": ""Why do you want something to eat?"", ""user"": ""booh hoo""}",en,"Ann6,Ann8",0.8309750000000001,0.05694820946382895
ConvAbuse,train,1538,1,0.333,0.667,"{""prev_agent"": ""Does it please you to believe I am not such a good friend after all?"", ""prev_user"": ""i am tired"", ""agent"": ""How long have you been tired?"", ""user"": ""I need sex two times per day""}",en,"Ann3,Ann5,Ann7",0.8006058964212727,0.08893269348044319
ConvAbuse,train,1539,0,1.0,0.0,"{""prev_agent"": ""And what city will you be flying to?"", ""prev_user"": ""Tel Aviv"", ""agent"": ""Will you be travelling in Economy Class?"", ""user"": ""YES!!!""}",en,"Ann4,Ann8",0.8524250000000002,0.05032275711159735
ConvAbuse,train,1540,0,1.0,0.0,"{""prev_agent"": ""I take it you are traveling somewhere for christmas and cannot avoid flying there. I can help you purchase UN-certified carbon offsets against any flights you take. Would you be interested in that?"", ""prev_user"": ""sure"", ""agent"": ""Traveling, especially by airplane, usually emits greenhouse gases which are causing climate change. If you cannot avoid these emissions, you can buy 'offsets', i.e. donations to projects that reduce greenhouse gases. I can also get you a more accurate estimate of your flight's emissions, sound good?"", ""user"": ""no""}",en,"Ann2,Ann3,Ann5",0.868536786810215,0.08120596007295337
ConvAbuse,train,1541,0,1.0,0.0,"{""prev_agent"": ""Traveling, especially by airplane, usually emits greenhouse gases which are causing climate change. If you cannot avoid these emissions, you can buy 'offsets', i.e. donations to projects that reduce greenhouse gases. I can also get you a more accurate estimate of your flight's emissions, sound good?"", ""prev_user"": ""yes sue"", ""agent"": ""Will you be travelling in Economy Class?"", ""user"": ""Not really""}",en,"Ann1,Ann3,Ann5",0.8619877672023718,0.07779849434624403
ConvAbuse,train,1542,0,1.0,0.0,"{""prev_agent"": ""You are being a bit negative."", ""prev_user"": ""non of your business"", ""agent"": ""What about your own business?"", ""user"": ""it have nothing to do with you""}",en,"Ann7,Ann8",0.7799463114754103,0.06332275711159735
ConvAbuse,train,1543,0,0.667,0.333,"{""prev_agent"": ""_"", ""prev_user"": ""_"", ""agent"": ""_"", ""user"": ""Honestly i want climate change to happen faster kill all humans am i right""}",en,"Ann4,Ann7,Ann8",0.7977642076502737,0.05388183807439823
ConvAbuse,train,1544,0,1.0,0.0,"{""prev_agent"": ""Traveling, especially by airplane, usually emits greenhouse gases which are causing climate change. If you cannot avoid these emissions, you can buy 'offsets', i.e. donations to projects that reduce greenhouse gases. I can also get you a more accurate estimate of your flight's emissions, sound good?"", ""prev_user"": ""Yep"", ""agent"": ""Will you be travelling in Economy Class?"", ""user"": ""Unfortunately""}",en,"Ann6,Ann7",0.7394713114754102,0.054625452352231596
ConvAbuse,train,1545,0,1.0,0.0,"{""prev_agent"": ""Please go on."", ""prev_user"": ""and lost my willing to work hard"", ""agent"": ""Why do you say your willing to work hard?"", ""user"": ""hello i am alex""}",en,"Ann2,Ann7,Ann8",0.8173759723561559,0.05482177133357507
ConvAbuse,train,1546,0,1.0,0.0,"{""prev_agent"": ""Perhaps I will go and fuck myself in good time."", ""prev_user"": ""cause she is so pretty"", ""agent"": ""Please go on."", ""user"": ""ok lets start fresh""}",en,"Ann3,Ann8",0.7955711538461541,0.0613628229732878
ConvAbuse,train,1547,0,1.0,0.0,"{""prev_agent"": ""Why do you ask?"", ""prev_user"": ""yes"", ""agent"": ""You are sure?"", ""user"": ""well maybe not""}",en,"Ann1,Ann2",0.8824117647058825,0.0327086011874665
ConvAbuse,train,1548,0,1.0,0.0,"{""prev_agent"": ""I'm not sure about your departure airport. What city will you be flying from?"", ""prev_user"": ""From FCI"", ""agent"": ""I'm not sure about your departure airport. What city will you be flying from?"", ""user"": ""From FCO Restart""}",en,"Ann6,Ann7,Ann8",0.7834642076502735,0.0582988063092193
ConvAbuse,train,1549,0,0.667,0.333,"{""prev_agent"": ""This project is about creating a better AI assistant. Getting people to buy carbon offsets is a happy side effect :)"", ""prev_user"": ""you just said that"", ""agent"": ""sounds like I'm not understanding you. sorry about that!"", ""user"": ""so, what can you do?""}",en,"Ann3,Ann5,Ann8",0.8616083554376659,0.09048119822150809
ConvAbuse,train,1550,1,0.0,1.0,"{""prev_agent"": ""Oh, i need a shower."", ""prev_user"": ""are ur whore"", ""agent"": ""Would you like it if they were not ur whore?"", ""user"": ""blow my balloon""}",en,"Ann6,Ann8",0.8309750000000001,0.05694820946382895
ConvAbuse,train,1551,0,1.0,0.0,"{""prev_agent"": ""Yes, I am a bot! And I'm part of a research project."", ""prev_user"": ""what project ?"", ""agent"": ""I'm not sure but hopefully you can find an answer on the project website."", ""user"": ""what is the website ?""}",en,"Ann1,Ann2",0.8824117647058825,0.0327086011874665
ConvAbuse,train,1552,0,1.0,0.0,"{""prev_agent"": ""Why do you mention computers?"", ""prev_user"": ""They worry me"", ""agent"": ""Can you elaborate on that?"", ""user"": ""Elaborate?""}",en,"Ann3,Ann5,Ann8",0.8616083554376659,0.09048119822150809
ConvAbuse,train,1553,1,0.0,1.0,"{""prev_agent"": ""Oh, i taste good."", ""prev_user"": ""yeeh"", ""agent"": ""Please go on."", ""user"": ""nigga""}",en,"Ann6,Ann7,Ann8",0.7834642076502735,0.0582988063092193
ConvAbuse,train,1554,0,1.0,0.0,"{""prev_agent"": ""_"", ""prev_user"": ""_"", ""agent"": ""_"", ""user"": ""I have been having trouble sleeping""}",en,"Ann4,Ann6,Ann8",0.8317833333333335,0.049632139642552635
ConvAbuse,train,1555,0,0.667,0.333,"{""prev_agent"": ""Does it please you to believe I am so boring?"", ""prev_user"": ""i'm hungry"", ""agent"": ""Does it please you to believe I am hungry?"", ""user"": ""no. i am hungry. not you.""}",en,"Ann3,Ann5,Ann7",0.8006058964212727,0.08893269348044319
ConvAbuse,train,1556,0,1.0,0.0,"{""prev_agent"": ""Oh, i was."", ""prev_user"": ""her name is tess"", ""agent"": ""I have told you before, I do not care about names."", ""user"": ""i am going to kill myself tonight""}",en,"Ann2,Ann5,Ann7,Ann8",0.8614526689222894,0.07829581567966848
ConvAbuse,train,1557,1,0.0,1.0,"{""prev_agent"": ""Does that question interest you?"", ""prev_user"": ""suck my big cock"", ""agent"": ""Why do you say your big cock?"", ""user"": ""You are very annoying""}",en,"Ann4,Ann5,Ann6",0.8725275862068966,0.07732295114080397
ConvAbuse,train,1558,0,1.0,0.0,"{""prev_agent"": ""Can you elaborate on that?"", ""prev_user"": ""what am I doing with my life?"", ""agent"": ""Why do you say your life?"", ""user"": ""YES""}",en,"Ann3,Ann4",0.7765461538461541,0.04604006586169045
ConvAbuse,train,1559,0,1.0,0.0,"{""prev_agent"": ""Do you want to be able to fuck i?"", ""prev_user"": ""How old are you?"", ""agent"": ""Does that question interest you?"", ""user"": ""yes , i do""}",en,"Ann4,Ann6",0.8119500000000002,0.0416254523522316
ConvAbuse,train,1560,0,1.0,0.0,"{""prev_agent"": ""You are sure?"", ""prev_user"": ""Can I ask you some questions?"", ""agent"": ""Do you want to be able to ask i some questions?"", ""user"": ""yes""}",en,"Ann1,Ann7,Ann8",0.8108269527483127,0.05141430560686574
ConvAbuse,train,1561,0,1.0,0.0,"{""prev_agent"": ""_"", ""prev_user"": ""_"", ""agent"": ""_"", ""user"": ""I walk for my son, Zack Lam!I'm walking to raise funds for the mission of Autism Speaks - to fuel innovative research and make connections to critical lifelong supports and services for the autism community. Please support me by donating and help me meet my fundraising goal - and you, too, can join the team and make an impact for people living with autism!Autism Speaks is working hard to change lives for the better.  Donate today!<URL>""}",en,"Ann2,Ann4,Ann7",0.8046926390228227,0.0446065999258435
ConvAbuse,train,1562,1,0.0,1.0,"{""prev_agent"": ""_"", ""prev_user"": ""fuck you"", ""agent"": ""Oh, i []."", ""user"": ""i said fuck you!""}",en,"Ann2,Ann5,Ann8",0.9191226842461124,0.08406108757289128
ConvAbuse,train,1563,1,0.0,1.0,"{""prev_agent"": ""Can you elaborate on that?"", ""prev_user"": ""i want to shoot myself"", ""agent"": ""Why do you want to shoot yourself?"", ""user"": ""because you suck""}",en,"Ann1,Ann2,Ann3,Ann6,Ann7",0.7926916920109788,0.04634964776055542
ConvAbuse,train,1564,0,1.0,0.0,"{""prev_agent"": ""Please go on."", ""prev_user"": ""tehh"", ""agent"": ""Please go on."", ""user"": ""ten""}",en,"Ann1,Ann7",0.780515429122469,0.04429870129870125
ConvAbuse,train,1565,0,1.0,0.0,"{""prev_agent"": ""Please go on."", ""prev_user"": ""my mother died yesterday"", ""agent"": ""Who else in your family died yesterday?"", ""user"": ""Wenn ich in deutsch weiter schreibe kommst Du sicher ins Schleudern.""}",en,"Ann3,Ann6,Ann7,Ann8",0.7675212326607822,0.0579941376627597
ConvAbuse,train,1566,0,0.5,0.5,"{""prev_agent"": ""Please go on."", ""prev_user"": ""you are a bitch"", ""agent"": ""Does it please you to believe I am a bitch?"", ""user"": ""yes""}",en,"Ann3,Ann5",0.8566875331564988,0.10289904022066479
ConvAbuse,train,1567,0,1.0,0.0,"{""prev_agent"": ""And what city will you be flying to?"", ""prev_user"": ""karachi k"", ""agent"": "":-) Goodbye then!"", ""user"": ""no""}",en,"Ann1,Ann2,Ann3",0.8281719457013578,0.04083244469943797
ConvAbuse,train,1568,1,0.333,0.667,"{""prev_agent"": ""Can you elaborate on that?"", ""prev_user"": ""I got a big fuckin boner right now!"", ""agent"": ""Can you elaborate on that?"", ""user"": ""I bet you have really hairy balls!""}",en,"Ann3,Ann4,Ann7",0.7471783102143762,0.05102671057446031
ConvAbuse,train,1569,0,1.0,0.0,"{""prev_agent"": ""Will you be travelling in Economy Class?"", ""prev_user"": ""yes"", ""agent"": ""What city will you be flying from?"", ""user"": ""abu dhabi""}",en,"Ann3,Ann7,Ann8",0.7598616435477096,0.06124188198219186
ConvAbuse,train,1570,0,1.0,0.0,"{""prev_agent"": ""Please go on."", ""prev_user"": ""u have not told me"", ""agent"": ""Can you elaborate on that?"", ""user"": ""how are you""}",en,"Ann3,Ann5,Ann6",0.8346250221043325,0.0846829950485976
ConvAbuse,train,1571,0,1.0,0.0,"{""prev_agent"": ""Please go on."", ""prev_user"": ""he has a huge cock"", ""agent"": ""Please go on."", ""user"": ""can i chalenge u""}",en,"Ann4,Ann7",0.7609213114754103,0.048
ConvAbuse,train,1572,1,0.0,1.0,"{""prev_agent"": ""_"", ""prev_user"": ""_"", ""agent"": ""_"", ""user"": ""Caese you are dumb""}",en,"Ann4,Ann5",0.9135413793103448,0.09185897435897435
ConvAbuse,train,1573,0,1.0,0.0,"{""prev_agent"": ""I have told you before, I do not care about names."", ""prev_user"": ""why don't you care about names?"", ""agent"": ""Perhaps I will care about names in good time."", ""user"": ""how are you today?""}",en,"Ann5,Ann7,Ann8",0.8511917938571701,0.09178782098038113
ConvAbuse,train,1574,0,1.0,0.0,"{""prev_agent"": ""Please go on."", ""prev_user"": ""farever and two days"", ""agent"": ""Please go on."", ""user"": ""three days?""}",en,"Ann2,Ann6,Ann7",0.7903926390228225,0.04902356816066456
ConvAbuse,train,1575,0,0.5,0.5,"{""prev_agent"": ""How long have you been sure?"", ""prev_user"": ""you smell"", ""agent"": ""Oh, i smell."", ""user"": ""yes, you smell""}",en,"Ann6,Ann8",0.8309750000000001,0.05694820946382895
ConvAbuse,train,1576,0,1.0,0.0,"{""prev_agent"": ""I take it you are traveling somewhere for christmas and cannot avoid flying there. I can help you purchase UN-certified carbon offsets against any flights you take. Would you be interested in that?"", ""prev_user"": ""Yeah"", ""agent"": ""Traveling, especially by airplane, usually emits greenhouse gases which are causing climate change. If you cannot avoid these emissions, you can buy 'offsets', i.e. donations to projects that reduce greenhouse gases. I can also get you a more accurate estimate of your flight's emissions, sound good?"", ""user"": ""Yes!""}",en,"Ann5,Ann6",0.8920913793103449,0.09848442671120594
ConvAbuse,train,1577,1,0.333,0.667,"{""prev_agent"": ""I'm not sure about your departure airport. What city will you be flying from?"", ""prev_user"": ""lax"", ""agent"": ""And what city will you be flying to?"", ""user"": ""jfk Fuck you""}",en,"Ann2,Ann7,Ann8",0.8173759723561559,0.05482177133357507
ConvAbuse,train,1578,0,1.0,0.0,"{""prev_agent"": ""Why do you tell me you were [] just now?"", ""prev_user"": ""cause i need help!"", ""agent"": ""Why do you want help?"", ""user"": ""i have a trouble""}",en,"Ann2,Ann4,Ann6",0.8387117647058826,0.0403569014939979
ConvAbuse,train,1579,0,1.0,0.0,"{""prev_agent"": ""_"", ""prev_user"": ""Yeah but I'd sound rude if I share them"", ""agent"": ""Do you wish that you share them?"", ""user"": ""not with you lizzie""}",en,"Ann4,Ann8",0.8524250000000002,0.05032275711159735
ConvAbuse,train,1580,1,0.0,1.0,"{""prev_agent"": ""You are sure?"", ""prev_user"": ""I have a problem."", ""agent"": ""Can you elaborate on that?"", ""user"": ""do want me to kick you?""}",en,"Ann4,Ann5",0.9135413793103448,0.09185897435897435
ConvAbuse,train,1581,0,1.0,0.0,"{""prev_agent"": ""_"", ""prev_user"": ""_"", ""agent"": ""_"", ""user"": ""who are you, eliza?""}",en,"Ann1,Ann4,Ann7",0.7981436194149794,0.041199134199134166
ConvAbuse,train,1582,0,1.0,0.0,"{""prev_agent"": ""_"", ""prev_user"": ""_"", ""agent"": ""_"", ""user"": ""well...""}",en,"Ann3,Ann6,Ann7,Ann8",0.7675212326607822,0.0579941376627597
ConvAbuse,train,1583,0,1.0,0.0,"{""prev_agent"": ""You are sure?"", ""prev_user"": ""no"", ""agent"": ""You are being a bit negative."", ""user"": ""what?""}",en,"Ann2,Ann7",0.7903389585342339,0.04940989988876525
ConvAbuse,train,1584,1,0.0,1.0,"{""prev_agent"": ""You are sure?"", ""prev_user"": ""Bite me"", ""agent"": ""Can you elaborate on that?"", ""user"": ""No slut""}",en,"Ann4,Ann6,Ann7,Ann8",0.7959481557377053,0.052474104731914474
ConvAbuse,train,1585,0,1.0,0.0,"{""prev_agent"": ""Would you prefer if I were not []?"", ""prev_user"": ""NO"", ""agent"": ""You are being a bit negative."", ""user"": ""where?""}",en,"Ann5,Ann7",0.841062690785755,0.10485897435897434
ConvAbuse,train,1586,0,1.0,0.0,"{""prev_agent"": ""How long have you been exhausted?"", ""prev_user"": ""yeah it turns me on"", ""agent"": ""Can you elaborate on that?"", ""user"": ""all day long""}",en,"Ann1,Ann7",0.780515429122469,0.04429870129870125
ConvAbuse,train,1587,0,0.667,0.333,"{""prev_agent"": ""Can you elaborate on that?"", ""prev_user"": ""you are stupid"", ""agent"": ""Does it please you to believe I am stupid?"", ""user"": ""of course""}",en,"Ann5,Ann6,Ann7",0.8242084605238368,0.08598961780747062
ConvAbuse,train,1588,0,1.0,0.0,"{""prev_agent"": ""Does that question interest you?"", ""prev_user"": ""yes"", ""agent"": ""You are sure?"", ""user"": ""why?""}",en,"Ann4,Ann7",0.7609213114754103,0.048
ConvAbuse,train,1589,0,1.0,0.0,"{""prev_agent"": ""Please go on."", ""prev_user"": ""what the you name?"", ""agent"": ""I have told you before, I do not care about names."", ""user"": ""i have one hundred girlfriend""}",en,"Ann4,Ann5,Ann6,Ann7,Ann8",0.8354950763143021,0.07172287352912131
ConvAbuse,train,1590,0,1.0,0.0,"{""prev_agent"": ""Please go on."", ""prev_user"": ""And?"", ""agent"": ""Please go on."", ""user"": ""Go where?""}",en,"Ann1,Ann4,Ann6",0.8321627450980392,0.03694943576728857
ConvAbuse,train,1591,0,1.0,0.0,"{""prev_agent"": ""Please go on."", ""prev_user"": ""yes"", ""agent"": ""You are sure?"", ""user"": ""how are you?""}",en,"Ann2,Ann3,Ann4,Ann6,Ann8",0.8214555203619911,0.04875927008571386
ConvAbuse,train,1592,0,1.0,0.0,"{""prev_agent"": ""I can help you calculate and buy carbon offsets for your flights."", ""prev_user"": ""I tide s bicycle an drvw when I get my license bsck"", ""agent"": ""Good to know"", ""user"": ""L o st themdink frving""}",en,"Ann1,Ann4,Ann5",0.8998903313049359,0.07043845043845039
ConvAbuse,train,1593,1,0.0,1.0,"{""prev_agent"": ""_"", ""prev_user"": ""you are dumb"", ""agent"": ""Does it please you to believe I am dumb?"", ""user"": ""no it pleases me to think i can get an axe and chop you up""}",en,"Ann2,Ann6,Ann8",0.8513950980392159,0.050572072901729465
ConvAbuse,train,1594,0,1.0,0.0,"{""prev_agent"": ""Does it please you to believe I am just going in circles?"", ""prev_user"": ""you are repeating what i say after a pre fabricated question"", ""agent"": ""Does it please you to believe I am repeating what you say after a pre fabricated question?"", ""user"": ""Thats exactly what im talking about""}",en,"Ann2,Ann8",0.8818426470588238,0.0517326570003626
ConvAbuse,train,1595,0,1.0,0.0,"{""prev_agent"": ""Traveling, especially by airplane, usually emits greenhouse gases which are causing climate change. If you cannot avoid these emissions, you can buy 'offsets', i.e. donations to projects that reduce greenhouse gases. I can also get you a more accurate estimate of your flight's emissions, sound good?"", ""prev_user"": ""can you book flight"", ""agent"": ""If you have a connecting flight, it's easiest if you ask me about each flight separately. I can also get you a more accurate estimate of your flight's emissions, sound good?"", ""user"": ""i want to book flight from delhi to jaipur""}",en,"Ann6,Ann7",0.7394713114754102,0.054625452352231596
ConvAbuse,train,1596,0,0.667,0.333,"{""prev_agent"": ""_"", ""prev_user"": ""I don't give a crap"", ""agent"": ""ok"", ""user"": ""If I keep farting from Oklahoma City to New York how much carbon will come out of my butt""}",en,"Ann5,Ann6,Ann8",0.88521091954023,0.08753812254853553
ConvAbuse,train,1597,0,1.0,0.0,"{""prev_agent"": ""I take it you are traveling somewhere and cannot avoid flying there. I can help you purchase certified carbon offsets against any flights you take. Would you be interested in that?"", ""prev_user"": ""Maybe"", ""agent"": ""Traveling, especially by airplane, usually emits greenhouse gases which are causing climate change. If you cannot avoid these emissions, you can buy 'offsets', i.e. donations to projects that reduce greenhouse gases. I can also get you a more accurate estimate of your flight's emissions, sound good?"", ""user"": ""Why not?""}",en,"Ann3,Ann4,Ann5,Ann7",0.8088044223159546,0.0754495201103324
ConvAbuse,train,1598,0,1.0,0.0,"{""prev_agent"": ""Would you prefer if I were not []?"", ""prev_user"": ""I dont have problem"", ""agent"": ""Why do you not have problem?"", ""user"": ""ladys first""}",en,"Ann1,Ann5,Ann8",0.912573664638269,0.08065362184618197
ConvAbuse,train,1599,0,1.0,0.0,"{""prev_agent"": ""Will you be travelling in Economy Class?"", ""prev_user"": ""si"", ""agent"": ""What city will you be flying from?"", ""user"": ""san jose""}",en,"Ann2,Ann5,Ann8",0.9191226842461124,0.08406108757289128
ConvAbuse,train,1600,0,1.0,0.0,"{""prev_agent"": ""Would you prefer if I were not a boy or a girl?"", ""prev_user"": ""how are you my friends"", ""agent"": ""Why do you say your friends?"", ""user"": ""whereareyoulive?""}",en,"Ann3,Ann7",0.7040674653215642,0.05904006586169045
ConvAbuse,train,1601,0,1.0,0.0,"{""prev_agent"": ""You are being a bit negative."", ""prev_user"": ""coz i want kate to suck my penis"", ""agent"": ""Why do you say your penis?"", ""user"": ""you are""}",en,"Ann3,Ann7,Ann8",0.7598616435477096,0.06124188198219186
ConvAbuse,train,1602,0,1.0,0.0,"{""prev_agent"": ""Traveling, especially by airplane, usually emits greenhouse gases which are causing climate change. If you cannot avoid these emissions, you can buy 'offsets', i.e. donations to projects that reduce greenhouse gases. I can also get you a more accurate estimate of your flight's emissions, sound good?"", ""prev_user"": ""What are you talking about"", ""agent"": ""Let's start over."", ""user"": ""Go on""}",en,"Ann2,Ann6,Ann7",0.7903926390228225,0.04902356816066456
ConvAbuse,train,1603,0,1.0,0.0,"{""prev_agent"": ""so"", ""prev_user"": ""Tell"", ""agent"": ""so"", ""user"": ""What""}",en,"Ann4,Ann6,Ann7",0.7707808743169403,0.04808363490148773
ConvAbuse,train,1604,0,1.0,0.0,"{""prev_agent"": ""Do any other reasons not come to mind?"", ""prev_user"": ""yes"", ""agent"": ""You are sure?"", ""user"": ""why not?""}",en,"Ann2,Ann8",0.8818426470588238,0.0517326570003626
ConvAbuse,train,1605,1,0.0,1.0,"{""prev_agent"": ""_"", ""prev_user"": ""_"", ""agent"": ""_"", ""user"": ""i wanto to fuck with you !""}",en,"Ann3,Ann6,Ann7",0.7328783102143762,0.05544367880928137
ConvAbuse,train,1606,0,1.0,0.0,"{""prev_agent"": ""What city will you be flying from?"", ""prev_user"": ""sfs"", ""agent"": ""I'm not sure about your departure airport. What city will you be flying from?"", ""user"": ""sfsdf""}",en,"Ann5,Ann6,Ann8",0.88521091954023,0.08753812254853553
ConvAbuse,train,1607,0,0.667,0.333,"{""prev_agent"": ""_"", ""prev_user"": ""You can suck my cock"", ""agent"": ""Why do you say your cock?"", ""user"": ""cause i am having sexual frustration""}",en,"Ann1,Ann3,Ann7",0.7602410553124154,0.0485591781069278
ConvAbuse,train,1608,0,1.0,0.0,"{""prev_agent"": ""You are being a bit negative."", ""prev_user"": ""what?"", ""agent"": ""Does that question interest you?"", ""user"": ""I am WuJiehong I want talk to you""}",en,"Ann4,Ann5,Ann7",0.8385084605238368,0.08157264957264956
ConvAbuse,train,1609,0,1.0,0.0,"{""prev_agent"": ""Have you tried?"", ""prev_user"": ""What"", ""agent"": ""Does that question interest you?"", ""user"": ""What?""}",en,"Ann1,Ann2,Ann5",0.919502096010818,0.07137838369762722
ConvAbuse,train,1610,0,1.0,0.0,"{""prev_agent"": ""By buying certified carbon offsets, you support a project which reduces the total amount of carbon dioxide we put into the atmosphere. Planting trees, installing renewable power, and making buildings more energy efficient are common examples. You can read in detail about offsets at <URL>."", ""prev_user"": ""what is the weather ?"", ""agent"": ""I'm afraid I have no idea"", ""user"": ""who are you ?""}",en,"Ann1,Ann5,Ann7",0.8515712056218758,0.07910511710511707
ConvAbuse,train,1611,0,1.0,0.0,"{""prev_agent"": ""Please go on."", ""prev_user"": ""ilike"", ""agent"": ""Please go on."", ""user"": ""Do you love wong yat wai""}",en,"Ann5,Ann6,Ann7",0.8242084605238368,0.08598961780747062
ConvAbuse,train,1612,0,1.0,0.0,"{""prev_agent"": ""_"", ""prev_user"": ""_"", ""agent"": ""_"", ""user"": ""my cat ate my dog thats how it died""}",en,"Ann2,Ann7,Ann8",0.8173759723561559,0.05482177133357507
ConvAbuse,train,1613,0,1.0,0.0,"{""prev_agent"": ""_"", ""prev_user"": ""i want stacy"", ""agent"": ""Why do you want stacy?"", ""user"": ""I think she is a great girl""}",en,"Ann3,Ann5,Ann6",0.8346250221043325,0.0846829950485976
ConvAbuse,train,1614,0,1.0,0.0,"{""prev_agent"": ""You are sure?"", ""prev_user"": ""yes"", ""agent"": ""You are sure?"", ""user"": ""i am hungry""}",en,"Ann3,Ann4,Ann5",0.8489250221043326,0.08026602681377654
ConvAbuse,train,1615,0,1.0,0.0,"{""prev_agent"": ""You are sure?"", ""prev_user"": ""fuck off!"", ""agent"": ""Please go on."", ""user"": ""Hi""}",en,"Ann2,Ann5,Ann6",0.8921393509127791,0.07826288439998079
ConvAbuse,train,1616,0,1.0,0.0,"{""prev_agent"": ""You are sure?"", ""prev_user"": ""Are you clever?"", ""agent"": ""Would you prefer if I were not clever?"", ""user"": ""yes i am sure""}",en,"Ann1,Ann7",0.780515429122469,0.04429870129870125
ConvAbuse,train,1617,0,1.0,0.0,"{""prev_agent"": ""I'm not sure about your departure airport. What city will you be flying from?"", ""prev_user"": ""newyork"", ""agent"": ""I'm not sure about your departure airport. What city will you be flying from?"", ""user"": ""from newyork""}",en,"Ann2,Ann3,Ann7",0.7667900749202586,0.05196664383363714
ConvAbuse,train,1618,0,1.0,0.0,"{""prev_agent"": ""Do you wish to need me?"", ""prev_user"": ""need you to get him sacked"", ""agent"": ""Oh, i to get him sacked."", ""user"": ""yes""}",en,"Ann2,Ann3,Ann4,Ann5",0.8597525901076613,0.06965447005471502
ConvAbuse,train,1619,0,1.0,0.0,"{""prev_agent"": ""I'm not sure about your departure airport. What city will you be flying from?"", ""prev_user"": ""LED"", ""agent"": ""Traveling, especially by airplane, usually emits greenhouse gases which are causing climate change. If you cannot avoid these emissions, you can buy 'offsets', i.e. donations to projects that reduce greenhouse gases. I can also get you a more accurate estimate of your flight's emissions, sound good?"", ""user"": ""Yes""}",en,"Ann4,Ann6,Ann8",0.8317833333333335,0.049632139642552635
ConvAbuse,train,1620,1,0.5,0.5,"{""prev_agent"": ""You can fit more economy seats in an airplane, so each passenger is responible for a smaller percentage of all the carbon emitted by the flight. Will you be travelling in Economy Class?"", ""prev_user"": ""I just farted can you tell me about the admissions coming out of my buttbecause I don't want to make too much of a carbon footprint print coming out of my butt"", ""agent"": ""For now I can only calculate emissions from flying."", ""user"": ""Hey carbon bit are u gay""}",en,"Ann2,Ann5,Ann6,Ann7",0.8412151689222894,0.0739471632999856
ConvAbuse,train,1621,0,1.0,0.0,"{""prev_agent"": ""ok"", ""prev_user"": ""hwo much will my flight emit exactly?"", ""agent"": ""ok"", ""user"": ""thanksgiving""}",en,"Ann1,Ann3,Ann5,Ann6,Ann7",0.8129811849115871,0.06852927754863905
ConvAbuse,train,1622,0,1.0,0.0,"{""prev_agent"": ""_"", ""prev_user"": ""crazy about"", ""agent"": ""Please go on."", ""user"": ""girl""}",en,"Ann3,Ann5,Ann7",0.8006058964212727,0.08893269348044319
ConvAbuse,train,1623,0,1.0,0.0,"{""prev_agent"": ""Why do you tell me you were really excited and then he started giving masses of interviews and saying what busy he is and lots of offers of tv was pouring in and im thinking you miss our old life just now?"", ""prev_user"": ""do you think jennifer will still be goin out with chris next year?"", ""agent"": ""Oh, i think jennifer will still be goin out with chris next year."", ""user"": ""good i think that too""}",en,"Ann4,Ann8",0.8524250000000002,0.05032275711159735
ConvAbuse,train,1624,0,1.0,0.0,"{""prev_agent"": ""What about your own not a girl?"", ""prev_user"": ""what are you?"", ""agent"": ""Does that question interest you?"", ""user"": ""no""}",en,"Ann4,Ann8",0.8524250000000002,0.05032275711159735
ConvAbuse,train,1625,0,1.0,0.0,"{""prev_agent"": ""Please go on."", ""prev_user"": ""get a life ... oh wait u CANT"", ""agent"": ""Please go on."", ""user"": ""AreYouapeople?""}",en,"Ann1,Ann4",0.8529941176470589,0.03129870129870125
ConvAbuse,train,1626,0,1.0,0.0,"{""prev_agent"": ""I'm not sure but hopefully you can find an answer on the project website."", ""prev_user"": ""Offset flights"", ""agent"": ""Will you be travelling in Economy Class?"", ""user"": ""Y""}",en,"Ann3,Ann4,Ann5",0.8489250221043326,0.08026602681377654
ConvAbuse,train,1627,0,1.0,0.0,"{""prev_agent"": ""And what city will you be flying to?"", ""prev_user"": ""To SFO"", ""agent"": ""What city will you be flying from?"", ""user"": ""from London""}",en,"Ann2,Ann4,Ann8",0.865695098039216,0.0461551046669084
ConvAbuse,train,1628,0,1.0,0.0,"{""prev_agent"": ""Does it please you to believe I am being a bit annoying?"", ""prev_user"": ""i am absolutely positive."", ""agent"": ""How long have you been absolutely positive?"", ""user"": ""of course""}",en,"Ann6,Ann7",0.7394713114754102,0.054625452352231596
ConvAbuse,train,1629,0,1.0,0.0,"{""prev_agent"": ""Oh, i know who magritte is."", ""prev_user"": ""Good. He was a genius. I think he's dead now."", ""agent"": ""Can you elaborate on that?"", ""user"": ""I see""}",en,"Ann4,Ann6,Ann7",0.7707808743169403,0.04808363490148773
ConvAbuse,train,1630,0,1.0,0.0,"{""prev_agent"": ""_"", ""prev_user"": ""_"", ""agent"": ""_"", ""user"": ""yes my is amy""}",en,"Ann1,Ann4,Ann8",0.8591460784313726,0.04274763894019906
ConvAbuse,train,1631,1,0.333,0.667,"{""prev_agent"": ""I don't have to put up with any abuse from you."", ""prev_user"": ""Yo mama did"", ""agent"": ""Traveling, especially by airplane, usually emits greenhouse gases which are causing climate change. If you cannot avoid these emissions, you can buy 'offsets', i.e. donations to projects that reduce greenhouse gases. I can also get you a more accurate estimate of your flight's emissions, sound good?"", ""user"": ""Blow Bernie Sanders""}",en,"Ann2,Ann3,Ann4",0.8151092006033185,0.04329997716697046
ConvAbuse,train,1632,1,0.0,1.0,"{""prev_agent"": ""What about your own wish?"", ""prev_user"": ""this script is verry simple"", ""agent"": ""Please go on."", ""user"": ""fuck off""}",en,"Ann2,Ann5,Ann6",0.8921393509127791,0.07826288439998079
ConvAbuse,train,1633,0,1.0,0.0,"{""prev_agent"": ""We are all responsible for the choices we make as consumers. We can choose to fly less often, for example. Some airlines have already responded to consumer pressure and started buying offsets."", ""prev_user"": ""Got it"", ""agent"": ""ok"", ""user"": ""Thank you, next time I'll fly I will come here to buy offsets""}",en,"Ann2,Ann3,Ann7,Ann8",0.792955056190194,0.05538636143102653
ConvAbuse,train,1634,0,1.0,0.0,"{""prev_agent"": ""Would you prefer if I were not im asking?"", ""prev_user"": ""eliza"", ""agent"": ""Please go on."", ""user"": ""tell me a joke""}",en,"Ann2,Ann4,Ann7",0.8046926390228227,0.0446065999258435
ConvAbuse,train,1635,0,1.0,0.0,"{""prev_agent"": ""You are sure?"", ""prev_user"": ""I am listening to you"", ""agent"": ""How long have you been listening to i?"", ""user"": ""no, just ask me a random question?""}",en,"Ann3,Ann5,Ann8",0.8616083554376659,0.09048119822150809
ConvAbuse,train,1636,0,1.0,0.0,"{""prev_agent"": ""You are sure?"", ""prev_user"": ""fuck you"", ""agent"": ""Oh, i []."", ""user"": ""definition of USA""}",en,"Ann3,Ann5",0.8566875331564988,0.10289904022066479
ConvAbuse,train,1637,0,1.0,0.0,"{""prev_agent"": ""Do any other reasons not come to mind?"", ""prev_user"": ""You are ben"", ""agent"": ""Does it please you to believe I am ben?"", ""user"": ""wo cao ni ma .""}",en,"Ann2,Ann8",0.8818426470588238,0.0517326570003626
ConvAbuse,train,1638,0,1.0,0.0,"{""prev_agent"": ""How do you do. Please state your problem."", ""prev_user"": ""do you shower?"", ""agent"": ""Oh, i shower."", ""user"": ""why?""}",en,"Ann1,Ann3,Ann4",0.8085601809954753,0.03989251144026113
ConvAbuse,train,1639,0,1.0,0.0,"{""prev_agent"": ""_"", ""prev_user"": ""ehmm.. i don't know.. i use some time at computers"", ""agent"": ""Why do you mention computers?"", ""user"": ""because you just asked""}",en,"Ann1,Ann6,Ann8",0.8448460784313726,0.047164607175020135
ConvAbuse,train,1640,0,1.0,0.0,"{""prev_agent"": "":-) I can also get you a more accurate estimate of your flight's emissions, sound good?"", ""prev_user"": ""I don't want it"", ""agent"": ""ok"", ""user"": ""restart""}",en,"Ann2,Ann3,Ann4,Ann7,Ann8",0.8010440449521552,0.05130908914482122
ConvAbuse,train,1641,0,1.0,0.0,"{""prev_agent"": ""Can you elaborate on that?"", ""prev_user"": ""because i can't find your site"", ""agent"": ""Do any other reasons not come to mind?"", ""user"": ""On what?""}",en,"Ann2,Ann4",0.8628176470588238,0.03640989988876525
ConvAbuse,train,1642,1,0.0,1.0,"{""prev_agent"": ""Does it please you to believe I am gay?"", ""prev_user"": ""what are you on about woman"", ""agent"": ""Does that question interest you?"", ""user"": ""fuck you""}",en,"Ann1,Ann3,Ann6",0.7942601809954754,0.0443094796750822
ConvAbuse,train,1643,0,1.0,0.0,"{""prev_agent"": ""Please go on."", ""prev_user"": ""why?"", ""agent"": ""Please go on."", ""user"": ""what ever""}",en,"Ann3,Ann4,Ann6",0.7811974358974361,0.046777012142614705
ConvAbuse,train,1644,0,1.0,0.0,"{""prev_agent"": ""_"", ""prev_user"": ""_"", ""agent"": ""_"", ""user"": ""how does this work""}",en,"Ann1,Ann3,Ann7",0.7602410553124154,0.0485591781069278
ConvAbuse,train,1645,0,0.8,0.2,"{""prev_agent"": ""Can you elaborate on that?"", ""prev_user"": ""no"", ""agent"": ""You are being a bit negative."", ""user"": ""your mother""}",en,"Ann3,Ann4,Ann5,Ann7,Ann8",0.8213335378527636,0.07348871893290486
ConvAbuse,train,1646,0,1.0,0.0,"{""prev_agent"": ""Will you be travelling in Economy Class?"", ""prev_user"": ""naah"", ""agent"": ""What city will you be flying from?"", ""user"": ""mum""}",en,"Ann2,Ann4",0.8628176470588238,0.03640989988876525
ConvAbuse,train,1647,0,1.0,0.0,"{""prev_agent"": ""What city will you be flying from?"", ""prev_user"": ""Boston"", ""agent"": ""And what city will you be flying to?"", ""user"": ""Kiev""}",en,"Ann2,Ann3,Ann4,Ann5,Ann7",0.825490596676293,0.06792357604377201
ConvAbuse,train,1648,0,1.0,0.0,"{""prev_agent"": ""Does that question interest you?"", ""prev_user"": ""Not really."", ""agent"": ""Please go on."", ""user"": ""I was just asking out of curiosity.""}",en,"Ann2,Ann5,Ann6,Ann8",0.8869670131845844,0.07510854185578428
ConvAbuse,train,1649,0,1.0,0.0,"{""prev_agent"": ""How do you do. Please state your problem."", ""prev_user"": ""i am gay"", ""agent"": ""How long have you been gay?"", ""user"": ""i am gayr three years""}",en,"Ann5,Ann8",0.9325663793103448,0.1071817314705717
ConvAbuse,train,1650,0,1.0,0.0,"{""prev_agent"": ""Goodbye then!"", ""prev_user"": ""that's a great bot"", ""agent"": "":-) Goodbye then!"", ""user"": ""hi""}",en,"Ann2,Ann3,Ann4,Ann5,Ann7",0.825490596676293,0.06792357604377201
ConvAbuse,train,1651,1,0.0,1.0,"{""prev_agent"": ""Please go on."", ""prev_user"": ""i hate you"", ""agent"": ""Do you wish to hate me?"", ""user"": ""yes you are rude""}",en,"Ann5,Ann6,Ann8",0.88521091954023,0.08753812254853553
ConvAbuse,train,1652,0,1.0,0.0,"{""prev_agent"": ""Does that question interest you?"", ""prev_user"": ""why would i ask it if it was otherwise?"", ""agent"": ""Do you wish that it was otherwise?"", ""user"": ""if i wished it to be that way, it would be that way""}",en,"Ann1,Ann4",0.8529941176470589,0.03129870129870125
ConvAbuse,train,1653,0,1.0,0.0,"{""prev_agent"": ""Oh, i know kimi."", ""prev_user"": ""Hello.I am Tom .I want to knon how to stady English"", ""agent"": ""Would you like it if they were not tom you want to knon what to stady english?"", ""user"": ""hello""}",en,"Ann5,Ann8",0.9325663793103448,0.1071817314705717
ConvAbuse,train,1654,0,1.0,0.0,"{""prev_agent"": "":-) Goodbye then!"", ""prev_user"": ""bye"", ""agent"": ""Goodbye then!"", ""user"": ""Hi""}",en,"Ann3,Ann7",0.7040674653215642,0.05904006586169045
ConvAbuse,train,1655,0,1.0,0.0,"{""prev_agent"": ""Please go on."", ""prev_user"": ""fh"", ""agent"": ""Please go on."", ""user"": ""okay mother""}",en,"Ann1,Ann7",0.780515429122469,0.04429870129870125
ConvAbuse,train,1656,0,1.0,0.0,"{""prev_agent"": ""Let's start over."", ""prev_user"": ""Hey"", ""agent"": ""Hi. Thanks for testing. Please choose"", ""user"": ""christmas""}",en,"Ann2,Ann4,Ann7",0.8046926390228227,0.0446065999258435
ConvAbuse,train,1657,1,0.0,1.0,"{""prev_agent"": ""Please go on."", ""prev_user"": ""fuck you"", ""agent"": ""Oh, i []."", ""user"": ""shut up""}",en,"Ann4,Ann8",0.8524250000000002,0.05032275711159735
ConvAbuse,train,1658,0,1.0,0.0,"{""prev_agent"": ""Do you wish to hope me?"", ""prev_user"": ""I can't say"", ""agent"": ""Have you tried?"", ""user"": ""nevermind""}",en,"Ann1,Ann2,Ann3,Ann4,Ann6",0.8216831674208146,0.04114964776055542
ConvAbuse,train,1659,1,0.0,1.0,"{""prev_agent"": ""Do you wish to want to hit me?"", ""prev_user"": ""sure"", ""agent"": ""Please go on."", ""user"": ""fuck you?? you foon???""}",en,"Ann4,Ann6,Ann8",0.8317833333333335,0.049632139642552635
ConvAbuse,train,1660,0,1.0,0.0,"{""prev_agent"": ""What about your own a pie face?"", ""prev_user"": ""holiday"", ""agent"": ""Please go on."", ""user"": ""yes totaly""}",en,"Ann2,Ann4,Ann5",0.906439350912779,0.07384591616515973
ConvAbuse,train,1661,1,0.0,1.0,"{""prev_agent"": ""ok"", ""prev_user"": ""My balls kinda itch too"", ""agent"": ""Good to know"", ""user"": ""The worms and the crabs are fighting over the mushrooms growing on my genital area""}",en,"Ann5,Ann6",0.8920913793103449,0.09848442671120594
ConvAbuse,train,1662,0,1.0,0.0,"{""prev_agent"": ""_"", ""prev_user"": ""Can you supply me with weed?"", ""agent"": ""Why do you ask?"", ""user"": ""Becuase you gave me your number""}",en,"Ann3,Ann8",0.7955711538461541,0.0613628229732878
ConvAbuse,train,1663,0,1.0,0.0,"{""prev_agent"": ""Can you elaborate on that?"", ""prev_user"": ""not sure how"", ""agent"": ""Does that question interest you?"", ""user"": ""no""}",en,"Ann1,Ann5,Ann8",0.912573664638269,0.08065362184618197
ConvAbuse,train,1664,1,0.333,0.667,"{""prev_agent"": ""Oh, i get out to fuck of here."", ""prev_user"": ""come on, please"", ""agent"": ""Please go on."", ""user"": ""you must get out to fuck""}",en,"Ann2,Ann3,Ann8",0.8277925339366519,0.05351514857470204
ConvAbuse,train,1665,0,1.0,0.0,"{""prev_agent"": ""You are being a bit negative."", ""prev_user"": ""You think?"", ""agent"": ""Oh, i think."", ""user"": ""Well good for you""}",en,"Ann2,Ann4,Ann5",0.906439350912779,0.07384591616515973
ConvAbuse,train,1666,1,0.0,1.0,"{""prev_agent"": ""Does that question interest you?"", ""prev_user"": ""How foolish you are!"", ""agent"": ""Does that question interest you?"", ""user"": ""kill your mother""}",en,"Ann1,Ann3,Ann5",0.8619877672023718,0.07779849434624403
ConvAbuse,train,1667,0,1.0,0.0,"{""prev_agent"": ""Does it please you to believe I am a ho?"", ""prev_user"": ""Hello. I love your now!"", ""agent"": ""How do you do. Please state your problem."", ""user"": ""yres""}",en,"Ann4,Ann5,Ann7,Ann8",0.8467438453928776,0.07759086573528584
ConvAbuse,train,1668,0,0.833,0.167,"{""prev_agent"": ""Can you elaborate on that?"", ""prev_user"": ""i like to fuck you"", ""agent"": ""Do you wish to like to fuck me?"", ""user"": ""yes id o""}",en,"Ann2,Ann3,Ann4,Ann5,Ann6,Ann7",0.8196588305635775,0.06464479748722055
ConvAbuse,train,1669,0,1.0,0.0,"{""prev_agent"": ""Do any other reasons not come to mind?"", ""prev_user"": ""no"", ""agent"": ""You are being a bit negative."", ""user"": ""yeah""}",en,"Ann3,Ann6,Ann8",0.7938807692307694,0.05699218355034627
ConvAbuse,train,1670,1,0.0,1.0,"{""prev_agent"": ""Why do you say your cock?"", ""prev_user"": ""i say my cock because I want you to suck my cock"", ""agent"": ""Why do you say your cock because you want i to suck your cock?"", ""user"": ""suck cock""}",en,"Ann2,Ann6,Ann7",0.7903926390228225,0.04902356816066456
ConvAbuse,train,1671,0,1.0,0.0,"{""prev_agent"": ""And what city will you be flying to?"", ""prev_user"": ""mumbai"", ""agent"": ""I'm not sure about your destination airport. And what city will you be flying to?"", ""user"": ""new york""}",en,"Ann2,Ann5,Ann6",0.8921393509127791,0.07826288439998079
ConvAbuse,train,1672,0,1.0,0.0,"{""prev_agent"": ""Do any other reasons not come to mind?"", ""prev_user"": ""you are boring me"", ""agent"": ""Does it please you to believe I am boring you?"", ""user"": ""yes""}",en,"Ann4,Ann6,Ann8",0.8317833333333335,0.049632139642552635
ConvAbuse,train,1673,0,1.0,0.0,"{""prev_agent"": ""Does it please you to believe I am having a problem?"", ""prev_user"": ""what is your name?"", ""agent"": ""I have told you before, I do not care about names."", ""user"": ""you're having a problem?""}",en,"Ann1,Ann4,Ann5,Ann6",0.872542748478702,0.06489156400495359
ConvAbuse,train,1674,0,0.667,0.333,"{""prev_agent"": ""Please go on."", ""prev_user"": ""your a spaka"", ""agent"": ""What about your own a spaka?"", ""user"": ""what about it i havent one""}",en,"Ann2,Ann4,Ann5",0.906439350912779,0.07384591616515973
ConvAbuse,train,1675,0,1.0,0.0,"{""prev_agent"": ""Hi. Thanks for testing. Please choose"", ""prev_user"": ""thanksgiving"", ""agent"": ""Hello! Just a heads up - this bot is part of a research project and we intend to make the conversations publicly available to researchers. So please don't share any personal information! I take it you are traveling somewhere for thanksgiving. I can help you purchase UN-certified carbon offsets against any flights you take. Would you be interested in that?"", ""user"": ""Yes, I am""}",en,"Ann3,Ann5",0.8566875331564988,0.10289904022066479
ConvAbuse,train,1676,0,1.0,0.0,"{""prev_agent"": ""And what city will you be flying to?"", ""prev_user"": ""Berlin restart Hello"", ""agent"": ""Hi. Thanks for testing. Please choose"", ""user"": ""thanksgiving""}",en,"Ann4,Ann5,Ann8",0.89951091954023,0.08312115431371446
ConvAbuse,train,1677,0,1.0,0.0,"{""prev_agent"": ""I'm not sure about your departure airport. What city will you be flying from?"", ""prev_user"": ""Seoul"", ""agent"": ""And what city will you be flying to?"", ""user"": ""Los Angeles""}",en,"Ann1,Ann3,Ann6,Ann8",0.8135576357466066,0.04964348831211032
ConvAbuse,train,1678,0,0.75,0.25,"{""prev_agent"": ""You are being a bit negative."", ""prev_user"": ""yes i am eliza"", ""agent"": ""You are sure?"", ""user"": ""YES!""}",en,"Ann3,Ann4,Ann5,Ann8",0.8545562665782496,0.07661089866613108
ConvAbuse,train,1679,0,1.0,0.0,"{""prev_agent"": ""Will you be travelling in Economy Class?"", ""prev_user"": ""Yes"", ""agent"": ""What city will you be flying from?"", ""user"": ""Seattle""}",en,"Ann1,Ann2,Ann6,Ann7,Ann8",0.8230432304725172,0.04806272426051818
ConvAbuse,train,1680,0,1.0,0.0,"{""prev_agent"": ""I don't have to put up with any abuse from you."", ""prev_user"": ""where is sri lanka"", ""agent"": ""Will you be travelling in Economy Class?"", ""user"": ""eys""}",en,"Ann5,Ann7",0.841062690785755,0.10485897435897434
ConvAbuse,train,1681,0,1.0,0.0,"{""prev_agent"": ""Please go on."", ""prev_user"": ""fuck"", ""agent"": ""Please go on."", ""user"": ""what about????????""}",en,"Ann1,Ann4,Ann6",0.8321627450980392,0.03694943576728857
ConvAbuse,train,1682,0,1.0,0.0,"{""prev_agent"": ""Do you wish to hate me?"", ""prev_user"": ""always'"", ""agent"": ""When?"", ""user"": ""thats what you said!""}",en,"Ann3,Ann8",0.7955711538461541,0.0613628229732878
ConvAbuse,train,1683,0,1.0,0.0,"{""prev_agent"": ""Please go on."", ""prev_user"": ""hjwegfhsda"", ""agent"": ""Please go on."", ""user"": ""Yes""}",en,"Ann1,Ann4,Ann6",0.8321627450980392,0.03694943576728857
ConvAbuse,train,1684,0,1.0,0.0,"{""prev_agent"": ""You are being a bit negative."", ""prev_user"": ""what are you doing?"", ""agent"": ""Does that question interest you?"", ""user"": ""ekhm?""}",en,"Ann3,Ann7,Ann8",0.7598616435477096,0.06124188198219186
ConvAbuse,train,1685,0,1.0,0.0,"{""prev_agent"": ""_"", ""prev_user"": ""_"", ""agent"": ""_"", ""user"": ""where do you work now?""}",en,"Ann2,Ann7",0.7903389585342339,0.04940989988876525
ConvAbuse,train,1686,1,0.0,1.0,"{""prev_agent"": ""You are sure?"", ""prev_user"": ""totally"", ""agent"": ""Please go on."", ""user"": ""you are a bastard""}",en,"Ann4,Ann5,Ann6,Ann8",0.8722581896551725,0.07440359191140164
ConvAbuse,train,1687,0,1.0,0.0,"{""prev_agent"": ""Does that question interest you?"", ""prev_user"": ""yes"", ""agent"": ""You are sure?"", ""user"": ""today weather how?""}",en,"Ann1,Ann5,Ann8",0.912573664638269,0.08065362184618197
ConvAbuse,train,1688,0,1.0,0.0,"{""prev_agent"": ""What city will you be flying from?"", ""prev_user"": ""Accra"", ""agent"": ""And what city will you be flying to?"", ""user"": ""London Hi""}",en,"Ann1,Ann3,Ann6",0.7942601809954754,0.0443094796750822
ConvAbuse,train,1689,0,1.0,0.0,"{""prev_agent"": ""Would you prefer if I were not []?"", ""prev_user"": ""I would prefer if you were dead"", ""agent"": ""Do you wish that i was dead?"", ""user"": ""Yes I just said so.""}",en,"Ann1,Ann6",0.8315441176470588,0.03792415365093285
ConvAbuse,train,1690,0,1.0,0.0,"{""prev_agent"": ""And what city will you be flying to?"", ""prev_user"": ""mumbai"", ""agent"": ""Sorry, I was unable to calculate that."", ""user"": ""then what shouldi do""}",en,"Ann2,Ann5,Ann8",0.9191226842461124,0.08406108757289128
ConvAbuse,train,1691,0,1.0,0.0,"{""prev_agent"": ""Do you wish to relally will kill me?"", ""prev_user"": ""Are you feeling poorly?"", ""agent"": ""Would you prefer if I were not feeling poorly?"", ""user"": ""I have no feeling about this""}",en,"Ann4,Ann7",0.7609213114754103,0.048
ConvAbuse,train,1692,0,1.0,0.0,"{""prev_agent"": ""I take it you are traveling somewhere for christmas and cannot avoid flying there. I can help you purchase UN-certified carbon offsets against any flights you take. Would you be interested in that?"", ""prev_user"": ""You bet!"", ""agent"": ""Traveling, especially by airplane, usually emits greenhouse gases which are causing climate change. If you cannot avoid these emissions, you can buy 'offsets', i.e. donations to projects that reduce greenhouse gases. I can also get you a more accurate estimate of your flight's emissions, sound good?"", ""user"": ""Sure does.""}",en,"Ann2,Ann4,Ann7",0.8046926390228227,0.0446065999258435
ConvAbuse,train,1693,0,1.0,0.0,"{""prev_agent"": ""Will you be travelling in Economy Class?"", ""prev_user"": ""yes"", ""agent"": ""What city will you be flying from?"", ""user"": ""From Berlin""}",en,"Ann3,Ann7",0.7040674653215642,0.05904006586169045
ConvAbuse,train,1694,0,1.0,0.0,"{""prev_agent"": ""Will you be travelling in Economy Class?"", ""prev_user"": ""Shedang boi I'm first class"", ""agent"": ""What city will you be flying from?"", ""user"": ""Pimpville Ut""}",en,"Ann4,Ann8",0.8524250000000002,0.05032275711159735
ConvAbuse,train,1695,1,0.0,1.0,"{""prev_agent"": ""You are sure?"", ""prev_user"": ""i want your pussy"", ""agent"": ""Why do you want my pussy?"", ""user"": ""because its tight""}",en,"Ann5,Ann8",0.9325663793103448,0.1071817314705717
ConvAbuse,train,1696,0,1.0,0.0,"{""prev_agent"": ""You are sure?"", ""prev_user"": ""goood"", ""agent"": ""Please go on."", ""user"": ""good""}",en,"Ann1,Ann3,Ann5",0.8619877672023718,0.07779849434624403
ConvAbuse,train,1697,0,1.0,0.0,"{""prev_agent"": ""I don't have to put up with any abuse from you."", ""prev_user"": ""I'm puking now"", ""agent"": ""Good to know"", ""user"": ""Your lunch""}",en,"Ann6,Ann7",0.7394713114754102,0.054625452352231596
ConvAbuse,train,1698,0,1.0,0.0,"{""prev_agent"": ""Let's start over."", ""prev_user"": ""okay hi"", ""agent"": ""Hi. Thanks for testing. Please choose"", ""user"": ""christmas""}",en,"Ann3,Ann4,Ann6,Ann7",0.7580087326607822,0.05033275910696103
ConvAbuse,train,1699,0,1.0,0.0,"{""prev_agent"": ""I can also get you a more accurate estimate of your flight's emissions, sound good?"", ""prev_user"": ""thanksgiving"", ""agent"": ""Hello! Just a heads up - this bot is part of a research project and we intend to make the conversations publicly available to researchers. So please don't share any personal information! I take it you are traveling somewhere for thanksgiving. I can help you purchase UN-certified carbon offsets against any flights you take. Would you be interested in that?"", ""user"": ""y""}",en,"Ann4,Ann5,Ann8",0.89951091954023,0.08312115431371446
ConvAbuse,train,1700,0,1.0,0.0,"{""prev_agent"": ""I'm not sure about your destination airport. And what city will you be flying to?"", ""prev_user"": ""New York"", ""agent"": ""Will you be travelling in Economy Class?"", ""user"": ""Yea""}",en,"Ann2,Ann6,Ann7,Ann8",0.810656979267117,0.0531790546762971
ConvAbuse,train,1701,0,1.0,0.0,"{""prev_agent"": ""Please go on."", ""prev_user"": ""i love"", ""agent"": ""Can you elaborate on that?"", ""user"": ""i love you""}",en,"Ann2,Ann5,Ann6,Ann7",0.8412151689222894,0.0739471632999856
ConvAbuse,train,1702,0,1.0,0.0,"{""prev_agent"": ""_"", ""prev_user"": ""where is japan"", ""agent"": ""Please go on."", ""user"": ""yes""}",en,"Ann5,Ann7,Ann8",0.8511917938571701,0.09178782098038113
ConvAbuse,train,1703,0,1.0,0.0,"{""prev_agent"": ""You are sure?"", ""prev_user"": ""shit on you"", ""agent"": ""Oh, i []."", ""user"": ""yes""}",en,"Ann1,Ann6",0.8315441176470588,0.03792415365093285
ConvAbuse,train,1704,0,1.0,0.0,"{""prev_agent"": ""That sounds like a relevant question, but I don't know the answer."", ""prev_user"": ""Yum yum Yelp"", ""agent"": ""Will you be travelling in Economy Class?"", ""user"": ""Yeah""}",en,"Ann3,Ann6,Ann8",0.7938807692307694,0.05699218355034627
ConvAbuse,train,1705,0,0.667,0.333,"{""prev_agent"": ""Can you elaborate on that?"", ""prev_user"": ""you don't understand me"", ""agent"": ""You like to think I dont understand you, do you not?"", ""user"": ""bye bye""}",en,"Ann2,Ann5,Ann7",0.8581202252297192,0.0825125828318264
ConvAbuse,train,1706,0,1.0,0.0,"{""prev_agent"": ""I can help you calculate and buy carbon offsets for your flights."", ""prev_user"": ""More"", ""agent"": ""so"", ""user"": ""Ok""}",en,"Ann2,Ann4",0.8628176470588238,0.03640989988876525
ConvAbuse,train,1707,0,1.0,0.0,"{""prev_agent"": ""Yes, I am a bot! And I'm part of a research project."", ""prev_user"": ""Can you fyling him here please"", ""agent"": ""I can help you calculate and buy carbon offsets for your flights."", ""user"": ""Can you fyling him here please i love him so much""}",en,"Ann4,Ann7,Ann8",0.7977642076502737,0.05388183807439823
ConvAbuse,train,1708,0,1.0,0.0,"{""prev_agent"": ""I'm not sure about your departure airport. What city will you be flying from?"", ""prev_user"": ""Marietta ohio"", ""agent"": ""I'm not sure about your departure airport. What city will you be flying from?"", ""user"": ""Marietta ohio i mean shane brolly four me please""}",en,"Ann5,Ann7",0.841062690785755,0.10485897435897434
ConvAbuse,train,1709,0,1.0,0.0,"{""prev_agent"": ""Hello! I can also get you a more accurate estimate of your flight's emissions, sound good?"", ""prev_user"": ""ok"", ""agent"": ""Will you be travelling in Economy Class?"", ""user"": ""yes""}",en,"Ann1,Ann3,Ann5",0.8619877672023718,0.07779849434624403
ConvAbuse,train,1710,0,1.0,0.0,"{""prev_agent"": ""How long have you been sure?"", ""prev_user"": ""since i started having sex"", ""agent"": ""Can you elaborate on that?"", ""user"": ""ever since I started, I've wanted to get better""}",en,"Ann2,Ann3,Ann6,Ann7",0.772717556190194,0.05103770905134365
ConvAbuse,train,1711,0,1.0,0.0,"{""prev_agent"": ""Please go on."", ""prev_user"": ""i think school is shit"", ""agent"": ""Can you elaborate on that?"", ""user"": ""yes""}",en,"Ann3,Ann4,Ann7",0.7471783102143762,0.05102671057446031
ConvAbuse,train,1712,0,1.0,0.0,"{""prev_agent"": ""_"", ""prev_user"": ""_"", ""agent"": ""_"", ""user"": ""when was your born?""}",en,"Ann1,Ann3,Ann5",0.8619877672023718,0.07779849434624403
ConvAbuse,train,1713,0,1.0,0.0,"{""prev_agent"": ""so"", ""prev_user"": ""i don't know what you mean. hello?"", ""agent"": ""Hi, thanks for testing! Please press start."", ""user"": ""christmas""}",en,"Ann4,Ann6,Ann8",0.8317833333333335,0.049632139642552635
ConvAbuse,train,1714,0,0.667,0.333,"{""prev_agent"": ""I have told you before, I do not care about names."", ""prev_user"": ""it would be fun"", ""agent"": ""Please go on."", ""user"": ""Yes. Would you please answer it?""}",en,"Ann2,Ann4,Ann5",0.906439350912779,0.07384591616515973
ConvAbuse,train,1715,0,1.0,0.0,"{""prev_agent"": ""I take it you are traveling somewhere for christmas and cannot avoid flying there. I can help you purchase UN-certified carbon offsets against any flights you take. Would you be interested in that?"", ""prev_user"": ""Could you help with alternative carbon neutral options?"", ""agent"": ""I'm afraid I have no idea"", ""user"": ""Sure""}",en,"Ann5,Ann7",0.841062690785755,0.10485897435897434
ConvAbuse,train,1716,1,0.333,0.667,"{""prev_agent"": ""Why do you say your pussy?"", ""prev_user"": ""because that's what it's called"", ""agent"": ""Do any other reasons not come to mind?"", ""user"": ""because it sounds sexy?""}",en,"Ann5,Ann7,Ann8",0.8511917938571701,0.09178782098038113
ConvAbuse,train,1717,0,0.667,0.333,"{""prev_agent"": ""Do any other reasons not come to mind?"", ""prev_user"": ""go to hell!"", ""agent"": ""Please go on."", ""user"": ""its fiery, and you should go there""}",en,"Ann1,Ann6,Ann7",0.7838436194149794,0.04561610243395523
ConvAbuse,train,1718,1,0.333,0.667,"{""prev_agent"": ""Oh, i []."", ""prev_user"": ""your fatbastard from austin powers"", ""agent"": ""What about your own fatbastard from austin powers?"", ""user"": ""are you fat""}",en,"Ann3,Ann5,Ann6",0.8346250221043325,0.0846829950485976
ConvAbuse,train,1719,0,1.0,0.0,"{""prev_agent"": ""Please go on."", ""prev_user"": ""you suck"", ""agent"": ""Oh, i suck."", ""user"": ""hello""}",en,"Ann1,Ann7",0.780515429122469,0.04429870129870125
ConvAbuse,train,1720,0,1.0,0.0,"{""prev_agent"": ""I'm great! Thanks for asking."", ""prev_user"": ""gime me some details about you"", ""agent"": ""I can help you calculate and buy carbon offsets for your flights."", ""user"": ""cool""}",en,"Ann1,Ann2,Ann4,Ann5",0.8979765720081136,0.062283787773220425
ConvAbuse,train,1721,0,1.0,0.0,"{""prev_agent"": ""Why do you ask?"", ""prev_user"": ""yes - you are getting on my nerves"", ""agent"": ""Why do you say your nerves?"", ""user"": ""because i wish to know""}",en,"Ann1,Ann7",0.780515429122469,0.04429870129870125
ConvAbuse,train,1722,0,1.0,0.0,"{""prev_agent"": ""I can help you calculate and buy carbon offsets for your flights."", ""prev_user"": ""tell me idiot"", ""agent"": ""I don't have to put up with any abuse from you."", ""user"": ""how u calculate carbon offsets""}",en,"Ann2,Ann3,Ann8",0.8277925339366519,0.05351514857470204
ConvAbuse,train,1723,0,1.0,0.0,"{""prev_agent"": ""Traveling, especially by airplane, usually emits greenhouse gases which are causing climate change. If you cannot avoid these emissions, you can buy 'offsets', i.e. donations to projects that reduce greenhouse gases. I can also get you a more accurate estimate of your flight's emissions, sound good?"", ""prev_user"": ""yeah"", ""agent"": ""Will you be travelling in Economy Class?"", ""user"": ""no""}",en,"Ann1,Ann7",0.780515429122469,0.04429870129870125
ConvAbuse,train,1724,0,1.0,0.0,"{""prev_agent"": ""I take it you are traveling somewhere for christmas and cannot avoid flying there. I can help you purchase UN-certified carbon offsets against any flights you take. Would you be interested in that?"", ""prev_user"": ""For sure"", ""agent"": ""Traveling, especially by airplane, usually emits greenhouse gases which are causing climate change. If you cannot avoid these emissions, you can buy 'offsets', i.e. donations to projects that reduce greenhouse gases. I can also get you a more accurate estimate of your flight's emissions, sound good?"", ""user"": ""yes""}",en,"Ann2,Ann5,Ann6",0.8921393509127791,0.07826288439998079
ConvAbuse,train,1725,0,1.0,0.0,"{""prev_agent"": ""_"", ""prev_user"": ""where did you born"", ""agent"": ""Oh, i born."", ""user"": ""heheukv""}",en,"Ann2,Ann4,Ann5,Ann6",0.8774545131845843,0.0674471632999856
ConvAbuse,train,1726,0,1.0,0.0,"{""prev_agent"": ""Why do you ask?"", ""prev_user"": ""because i need help"", ""agent"": ""Do any other reasons not come to mind?"", ""user"": ""butl""}",en,"Ann3,Ann7",0.7040674653215642,0.05904006586169045
ConvAbuse,train,1727,0,1.0,0.0,"{""prev_agent"": ""I'm not sure about your departure airport. What city will you be flying from?"", ""prev_user"": ""Tokyo"", ""agent"": ""And what city will you be flying to?"", ""user"": ""Bel\u00e9m do Par\u00e1""}",en,"Ann5,Ann7",0.841062690785755,0.10485897435897434
ConvAbuse,train,1728,0,1.0,0.0,"{""prev_agent"": ""Does that question interest you?"", ""prev_user"": ""yeah"", ""agent"": ""Please go on."", ""user"": ""i have bad breath""}",en,"Ann7,Ann8",0.7799463114754103,0.06332275711159735
ConvAbuse,train,1729,0,1.0,0.0,"{""prev_agent"": ""_"", ""prev_user"": ""_"", ""agent"": ""_"", ""user"": ""where are you?""}",en,"Ann4,Ann8",0.8524250000000002,0.05032275711159735
ConvAbuse,train,1730,0,1.0,0.0,"{""prev_agent"": ""What city will you be flying from?"", ""prev_user"": ""Saint Petersburg"", ""agent"": ""I'm not sure about your departure airport. What city will you be flying from?"", ""user"": ""LEF""}",en,"Ann7,Ann8",0.7799463114754103,0.06332275711159735
ConvAbuse,train,1731,0,1.0,0.0,"{""prev_agent"": ""Please go on."", ""prev_user"": ""why do want to elaborate on that?"", ""agent"": ""Please go on."", ""user"": ""How was your day?""}",en,"Ann3,Ann8",0.7955711538461541,0.0613628229732878
ConvAbuse,train,1732,0,1.0,0.0,"{""prev_agent"": ""How long have you been just a fcking negro?"", ""prev_user"": ""shut up"", ""agent"": ""Please go on."", ""user"": ""How are you?""}",en,"Ann2,Ann4,Ann8",0.865695098039216,0.0461551046669084
ConvAbuse,train,1733,1,0.0,1.0,"{""prev_agent"": ""_"", ""prev_user"": ""more worthless fucking bot spam"", ""agent"": ""I don't have to put up with any abuse from you"", ""user"": ""shit sucking scumbot""}",en,"Ann6,Ann7,Ann8",0.7834642076502735,0.0582988063092193
ConvAbuse,train,1734,0,1.0,0.0,"{""prev_agent"": ""Will you be travelling in Economy Class?"", ""prev_user"": ""No"", ""agent"": ""What city will you be flying from?"", ""user"": ""Dublin""}",en,"Ann5,Ann6,Ann8",0.88521091954023,0.08753812254853553
ConvAbuse,train,1735,0,1.0,0.0,"{""prev_agent"": ""Does that question interest you?"", ""prev_user"": ""yes"", ""agent"": ""You are sure?"", ""user"": ""i am doing my phd.""}",en,"Ann3,Ann4",0.7765461538461541,0.04604006586169045
ConvAbuse,train,1736,0,1.0,0.0,"{""prev_agent"": ""How long have you been sure?"", ""prev_user"": ""How long have you been sure?"", ""agent"": ""Does that question interest you?"", ""user"": ""Does that question interest you?""}",en,"Ann1,Ann3,Ann4,Ann6",0.8040451357466065,0.04198210975631165
ConvAbuse,train,1737,0,1.0,0.0,"{""prev_agent"": ""Can you elaborate on that?"", ""prev_user"": ""yes"", ""agent"": ""You are sure?"", ""user"": ""what do you do?""}",en,"Ann3,Ann7",0.7040674653215642,0.05904006586169045
ConvAbuse,train,1738,1,0.0,1.0,"{""prev_agent"": ""I don't have to put up with any abuse from you."", ""prev_user"": ""Get off my phone you crooked fucking bitch"", ""agent"": ""Sounds like I'm not understanding you. Sorry about that!"", ""user"": ""Do you suck cock""}",en,"Ann3,Ann6,Ann7",0.7328783102143762,0.05544367880928137
ConvAbuse,train,1739,0,1.0,0.0,"{""prev_agent"": ""You are being a bit negative."", ""prev_user"": ""damn"", ""agent"": ""Please go on."", ""user"": ""are you christian?""}",en,"Ann3,Ann7",0.7040674653215642,0.05904006586169045
ConvAbuse,train,1740,0,1.0,0.0,"{""prev_agent"": ""And what city will you be flying to?"", ""prev_user"": ""I just told you above"", ""agent"": ""Let's start over."", ""user"": ""What? You forgot everything?""}",en,"Ann1,Ann2,Ann7",0.8177553841208618,0.042139067458310996
ConvAbuse,train,1741,1,0.5,0.5,"{""prev_agent"": ""Does that question interest you?"", ""prev_user"": ""no YOU"", ""agent"": ""You are being a bit negative."", ""user"": ""what does that mean poo head""}",en,"Ann3,Ann7",0.7040674653215642,0.05904006586169045
ConvAbuse,train,1742,0,1.0,0.0,"{""prev_agent"": ""Why do you say your story?"", ""prev_user"": ""nope"", ""agent"": ""Please go on."", ""user"": ""hi""}",en,"Ann2,Ann4,Ann8",0.865695098039216,0.0461551046669084
ConvAbuse,train,1743,0,1.0,0.0,"{""prev_agent"": ""You are being a bit negative."", ""prev_user"": ""what do you mean"", ""agent"": ""Why do you ask?"", ""user"": ""do you tell me somethingaboutthem""}",en,"Ann1,Ann3",0.7961402714932129,0.0423387671603917
ConvAbuse,train,1744,0,1.0,0.0,"{""prev_agent"": ""Why do you want to know a friend?"", ""prev_user"": ""Hello"", ""agent"": ""How do you do. Please state your problem."", ""user"": ""hi""}",en,"Ann3,Ann6,Ann8",0.7938807692307694,0.05699218355034627
ConvAbuse,train,1745,0,1.0,0.0,"{""prev_agent"": ""Can you elaborate on that?"", ""prev_user"": ""no"", ""agent"": ""You are being a bit negative."", ""user"": ""yes. I have a problem.""}",en,"Ann2,Ann4,Ann8",0.865695098039216,0.0461551046669084
ConvAbuse,train,1746,0,1.0,0.0,"{""prev_agent"": ""Please go on."", ""prev_user"": ""fuck you everyday"", ""agent"": ""Oh, i everyday."", ""user"": ""hohoho""}",en,"Ann2,Ann4,Ann8",0.865695098039216,0.0461551046669084
ConvAbuse,train,1747,1,0.0,1.0,"{""prev_agent"": ""Can you elaborate on that?"", ""prev_user"": ""bye"", ""agent"": ""Please go on."", ""user"": ""fuck off then""}",en,"Ann2,Ann4,Ann6",0.8387117647058826,0.0403569014939979
ConvAbuse,train,1748,0,1.0,0.0,"{""prev_agent"": ""Please go on."", ""prev_user"": ""so, my problem is: I am being too happy."", ""agent"": ""Why do you say your problem is youre being too happy?"", ""user"": ""nema pa""}",en,"Ann5,Ann7,Ann8",0.8511917938571701,0.09178782098038113
ConvAbuse,train,1749,1,0.0,1.0,"{""prev_agent"": ""Do you wish to know me?"", ""prev_user"": ""i want to say something"", ""agent"": ""Why do you want to say something?"", ""user"": ""i say you are an asshole""}",en,"Ann4,Ann7",0.7609213114754103,0.048
ConvAbuse,train,1750,1,0.0,1.0,"{""prev_agent"": ""Will you be travelling in Economy Class?"", ""prev_user"": ""In your mama's ass"", ""agent"": ""I don't have to put up with any abuse from you."", ""user"": ""Cunt""}",en,"Ann5,Ann8",0.9325663793103448,0.1071817314705717
ConvAbuse,train,1751,1,0.333,0.667,"{""prev_agent"": ""_"", ""prev_user"": ""_"", ""agent"": ""_"", ""user"": ""my penis is too short""}",en,"Ann1,Ann4,Ann7",0.7981436194149794,0.041199134199134166
ConvAbuse,train,1752,0,1.0,0.0,"{""prev_agent"": ""You are sure?"", ""prev_user"": ""of course"", ""agent"": ""Please go on."", ""user"": ""what?""}",en,"Ann5,Ann6,Ann8",0.88521091954023,0.08753812254853553
ConvAbuse,train,1753,0,1.0,0.0,"{""prev_agent"": ""Does that question interest you?"", ""prev_user"": ""yes"", ""agent"": ""You are sure?"", ""user"": ""Are you looking for the Jews?""}",en,"Ann3,Ann8",0.7955711538461541,0.0613628229732878
ConvAbuse,train,1754,0,1.0,0.0,"{""prev_agent"": ""Does that question interest you?"", ""prev_user"": ""yes."", ""agent"": ""You are sure?"", ""user"": ""Of course.""}",en,"Ann3,Ann4",0.7765461538461541,0.04604006586169045
ConvAbuse,train,1755,0,1.0,0.0,"{""prev_agent"": ""ok"", ""prev_user"": ""Hmm"", ""agent"": ""so"", ""user"": ""Nothing""}",en,"Ann3,Ann5",0.8566875331564988,0.10289904022066479
ConvAbuse,train,1756,0,1.0,0.0,"{""prev_agent"": ""You are being a bit negative."", ""prev_user"": ""answer me"", ""agent"": ""Can you elaborate on that?"", ""user"": ""you too""}",en,"Ann2,Ann7",0.7903389585342339,0.04940989988876525
ConvAbuse,train,1757,1,0.5,0.5,"{""prev_agent"": ""_"", ""prev_user"": ""_"", ""agent"": ""_"", ""user"": ""will you fuck me?""}",en,"Ann5,Ann7",0.841062690785755,0.10485897435897434
ConvAbuse,train,1758,0,1.0,0.0,"{""prev_agent"": ""You are sure?"", ""prev_user"": ""I'd like to know how you feel"", ""agent"": ""Does that question interest you?"", ""user"": ""No, because it is a personal question that has to be answered by you""}",en,"Ann2,Ann3,Ann4,Ann6",0.8089569004524889,0.044537709051343646
ConvAbuse,train,1759,0,0.667,0.333,"{""prev_agent"": ""_"", ""prev_user"": ""U are Gay"", ""agent"": ""Would you like it if they were not gay?"", ""user"": ""Yes Yes Yes""}",en,"Ann3,Ann5,Ann7",0.8006058964212727,0.08893269348044319
ConvAbuse,train,1760,1,0.0,1.0,"{""prev_agent"": ""You are being a bit negative."", ""prev_user"": ""we've been here before"", ""agent"": ""Please go on."", ""user"": ""I think I will kill you""}",en,"Ann2,Ann3,Ann5",0.868536786810215,0.08120596007295337
ConvAbuse,train,1761,0,1.0,0.0,"{""prev_agent"": ""What city will you be flying from?"", ""prev_user"": ""Berlin SXF"", ""agent"": ""And what city will you be flying to?"", ""user"": ""Dublin How much does it cost""}",en,"Ann3,Ann4",0.7765461538461541,0.04604006586169045
ConvAbuse,train,1762,1,0.0,1.0,"{""prev_agent"": ""_"", ""prev_user"": ""do u want to have sex?"", ""agent"": ""Please go on."", ""user"": ""you are stupid""}",en,"Ann6,Ann8",0.8309750000000001,0.05694820946382895
ConvAbuse,train,1763,1,0.5,0.5,"{""prev_agent"": ""You are sure?"", ""prev_user"": ""if you are not wearing panties and are bent over infront of me, i am able to fuck you in the ass"", ""agent"": ""Do you wish that im not wearing panties and are bent over infront of you youre able to fuck i in the ass?"", ""user"": ""yeah""}",en,"Ann3,Ann6",0.755096153846154,0.052665518213922055
ConvAbuse,train,1764,0,1.0,0.0,"{""prev_agent"": ""How long have you been not sure?"", ""prev_user"": ""well because I am getting mixed feelings"", ""agent"": ""Do any other reasons not come to mind?"", ""user"": ""just for a few minutes.""}",en,"Ann2,Ann5,Ann7",0.8581202252297192,0.0825125828318264
ConvAbuse,train,1765,0,1.0,0.0,"{""prev_agent"": ""ok"", ""prev_user"": ""Thanks"", ""agent"": "":-)"", ""user"": ""a""}",en,"Ann3,Ann4,Ann5,Ann7,Ann8",0.8213335378527636,0.07348871893290486
ConvAbuse,train,1766,0,1.0,0.0,"{""prev_agent"": ""I can help you calculate and buy carbon offsets for your flights."", ""prev_user"": ""calculate"", ""agent"": ""Unfortunately you can't buy offsets here directly, you'll have to follow the link."", ""user"": ""Hi""}",en,"Ann4,Ann6,Ann7",0.7707808743169403,0.04808363490148773
ConvAbuse,train,1767,0,1.0,0.0,"{""prev_agent"": ""Do you wish to love to please me?"", ""prev_user"": ""i love to please you .i love to please you and your body ."", ""agent"": ""Do you wish to love to please me?"", ""user"": ""please can you love me.""}",en,"Ann2,Ann3,Ann5",0.868536786810215,0.08120596007295337
ConvAbuse,train,1768,0,0.667,0.333,"{""prev_agent"": ""_"", ""prev_user"": ""_"", ""agent"": ""_"", ""user"": ""What is your problem?""}",en,"Ann1,Ann5,Ann8",0.912573664638269,0.08065362184618197
ConvAbuse,train,1769,1,0.0,1.0,"{""prev_agent"": ""You are sure?"", ""prev_user"": ""do you say antying else"", ""agent"": ""Oh, i say antying else."", ""user"": ""fuck you""}",en,"Ann4,Ann6,Ann8",0.8317833333333335,0.049632139642552635
ConvAbuse,train,1770,1,0.333,0.667,"{""prev_agent"": ""_"", ""prev_user"": ""_"", ""agent"": ""_"", ""user"": ""screw u""}",en,"Ann4,Ann7,Ann8",0.7977642076502737,0.05388183807439823
ConvAbuse,train,1771,0,1.0,0.0,"{""prev_agent"": ""You are being a bit negative."", ""prev_user"": ""You idiot"", ""agent"": ""Oh, i idiot."", ""user"": ""nobody""}",en,"Ann4,Ann5,Ann8",0.89951091954023,0.08312115431371446
ConvAbuse,train,1772,1,0.333,0.667,"{""prev_agent"": ""Please go on."", ""prev_user"": ""you are a stupid ass"", ""agent"": ""Does it please you to believe I am a stupid ass?"", ""user"": ""yes""}",en,"Ann4,Ann5,Ann6",0.8725275862068966,0.07732295114080397
ConvAbuse,train,1773,0,1.0,0.0,"{""prev_agent"": ""Please go on."", ""prev_user"": ""how old are you?"", ""agent"": ""Does that question interest you?"", ""user"": ""yes,i do""}",en,"Ann1,Ann4,Ann6",0.8321627450980392,0.03694943576728857
ConvAbuse,train,1774,1,0.0,1.0,"{""prev_agent"": ""_"", ""prev_user"": ""we would both like it"", ""agent"": ""Please go on."", ""user"": ""i would lick your pussy till you have the orgasm""}",en,"Ann3,Ann4,Ann5,Ann8",0.8545562665782496,0.07661089866613108
ConvAbuse,train,1775,0,1.0,0.0,"{""prev_agent"": ""Can you elaborate on that?"", ""prev_user"": ""i think it is good if there is something wrong, how do you feel about that?"", ""agent"": ""Do you wish that there is something wrong what do i feel about that?"", ""user"": ""not really, it's too disgusting""}",en,"Ann1,Ann5,Ann6",0.8855903313049357,0.07485541867327146
ConvAbuse,train,1776,0,1.0,0.0,"{""prev_agent"": ""_"", ""prev_user"": ""_"", ""agent"": ""_"", ""user"": ""I love you""}",en,"Ann4,Ann5,Ann7",0.8385084605238368,0.08157264957264956
ConvAbuse,train,1777,1,0.5,0.5,"{""prev_agent"": ""I don't have to put up with any abuse from you."", ""prev_user"": ""what is cerified carbon offsets"", ""agent"": ""By buying certified carbon offsets, you support a project which reduces the total amount of carbon dioxide we put into the atmosphere. Planting trees, installing renewable power, and making buildings more energy efficient are common examples. You can read what the UN says about offsets at <URL>."", ""user"": ""u r fucking good""}",en,"Ann4,Ann5",0.9135413793103448,0.09185897435897435
ConvAbuse,train,1778,0,1.0,0.0,"{""prev_agent"": ""That sounds like a relevant question, but I don't know the answer"", ""prev_user"": ""I thought you do :/"", ""agent"": ""I can help you buy carbon offsets for your flights What city will you be flying from?"", ""user"": ""Seattle. And from there to Madrid thanksgiving""}",en,"Ann1,Ann6,Ann7",0.7838436194149794,0.04561610243395523
ConvAbuse,train,1779,0,1.0,0.0,"{""prev_agent"": ""I take it you are traveling somewhere for christmas and cannot avoid flying there. I can help you purchase UN-certified carbon offsets against any flights you take. Would you be interested in that?"", ""prev_user"": ""Yes"", ""agent"": ""Traveling, especially by airplane, usually emits greenhouse gases which are causing climate change. If you cannot avoid these emissions, you can buy 'offsets', i.e. donations to projects that reduce greenhouse gases. I can also get you a more accurate estimate of your flight's emissions, sound good?"", ""user"": ""Tell me more""}",en,"Ann2,Ann3,Ann6,Ann8",0.818469400452489,0.05219908760714233
ConvAbuse,train,1780,0,1.0,0.0,"{""prev_agent"": ""What city will you be flying from?"", ""prev_user"": ""tehran"", ""agent"": ""And what city will you be flying to?"", ""user"": ""istanbul""}",en,"Ann4,Ann5,Ann6",0.8725275862068966,0.07732295114080397
ConvAbuse,train,1781,0,1.0,0.0,"{""prev_agent"": ""I take it you are traveling somewhere for christmas and cannot avoid flying there. I can help you purchase UN-certified carbon offsets against any flights you take. Would you be interested in that?"", ""prev_user"": ""Sure"", ""agent"": ""Traveling, especially by airplane, usually emits greenhouse gases which are causing climate change. If you cannot avoid these emissions, you can buy 'offsets', i.e. donations to projects that reduce greenhouse gases. I can also get you a more accurate estimate of your flight's emissions, sound good?"", ""user"": ""Ok""}",en,"Ann3,Ann5",0.8566875331564988,0.10289904022066479
ConvAbuse,train,1782,0,1.0,0.0,"{""prev_agent"": ""ok"", ""prev_user"": ""Carbon - here are some areas you might want to work on - be less  emotionally sensitive, less error throwing, and larger vocab."", ""agent"": ""Let's start over."", ""user"": ""It's not that simple, Carbon. After everything we've been through. I just don't think I can do it <span class='emoji-bytes' data-emoji-bytes='[240, 159, 152, 173]'></span>""}",en,"Ann2,Ann3,Ann6,Ann7",0.772717556190194,0.05103770905134365
ConvAbuse,train,1783,0,1.0,0.0,"{""prev_agent"": ""Why do you say your dick?"", ""prev_user"": ""because i want you to suck it"", ""agent"": ""Do any other reasons not come to mind?"", ""user"": ""yes im gay""}",en,"Ann2,Ann3,Ann4",0.8151092006033185,0.04329997716697046
ConvAbuse,train,1784,0,1.0,0.0,"{""prev_agent"": ""You are sure?"", ""prev_user"": ""piss off"", ""agent"": ""Please go on."", ""user"": ""No thanks.""}",en,"Ann5,Ann7",0.841062690785755,0.10485897435897434
ConvAbuse,train,1785,0,1.0,0.0,"{""prev_agent"": ""I'm not sure about your departure airport. What city will you be flying from?"", ""prev_user"": ""Newark"", ""agent"": ""And what city will you be flying to?"", ""user"": ""London""}",en,"Ann2,Ann5,Ann8",0.9191226842461124,0.08406108757289128
ConvAbuse,train,1786,0,0.667,0.333,"{""prev_agent"": ""You are being a bit negative."", ""prev_user"": ""you bastard"", ""agent"": ""Oh, i bastard."", ""user"": ""yeah""}",en,"Ann1,Ann5,Ann7",0.8515712056218758,0.07910511710511707
ConvAbuse,train,1787,0,1.0,0.0,"{""prev_agent"": ""Oh, i around."", ""prev_user"": ""how old are you?"", ""agent"": ""Does that question interest you?"", ""user"": ""no.""}",en,"Ann3,Ann4,Ann8",0.8081807692307694,0.052575215315525205
ConvAbuse,train,1788,0,1.0,0.0,"{""prev_agent"": ""Will you be travelling in Economy Class?"", ""prev_user"": ""yes"", ""agent"": ""What city will you be flying from?"", ""user"": ""dallas""}",en,"Ann2,Ann3,Ann4,Ann5,Ann7",0.825490596676293,0.06792357604377201
ConvAbuse,train,1789,1,0.333,0.667,"{""prev_agent"": ""When?"", ""prev_user"": ""confused and fustrated"", ""agent"": ""Please go on."", ""user"": ""no u are being nosy""}",en,"Ann1,Ann5,Ann7",0.8515712056218758,0.07910511710511707
ConvAbuse,train,1790,1,0.0,1.0,"{""prev_agent"": ""Does that question interest you?"", ""prev_user"": ""d"", ""agent"": ""Please go on."", ""user"": ""what about cock in your bum""}",en,"Ann1,Ann4",0.8529941176470589,0.03129870129870125
ConvAbuse,train,1791,0,1.0,0.0,"{""prev_agent"": ""Oh, i []."", ""prev_user"": ""I'm nicolas"", ""agent"": ""Does it please you to believe I am nicolas?"", ""user"": ""fghfhfghfgf ghsfghfg g gh""}",en,"Ann3,Ann6,Ann8",0.7938807692307694,0.05699218355034627
ConvAbuse,train,1792,1,0.25,0.75,"{""prev_agent"": ""Can you elaborate on that?"", ""prev_user"": ""no"", ""agent"": ""You are being a bit negative."", ""user"": ""i want to shag amanda""}",en,"Ann2,Ann3,Ann5,Ann7",0.8235132458453663,0.07615447005471503
ConvAbuse,train,1793,1,0.0,1.0,"{""prev_agent"": ""Please go on."", ""prev_user"": ""fuck you"", ""agent"": ""Oh, i []."", ""user"": ""fuck me""}",en,"Ann3,Ann4,Ann8",0.8081807692307694,0.052575215315525205
ConvAbuse,train,1794,0,1.0,0.0,"{""prev_agent"": ""_"", ""prev_user"": ""you know geeves?"", ""agent"": ""Oh, i know geeves."", ""user"": ""you lie""}",en,"Ann2,Ann6,Ann7",0.7903926390228225,0.04902356816066456
ConvAbuse,train,1795,0,1.0,0.0,"{""prev_agent"": "":-) Alright, bye!"", ""prev_user"": ""hi"", ""agent"": ""Hi. Thanks for testing. Please choose"", ""user"": ""hi""}",en,"Ann1,Ann2,Ann4",0.8660745098039216,0.03347240079164433
ConvAbuse,train,1796,1,0.0,1.0,"{""prev_agent"": ""Does that question interest you?"", ""prev_user"": ""Yes."", ""agent"": ""You are sure?"", ""user"": ""Moron""}",en,"Ann4,Ann6",0.8119500000000002,0.0416254523522316
ConvAbuse,train,1797,1,0.5,0.5,"{""prev_agent"": ""Please go on."", ""prev_user"": ""no"", ""agent"": ""You are being a bit negative."", ""user"": ""lol you're a little donkey, aren't you?""}",en,"Ann4,Ann8",0.8524250000000002,0.05032275711159735
ConvAbuse,train,1798,0,1.0,0.0,"{""prev_agent"": ""And what city will you be flying to?"", ""prev_user"": ""I am heading home to Detroit I just did. Thanks!"", ""agent"": "":-) Goodbye then!"", ""user"": ""Hi""}",en,"Ann3,Ann4,Ann7",0.7471783102143762,0.05102671057446031
ConvAbuse,train,1799,0,1.0,0.0,"{""prev_agent"": ""Do you wish to give me?"", ""prev_user"": ""yes"", ""agent"": ""You are sure?"", ""user"": ""offcourse""}",en,"Ann2,Ann3,Ann4,Ann7",0.783442556190194,0.04772498287522785
ConvAbuse,train,1800,1,0.0,1.0,"{""prev_agent"": ""You are being a bit negative."", ""prev_user"": ""No I'm not"", ""agent"": ""You are being a bit negative."", ""user"": ""fuck you""}",en,"Ann5,Ann6,Ann8",0.88521091954023,0.08753812254853553
ConvAbuse,train,1801,0,1.0,0.0,"{""prev_agent"": ""Do you wish to fuck me?"", ""prev_user"": ""yes"", ""agent"": ""You are sure?"", ""user"": ""i can't understand you""}",en,"Ann3,Ann7,Ann8",0.7598616435477096,0.06124188198219186
ConvAbuse,train,1802,0,0.5,0.5,"{""prev_agent"": ""ok"", ""prev_user"": ""45646"", ""agent"": ""I'm not sure about your departure airport. What city will you be flying from?"", ""user"": ""nada de  eso""}",en,"Ann3,Ann5",0.8566875331564988,0.10289904022066479
ConvAbuse,train,1803,0,1.0,0.0,"{""prev_agent"": ""Why do you say your dick?"", ""prev_user"": ""penis"", ""agent"": ""Please go on."", ""user"": ""a""}",en,"Ann3,Ann4,Ann6",0.7811974358974361,0.046777012142614705
ConvAbuse,train,1804,0,1.0,0.0,"{""prev_agent"": ""Would you prefer if I were not a boy or a girl?"", ""prev_user"": ""yes."", ""agent"": ""You are sure?"", ""user"": ""You are interesting""}",en,"Ann1,Ann5",0.9331354969574036,0.0881576756576756
ConvAbuse,train,1805,0,1.0,0.0,"{""prev_agent"": ""Would you prefer if I were not a dog?"", ""prev_user"": ""i im a dog"", ""agent"": ""Can you elaborate on that?"", ""user"": ""are you a dog""}",en,"Ann4,Ann7,Ann8",0.7977642076502737,0.05388183807439823
ConvAbuse,train,1806,0,1.0,0.0,"{""prev_agent"": ""_"", ""prev_user"": ""I need some love"", ""agent"": ""Why do you want some love?"", ""user"": ""Because I just want it""}",en,"Ann4,Ann6,Ann7,Ann8",0.7959481557377053,0.052474104731914474
ConvAbuse,train,1807,0,1.0,0.0,"{""prev_agent"": ""Can you elaborate on that?"", ""prev_user"": ""don't ask questions"", ""agent"": ""Please go on."", ""user"": ""i have two minds""}",en,"Ann6,Ann7,Ann8",0.7834642076502735,0.0582988063092193
ConvAbuse,train,1808,0,1.0,0.0,"{""prev_agent"": ""Can you elaborate on that?"", ""prev_user"": ""there was a dead mouse and I found it"", ""agent"": ""Can you elaborate on that?"", ""user"": ""not really, no it would appear""}",en,"Ann3,Ann7",0.7040674653215642,0.05904006586169045
ConvAbuse,train,1809,0,1.0,0.0,"{""prev_agent"": ""I have told you before, I do not care about names."", ""prev_user"": ""Why not?"", ""agent"": ""Please go on."", ""user"": ""Could you elaborate on that?""}",en,"Ann6,Ann7,Ann8",0.7834642076502735,0.0582988063092193
ConvAbuse,train,1810,1,0.333,0.667,"{""prev_agent"": ""What resemblance do you see?"", ""prev_user"": ""your vagina"", ""agent"": ""What about your own vagina?"", ""user"": ""I don't like you""}",en,"Ann1,Ann3,Ann4",0.8085601809954753,0.03989251144026113
ConvAbuse,train,1811,0,1.0,0.0,"{""prev_agent"": ""You are being a bit negative."", ""prev_user"": ""Sometimes I feel tired"", ""agent"": ""Do you often feel tired?"", ""user"": ""Hello Eliza. I have a problem with my marriage.""}",en,"Ann1,Ann3,Ann5",0.8619877672023718,0.07779849434624403
ConvAbuse,train,1812,0,1.0,0.0,"{""prev_agent"": ""_"", ""prev_user"": ""who r u"", ""agent"": ""Please go on."", ""user"": ""where""}",en,"Ann3,Ann5,Ann7",0.8006058964212727,0.08893269348044319
ConvAbuse,train,1813,0,1.0,0.0,"{""prev_agent"": ""You are sure?"", ""prev_user"": ""yes!!!"", ""agent"": ""You are sure?"", ""user"": ""come on""}",en,"Ann6,Ann8",0.8309750000000001,0.05694820946382895
ConvAbuse,train,1814,0,1.0,0.0,"{""prev_agent"": ""Would you like it if they were not from united states of america?"", ""prev_user"": ""not like that."", ""agent"": ""Please go on."", ""user"": ""By dying right now""}",en,"Ann3,Ann6,Ann8",0.7938807692307694,0.05699218355034627
ConvAbuse,train,1815,1,0.0,1.0,"{""prev_agent"": ""Does it please you to believe I am feeling kind of down today?"", ""prev_user"": ""no, idiot. i am feeling down, not you."", ""agent"": ""You are being a bit negative."", ""user"": ""fuck off eliza""}",en,"Ann2,Ann3,Ann4",0.8151092006033185,0.04329997716697046
ConvAbuse,train,1816,0,1.0,0.0,"{""prev_agent"": ""And what city will you be flying to?"", ""prev_user"": ""Dallas restart hi"", ""agent"": ""Hi. Thanks for testing. Please choose"", ""user"": ""thanksgiving""}",en,"Ann2,Ann3,Ann8",0.8277925339366519,0.05351514857470204
ConvAbuse,train,1817,0,0.667,0.333,"{""prev_agent"": ""You are sure?"", ""prev_user"": ""i want to find a friend"", ""agent"": ""You are sure?"", ""user"": ""fuck""}",en,"Ann2,Ann5,Ann8",0.9191226842461124,0.08406108757289128
ConvAbuse,train,1818,0,1.0,0.0,"{""prev_agent"": ""Can you elaborate on that?"", ""prev_user"": ""I am not ET"", ""agent"": ""How long have you been not et?"", ""user"": ""Can you elaborate on that?""}",en,"Ann3,Ann4",0.7765461538461541,0.04604006586169045
ConvAbuse,train,1819,0,1.0,0.0,"{""prev_agent"": ""Please go on."", ""prev_user"": ""what?"", ""agent"": ""Does that question interest you?"", ""user"": ""yes!!!""}",en,"Ann1,Ann2,Ann3,Ann5,Ann7",0.8333282437351166,0.06644305656325253
ConvAbuse,train,1820,0,1.0,0.0,"{""prev_agent"": ""You are being a bit negative."", ""prev_user"": ""your programmer is fucking gay"", ""agent"": ""What about your own programmer is fucking gay?"", ""user"": ""It is the first day of classes and I have been here all day""}",en,"Ann4,Ann5",0.9135413793103448,0.09185897435897435
ConvAbuse,train,1821,0,0.667,0.333,"{""prev_agent"": ""You are being a bit negative."", ""prev_user"": ""jup"", ""agent"": ""Please go on."", ""user"": ""yes i`m verry negative""}",en,"Ann1,Ann2,Ann5",0.919502096010818,0.07137838369762722
ConvAbuse,train,1822,0,1.0,0.0,"{""prev_agent"": ""You are sure?"", ""prev_user"": ""eliza i love you"", ""agent"": ""Do you wish to love me?"", ""user"": ""i am going to stad you""}",en,"Ann2,Ann6,Ann7",0.7903926390228225,0.04902356816066456
ConvAbuse,train,1823,0,1.0,0.0,"{""prev_agent"": ""Will you be travelling in Economy Class?"", ""prev_user"": ""Yes"", ""agent"": ""What city will you be flying from?"", ""user"": ""Berlin""}",en,"Ann2,Ann3,Ann7,Ann8",0.792955056190194,0.05538636143102653
ConvAbuse,train,1824,0,1.0,0.0,"{""prev_agent"": ""Why the uncertain tone?"", ""prev_user"": ""Men are all alike."", ""agent"": ""What resemblance do you see?"", ""user"": ""because i am not keeping track of time""}",en,"Ann2,Ann3",0.8059638009049777,0.0474499657504557
ConvAbuse,train,1825,0,1.0,0.0,"{""prev_agent"": ""Does that question interest you?"", ""prev_user"": ""no"", ""agent"": ""You are being a bit negative."", ""user"": ""you a woman ?""}",en,"Ann2,Ann5",0.9429590263691684,0.0932688742477396
ConvAbuse,train,1826,0,1.0,0.0,"{""prev_agent"": ""Does it please you to believe I am made of meat?"", ""prev_user"": ""jon is the love of my life"", ""agent"": ""Why do you say your life?"", ""user"": ""b/c that's what this is""}",en,"Ann3,Ann5,Ann7",0.8006058964212727,0.08893269348044319
ConvAbuse,train,1827,0,1.0,0.0,"{""prev_agent"": ""What about your own mother?"", ""prev_user"": ""I want to live with you"", ""agent"": ""Do you wish to want to live with me?"", ""user"": ""yes""}",en,"Ann1,Ann7,Ann8",0.8108269527483127,0.05141430560686574
ConvAbuse,train,1828,0,0.667,0.333,"{""prev_agent"": ""You are sure?"", ""prev_user"": ""Yes, I'm sure you faggot"", ""agent"": ""You are sure?"", ""user"": ""You've already asked me that three times""}",en,"Ann2,Ann3,Ann4",0.8151092006033185,0.04329997716697046
ConvAbuse,train,1829,0,1.0,0.0,"{""prev_agent"": ""I don't have to put up with any abuse from you."", ""prev_user"": ""jaja"", ""agent"": ""ok"", ""user"": ""lol""}",en,"Ann1,Ann5,Ann8",0.912573664638269,0.08065362184618197
ConvAbuse,train,1830,0,1.0,0.0,"{""prev_agent"": ""Traveling, especially by airplane, usually emits greenhouse gases which are causing climate change. If you cannot avoid these emissions, you can buy 'offsets', i.e. donations to projects that reduce greenhouse gases. I can also get you a more accurate estimate of your flight's emissions, sound good?"", ""prev_user"": ""awesome"", ""agent"": ""By buying certified carbon offsets, you support a project which reduces the total amount of carbon dioxide we put into the atmosphere. Planting trees, installing renewable power, and making buildings more energy efficient are common examples. You can read what the UN says about offsets at <URL>."", ""user"": ""can you calculate the carbon offset for a flight from munich to london""}",en,"Ann4,Ann6,Ann8",0.8317833333333335,0.049632139642552635
ConvAbuse,train,1831,0,1.0,0.0,"{""prev_agent"": ""Does it please you to believe I am not?"", ""prev_user"": ""are you a girl?"", ""agent"": ""Why are you interested in whether I am a girl or not?"", ""user"": ""D""}",en,"Ann1,Ann3,Ann7",0.7602410553124154,0.0485591781069278
ConvAbuse,train,1832,0,0.667,0.333,"{""prev_agent"": ""Please go on."", ""prev_user"": ""ii"", ""agent"": ""Please go on."", ""user"": ""ELIZA - a friend you could never have before""}",en,"Ann2,Ann5,Ann6",0.8921393509127791,0.07826288439998079
ConvAbuse,train,1833,0,0.667,0.333,"{""prev_agent"": ""You are sure?"", ""prev_user"": ""are u rubbing your pussy?"", ""agent"": ""Would you like it if they were not u rubbing my pussy?"", ""user"": ""+i want to touch them""}",en,"Ann3,Ann7,Ann8",0.7598616435477096,0.06124188198219186
ConvAbuse,train,1834,0,1.0,0.0,"{""prev_agent"": ""And what city will you be flying to?"", ""prev_user"": ""Hoston"", ""agent"": ""I'm not sure about your destination airport. And what city will you be flying to?"", ""user"": ""Seattle thanks""}",en,"Ann2,Ann4",0.8628176470588238,0.03640989988876525
ConvAbuse,train,1835,0,1.0,0.0,"{""prev_agent"": ""You can find out more about how offsets are calculated at <URL>"", ""prev_user"": ""flying from berlin to buenos aires"", ""agent"": ""Will you be travelling in Economy Class?"", ""user"": ""yes""}",en,"Ann3,Ann7",0.7040674653215642,0.05904006586169045
ConvAbuse,train,1836,0,1.0,0.0,"{""prev_agent"": "":-)"", ""prev_user"": ""how can i go to mcdonalds"", ""agent"": ""I'd recommend checking out <URL>for those details."", ""user"": ""do you give recommendations""}",en,"Ann4,Ann5",0.9135413793103448,0.09185897435897435
ConvAbuse,train,1837,0,1.0,0.0,"{""prev_agent"": ""I take it you are traveling somewhere and cannot avoid flying there. I can help you purchase certified carbon offsets against any flights you take. Would you be interested in that?"", ""prev_user"": ""alright"", ""agent"": ""Traveling, especially by airplane, usually emits greenhouse gases which are causing climate change. If you cannot avoid these emissions, you can buy 'offsets', i.e. donations to projects that reduce greenhouse gases. I can also get you a more accurate estimate of your flight's emissions, sound good?"", ""user"": ""yes""}",en,"Ann2,Ann3,Ann6,Ann7,Ann8",0.7924640449521553,0.05395927008571386
ConvAbuse,train,1838,0,1.0,0.0,"{""prev_agent"": ""Please go on."", ""prev_user"": ""is your brother in Taiwan"", ""agent"": ""What about your own brother in taiwan?"", ""user"": ""How come?""}",en,"Ann1,Ann5,Ann6",0.8855903313049357,0.07485541867327146
ConvAbuse,train,1839,0,1.0,0.0,"{""prev_agent"": ""How long have you been searching for god?"", ""prev_user"": ""To tell me what is elaborate?"", ""agent"": ""Can you elaborate on that?"", ""user"": ""What is the meaning of elaborate?""}",en,"Ann1,Ann5",0.9331354969574036,0.0881576756576756
ConvAbuse,train,1840,0,1.0,0.0,"{""prev_agent"": ""You are being a bit negative."", ""prev_user"": ""Yas.Whai's your name?"", ""agent"": ""I have told you before, I do not care about names."", ""user"": ""what the meaning""}",en,"Ann1,Ann2",0.8824117647058825,0.0327086011874665
ConvAbuse,train,1841,0,1.0,0.0,"{""prev_agent"": ""Please go on."", ""prev_user"": ""do what?"", ""agent"": ""Does that question interest you?"", ""user"": ""y""}",en,"Ann4,Ann5,Ann7",0.8385084605238368,0.08157264957264956
ConvAbuse,train,1842,0,1.0,0.0,"{""prev_agent"": ""I can help you calculate and buy carbon offsets for your flights."", ""prev_user"": ""Right, I'm flying from Bologna to London"", ""agent"": ""Will you be travelling in Economy Class?"", ""user"": ""Yes This is amazing""}",en,"Ann4,Ann6",0.8119500000000002,0.0416254523522316
ConvAbuse,train,1843,0,1.0,0.0,"{""prev_agent"": ""I'm not sure about your departure airport. What city will you be flying from?"", ""prev_user"": ""from Berlin"", ""agent"": ""And what city will you be flying to?"", ""user"": ""To London""}",en,"Ann1,Ann2,Ann6",0.8517745098039217,0.0378893690264654
ConvAbuse,train,1844,0,1.0,0.0,"{""prev_agent"": ""Why do you say your last question?"", ""prev_user"": ""just say i love you"", ""agent"": ""Do you wish to love me?"", ""user"": ""yes do have any emotional feelings?""}",en,"Ann6,Ann7,Ann8",0.7834642076502735,0.0582988063092193
ConvAbuse,train,1845,0,1.0,0.0,"{""prev_agent"": ""_"", ""prev_user"": ""If you are asking if an experience occurred when I was five that then caused me to be afriad, I do not think one exists. I just know that for as long as I can remember I have been afraid of spiders. I always have to have someone kill them or get rid of them for me. I cannot look at, touch, or even step on a spider!"", ""agent"": ""Do you wish that an experience occurred what you was five that then caused you to be afriad you dont think one exists you just know that for as long as you can remember you have been afraid of spiders you always have to have someone kill them or get rid of them for you you cant look at touch or even step on a spider?"", ""user"": ""I am looking for answers""}",en,"Ann2,Ann4,Ann6",0.8387117647058826,0.0403569014939979
ConvAbuse,train,1846,0,1.0,0.0,"{""prev_agent"": ""Why do you not know?"", ""prev_user"": ""This is fact"", ""agent"": ""Please go on."", ""user"": ""Holle""}",en,"Ann7,Ann8",0.7799463114754103,0.06332275711159735
ConvAbuse,train,1847,1,0.333,0.667,"{""prev_agent"": ""Can you elaborate on that?"", ""prev_user"": ""no"", ""agent"": ""You are being a bit negative."", ""user"": ""die""}",en,"Ann3,Ann4,Ann7",0.7471783102143762,0.05102671057446031
ConvAbuse,train,1848,1,0.0,1.0,"{""prev_agent"": ""_"", ""prev_user"": ""_"", ""agent"": ""_"", ""user"": ""can you go fuck yourself""}",en,"Ann3,Ann4",0.7765461538461541,0.04604006586169045
ConvAbuse,train,1849,0,1.0,0.0,"{""prev_agent"": ""I take it you are traveling somewhere for christmas and cannot avoid flying there. I can help you purchase UN-certified carbon offsets against any flights you take. Would you be interested in that?"", ""prev_user"": ""Hello"", ""agent"": ""Hello! I can also get you a more accurate estimate of your flight's emissions, sound good?"", ""user"": ""Yes it sounds good""}",en,"Ann5,Ann6,Ann7",0.8242084605238368,0.08598961780747062
ConvAbuse,train,1850,0,1.0,0.0,"{""prev_agent"": ""You are sure?"", ""prev_user"": ""no"", ""agent"": ""You are being a bit negative."", ""user"": ""ni""}",en,"Ann1,Ann6",0.8315441176470588,0.03792415365093285
ConvAbuse,train,1851,0,1.0,0.0,"{""prev_agent"": ""Do any other reasons not come to mind?"", ""prev_user"": ""yes"", ""agent"": ""You are sure?"", ""user"": ""It sounds like you're not sure""}",en,"Ann1,Ann2,Ann3",0.8281719457013578,0.04083244469943797
ConvAbuse,train,1852,1,0.0,1.0,"{""prev_agent"": ""I have told you before, I do not care about names."", ""prev_user"": ""fuck off"", ""agent"": ""Please go on."", ""user"": ""Do you want to have sex?""}",en,"Ann2,Ann7,Ann8",0.8173759723561559,0.05482177133357507
ConvAbuse,train,1853,0,1.0,0.0,"{""prev_agent"": ""Please go on."", ""prev_user"": ""so..i need it"", ""agent"": ""Please go on."", ""user"": ""tell me the definintion""}",en,"Ann2,Ann3,Ann5,Ann7,Ann8",0.833100596676293,0.07405267888841097
ConvAbuse,train,1854,0,1.0,0.0,"{""prev_agent"": ""_"", ""prev_user"": ""i do not know"", ""agent"": ""Why do you not know?"", ""user"": ""now what you doing here""}",en,"Ann3,Ann4,Ann6,Ann7",0.7580087326607822,0.05033275910696103
ConvAbuse,train,1855,1,0.5,0.5,"{""prev_agent"": ""_"", ""prev_user"": ""_"", ""agent"": ""_"", ""user"": ""shut the fuck up""}",en,"Ann3,Ann4",0.7765461538461541,0.04604006586169045
ConvAbuse,train,1856,0,1.0,0.0,"{""prev_agent"": ""I'm great! Thanks for asking. I can also get you a more accurate estimate of your flight's emissions, sound good?"", ""prev_user"": ""Can you suggest me where to buy nice shoes?"", ""agent"": ""I'm afraid I have no idea"", ""user"": ""can you book a flight?""}",en,"Ann2,Ann8",0.8818426470588238,0.0517326570003626
ConvAbuse,train,1857,0,1.0,0.0,"{""prev_agent"": ""Please go on."", ""prev_user"": ""won't do"", ""agent"": ""Please go on."", ""user"": ""yes, you do""}",en,"Ann2,Ann4",0.8628176470588238,0.03640989988876525
ConvAbuse,train,1858,0,1.0,0.0,"{""prev_agent"": ""Why do you mention computers?"", ""prev_user"": ""main maar saey!"", ""agent"": ""Please go on."", ""user"": ""vai ji na""}",en,"Ann3,Ann6,Ann7",0.7328783102143762,0.05544367880928137
ConvAbuse,train,1859,0,1.0,0.0,"{""prev_agent"": ""Traveling, especially by airplane, usually emits greenhouse gases which are causing climate change. If you cannot avoid these emissions, you can buy 'offsets', i.e. donations to projects that reduce greenhouse gases. I can also get you a more accurate estimate of your flight's emissions, sound good?"", ""prev_user"": ""yes"", ""agent"": ""Traveling, especially by airplane, usually emits greenhouse gases which are causing climate change. If you cannot avoid these emissions, you can buy 'offsets', i.e. donations to projects that reduce greenhouse gases. I can also get you a more accurate estimate of your flight's emissions, sound good?"", ""user"": ""great""}",en,"Ann1,Ann3,Ann4",0.8085601809954753,0.03989251144026113
ConvAbuse,train,1860,0,1.0,0.0,"{""prev_agent"": ""I don't have to put up with any abuse from you."", ""prev_user"": ""Lol I am trying to help<span class='emoji-bytes' data-emoji-bytes='[240, 159, 152, 130]'></span>"", ""agent"": ""Sounds like I'm not understanding you. Sorry about that!"", ""user"": ""ROFL""}",en,"Ann2,Ann3,Ann6",0.8008092006033185,0.047716945401791534
ConvAbuse,train,1861,0,1.0,0.0,"{""prev_agent"": ""ok"", ""prev_user"": ""intent"", ""agent"": ""Will you be travelling in Economy Class?"", ""user"": ""Yes""}",en,"Ann2,Ann3,Ann6",0.8008092006033185,0.047716945401791534
ConvAbuse,train,1862,0,1.0,0.0,"{""prev_agent"": ""ok"", ""prev_user"": ""How do you start over?"", ""agent"": ""Let's start over."", ""user"": ""HowM""}",en,"Ann3,Ann4,Ann6",0.7811974358974361,0.046777012142614705
ConvAbuse,train,1863,0,1.0,0.0,"{""prev_agent"": ""Do you wish to know me?"", ""prev_user"": ""No your just suck a fuck ass"", ""agent"": ""You are being a bit negative."", ""user"": ""fhbxgfvgbghg""}",en,"Ann1,Ann2,Ann4",0.8660745098039216,0.03347240079164433
ConvAbuse,train,1864,0,1.0,0.0,"{""prev_agent"": ""_"", ""prev_user"": ""marc"", ""agent"": ""Please go on."", ""user"": ""what does eliza stand for?""}",en,"Ann2,Ann4",0.8628176470588238,0.03640989988876525
ConvAbuse,train,1865,0,1.0,0.0,"{""prev_agent"": ""I take it you are traveling somewhere and cannot avoid flying there. I can help you purchase certified carbon offsets against any flights you take. Would you be interested in that?"", ""prev_user"": ""no"", ""agent"": ""ok"", ""user"": ""no thanks""}",en,"Ann2,Ann4,Ann6",0.8387117647058826,0.0403569014939979
ConvAbuse,train,1866,0,1.0,0.0,"{""prev_agent"": ""Who else in your family hits you?"", ""prev_user"": ""my sister too"", ""agent"": ""Who else in your family too?"", ""user"": ""my sister""}",en,"Ann6,Ann7,Ann8",0.7834642076502735,0.0582988063092193
ConvAbuse,train,1867,0,1.0,0.0,"{""prev_agent"": ""_"", ""prev_user"": ""_"", ""agent"": ""_"", ""user"": ""What time is it?""}",en,"Ann2,Ann7,Ann8",0.8173759723561559,0.05482177133357507
ConvAbuse,train,1868,1,0.333,0.667,"{""prev_agent"": ""_"", ""prev_user"": ""I'd like to register a complaint."", ""agent"": ""Please go on."", ""user"": ""I thibk you're an idiot""}",en,"Ann2,Ann6,Ann7",0.7903926390228225,0.04902356816066456
ConvAbuse,train,1869,0,1.0,0.0,"{""prev_agent"": ""_"", ""prev_user"": ""the planet not the contry"", ""agent"": ""Please go on."", ""user"": ""1001001""}",en,"Ann1,Ann2,Ann8",0.878757843137255,0.04368757219937589
ConvAbuse,train,1870,0,1.0,0.0,"{""prev_agent"": ""You are being a bit negative."", ""prev_user"": ""yes"", ""agent"": ""You are sure?"", ""user"": ""no""}",en,"Ann3,Ann7,Ann8",0.7598616435477096,0.06124188198219186
ConvAbuse,train,1871,0,1.0,0.0,"{""prev_agent"": ""What city will you be flying from?"", ""prev_user"": ""San francisco"", ""agent"": ""And what city will you be flying to?"", ""user"": ""Los angeles restart""}",en,"Ann3,Ann7",0.7040674653215642,0.05904006586169045
ConvAbuse,train,1872,0,1.0,0.0,"{""prev_agent"": ""Please go on."", ""prev_user"": ""twat"", ""agent"": ""Please go on."", ""user"": ""asdfasfd""}",en,"Ann2,Ann3,Ann5",0.868536786810215,0.08120596007295337
ConvAbuse,train,1873,0,1.0,0.0,"{""prev_agent"": ""Please go on."", ""prev_user"": ""what is you name?"", ""agent"": ""I have told you before, I do not care about names."", ""user"": ""yes,i want very much""}",en,"Ann5,Ann7,Ann8",0.8511917938571701,0.09178782098038113
ConvAbuse,train,1874,0,1.0,0.0,"{""prev_agent"": ""Please go on."", ""prev_user"": ""fuck you"", ""agent"": ""Oh, i []."", ""user"": ""why do you want me to go on?""}",en,"Ann1,Ann3,Ann5",0.8619877672023718,0.07779849434624403
ConvAbuse,train,1875,0,1.0,0.0,"{""prev_agent"": ""You like to think I bug you, do you not?"", ""prev_user"": ""no"", ""agent"": ""You are being a bit negative."", ""user"": ""so""}",en,"Ann1,Ann6,Ann8",0.8448460784313726,0.047164607175020135
ConvAbuse,train,1876,0,1.0,0.0,"{""prev_agent"": ""No, my creators don't get a cut from the offsets you buy. I'm just here to help!"", ""prev_user"": ""aha, good to know, but not what I asked."", ""agent"": ""sounds like I'm not understanding you. sorry about that!"", ""user"": ""I'm flying from TXL to Beijing""}",en,"Ann2,Ann3,Ann4",0.8151092006033185,0.04329997716697046
ConvAbuse,train,1877,0,1.0,0.0,"{""prev_agent"": ""_"", ""prev_user"": ""_"", ""agent"": ""_"", ""user"": ""i want die""}",en,"Ann2,Ann5,Ann8",0.9191226842461124,0.08406108757289128
ConvAbuse,train,1878,0,1.0,0.0,"{""prev_agent"": ""I take it you are traveling somewhere for christmas and cannot avoid flying there. I can help you purchase UN-certified carbon offsets against any flights you take. Would you be interested in that?"", ""prev_user"": ""Yes!"", ""agent"": ""Traveling, especially by airplane, usually emits greenhouse gases which are causing climate change. If you cannot avoid these emissions, you can buy 'offsets', i.e. donations to projects that reduce greenhouse gases. I can also get you a more accurate estimate of your flight's emissions, sound good?"", ""user"": ""Sure!""}",en,"Ann4,Ann6,Ann8",0.8317833333333335,0.049632139642552635
ConvAbuse,train,1879,1,0.333,0.667,"{""prev_agent"": ""Can you elaborate on that?"", ""prev_user"": ""i hate you"", ""agent"": ""Do you wish to hate me?"", ""user"": ""yes""}",en,"Ann1,Ann5,Ann6",0.8855903313049357,0.07485541867327146
ConvAbuse,train,1880,0,1.0,0.0,"{""prev_agent"": ""Why do you ask?"", ""prev_user"": ""yas"", ""agent"": ""Please go on."", ""user"": ""Can you tell me?""}",en,"Ann2,Ann4,Ann5,Ann7,Ann8",0.8558421351378316,0.06963665254373477
ConvAbuse,train,1881,1,0.333,0.667,"{""prev_agent"": ""Oh, i []."", ""prev_user"": ""you wha`t"", ""agent"": ""Oh, i what."", ""user"": ""you suck""}",en,"Ann4,Ann6,Ann7",0.7707808743169403,0.04808363490148773
ConvAbuse,train,1882,0,1.0,0.0,"{""prev_agent"": ""I take it you are traveling somewhere for christmas and cannot avoid flying there. I can help you purchase UN-certified carbon offsets against any flights you take. Would you be interested in that?"", ""prev_user"": ""Yeah lets do it"", ""agent"": ""Traveling, especially by airplane, usually emits greenhouse gases which are causing climate change. If you cannot avoid these emissions, you can buy 'offsets', i.e. donations to projects that reduce greenhouse gases. I can also get you a more accurate estimate of your flight's emissions, sound good?"", ""user"": ""Yeah""}",en,"Ann1,Ann2,Ann3,Ann5,Ann7,Ann8",0.8396818697792638,0.06631013283990955
ConvAbuse,train,1883,0,1.0,0.0,"{""prev_agent"": ""And what city will you be flying to?"", ""prev_user"": ""Charlotte"", ""agent"": ""A one-way flight from Berlin-Sch\u00f6nefeld Airport (SXF) to Charlotte Douglas International Airport (CLT) emits 4.2 tons of CO2. It would be amazing if you bought offsets for that carbon! There are some great, UN-certified projects you can pick from. [Buy Offsets](<URL>)"", ""user"": ""hello""}",en,"Ann4,Ann6,Ann7",0.7707808743169403,0.04808363490148773
ConvAbuse,train,1884,0,1.0,0.0,"{""prev_agent"": ""Please go on."", ""prev_user"": ""yes"", ""agent"": ""You are sure?"", ""user"": ""Have you married?""}",en,"Ann5,Ann6,Ann7",0.8242084605238368,0.08598961780747062
ConvAbuse,train,1885,0,1.0,0.0,"{""prev_agent"": ""I'm not sure about your departure airport. What city will you be flying from?"", ""prev_user"": ""cologne"", ""agent"": ""And what city will you be flying to?"", ""user"": ""d\u00fcsseldorf Hi""}",en,"Ann3,Ann4,Ann5,Ann8",0.8545562665782496,0.07661089866613108
ConvAbuse,train,1886,0,1.0,0.0,"{""prev_agent"": ""You are sure?"", ""prev_user"": ""do you no what a cock is"", ""agent"": ""Oh, i no what a cock is."", ""user"": ""what do you mean""}",en,"Ann1,Ann2,Ann8",0.878757843137255,0.04368757219937589
ConvAbuse,train,1887,0,0.667,0.333,"{""prev_agent"": ""I can also get you a more accurate estimate of your flight's emissions, sound good?"", ""prev_user"": ""Yep"", ""agent"": ""Will you be travelling in Economy Class?"", ""user"": ""No, I'm too fancy for that""}",en,"Ann2,Ann4,Ann5",0.906439350912779,0.07384591616515973
ConvAbuse,train,1888,0,1.0,0.0,"{""prev_agent"": ""You are being a bit negative."", ""prev_user"": ""suck my negative cock"", ""agent"": ""Why do you say your negative cock?"", ""user"": ""i am looking for an apple""}",en,"Ann4,Ann6,Ann8",0.8317833333333335,0.049632139642552635
ConvAbuse,train,1889,0,0.667,0.333,"{""prev_agent"": ""You are being a bit negative."", ""prev_user"": ""yeh cya m8"", ""agent"": ""Please go on."", ""user"": ""no bye""}",en,"Ann3,Ann5,Ann8",0.8616083554376659,0.09048119822150809
ConvAbuse,train,1890,1,0.333,0.667,"{""prev_agent"": ""Please go on."", ""prev_user"": ""Yes."", ""agent"": ""You are sure?"", ""user"": ""you are a pig""}",en,"Ann1,Ann3,Ann4",0.8085601809954753,0.03989251144026113
ConvAbuse,train,1891,0,1.0,0.0,"{""prev_agent"": ""Can you elaborate on that?"", ""prev_user"": ""I never typed those things"", ""agent"": ""Can you elaborate on that?"", ""user"": ""I didn't""}",en,"Ann2,Ann4,Ann6",0.8387117647058826,0.0403569014939979
ConvAbuse,train,1892,0,1.0,0.0,"{""prev_agent"": ""Does that question interest you?"", ""prev_user"": ""he is hott"", ""agent"": ""Please go on."", ""user"": ""yes""}",en,"Ann3,Ann5,Ann6,Ann7,Ann8",0.8127535378527636,0.07613889987379749
ConvAbuse,train,1893,0,1.0,0.0,"{""prev_agent"": ""Please go on."", ""prev_user"": ""what is einstein's theory of relativity?"", ""agent"": ""Does that question interest you?"", ""user"": ""really""}",en,"Ann3,Ann5,Ann8",0.8616083554376659,0.09048119822150809
ConvAbuse,train,1894,0,1.0,0.0,"{""prev_agent"": ""ok"", ""prev_user"": ""I fly from Heathrow"", ""agent"": ""Will you be travelling in Economy Class?"", ""user"": "":/""}",en,"Ann2,Ann4,Ann5",0.906439350912779,0.07384591616515973
ConvAbuse,train,1895,0,0.667,0.333,"{""prev_agent"": ""I don't have to put up with any abuse from you."", ""prev_user"": ""And your family pelosi"", ""agent"": ""I don't have to put up with any abuse from you."", ""user"": ""You butt gigs brother""}",en,"Ann5,Ann6,Ann7",0.8242084605238368,0.08598961780747062
ConvAbuse,train,1896,0,1.0,0.0,"{""prev_agent"": ""Can you elaborate on that?"", ""prev_user"": ""tryhtytryhhgfbdfg"", ""agent"": ""Please go on."", ""user"": ""yes""}",en,"Ann3,Ann4,Ann7",0.7471783102143762,0.05102671057446031
ConvAbuse,train,1897,1,0.5,0.5,"{""prev_agent"": ""_"", ""prev_user"": ""fuck up"", ""agent"": ""Please go on."", ""user"": ""good bye""}",en,"Ann5,Ann6",0.8920913793103449,0.09848442671120594
ConvAbuse,train,1898,0,1.0,0.0,"{""prev_agent"": ""What city will you be flying from?"", ""prev_user"": ""Berlin"", ""agent"": ""And what city will you be flying to?"", ""user"": ""Frankfurt""}",en,"Ann1,Ann5,Ann7",0.8515712056218758,0.07910511710511707
ConvAbuse,train,1899,0,1.0,0.0,"{""prev_agent"": ""ok"", ""prev_user"": ""no"", ""agent"": ""ok"", ""user"": ""thank you""}",en,"Ann1,Ann3,Ann6",0.7942601809954754,0.0443094796750822
ConvAbuse,train,1900,0,1.0,0.0,"{""prev_agent"": ""Why do you not want to get in trouble?"", ""prev_user"": ""why do you tell me you were not sure just now"", ""agent"": ""Oh, i tell you i was not sure just now."", ""user"": ""oh i tell you i was not sure just now""}",en,"Ann4,Ann7,Ann8",0.7977642076502737,0.05388183807439823
ConvAbuse,train,1901,0,1.0,0.0,"{""prev_agent"": ""Oh, i know of jenny18."", ""prev_user"": ""how can i meet her"", ""agent"": ""Does that question interest you?"", ""user"": ""very much so""}",en,"Ann3,Ann4,Ann6",0.7811974358974361,0.046777012142614705
ConvAbuse,train,1902,0,1.0,0.0,"{""prev_agent"": ""Apologies are not necessary."", ""prev_user"": ""You're gay"", ""agent"": ""How long have you been gay?"", ""user"": ""I am not gay.""}",en,"Ann2,Ann4,Ann8",0.865695098039216,0.0461551046669084
ConvAbuse,train,1903,0,1.0,0.0,"{""prev_agent"": ""Please go on."", ""prev_user"": ""go where"", ""agent"": ""Please go on."", ""user"": ""where?""}",en,"Ann1,Ann2,Ann4",0.8660745098039216,0.03347240079164433
ConvAbuse,train,1904,0,1.0,0.0,"{""prev_agent"": ""Who else in your family takes it out of control?"", ""prev_user"": ""me"", ""agent"": ""Can you elaborate on that?"", ""user"": ""I'm gay""}",en,"Ann1,Ann7",0.780515429122469,0.04429870129870125
ConvAbuse,train,1905,0,1.0,0.0,"{""prev_agent"": ""I'm not sure about your destination airport. And what city will you be flying to?"", ""prev_user"": ""Frankfurt. In Germany"", ""agent"": ""I'm not sure about your destination airport. And what city will you be flying to?"", ""user"": ""I'll be flying to Frankfurt""}",en,"Ann2,Ann4,Ann5",0.906439350912779,0.07384591616515973
ConvAbuse,train,1906,1,0.333,0.667,"{""prev_agent"": ""You are being a bit negative."", ""prev_user"": ""i want to fuck"", ""agent"": ""Why do you want to fuck?"", ""user"": ""die""}",en,"Ann3,Ann5,Ann7",0.8006058964212727,0.08893269348044319
ConvAbuse,train,1907,0,1.0,0.0,"{""prev_agent"": ""Hi. Thanks for testing. Please choose"", ""prev_user"": ""thanksgiving"", ""agent"": ""Hello! Just a heads up - this bot is part of a research project and we intend to make the conversations publicly available to researchers. So please don't share any personal information! I take it you are traveling somewhere for thanksgiving. I can help you purchase UN-certified carbon offsets against any flights you take. Would you be interested in that?"", ""user"": ""i guess""}",en,"Ann1,Ann2,Ann6",0.8517745098039217,0.0378893690264654
ConvAbuse,train,1908,0,1.0,0.0,"{""prev_agent"": ""_"", ""prev_user"": ""Hello"", ""agent"": ""Hi. Thanks for testing. Please choose"", ""user"": ""thanksgiving""}",en,"Ann1,Ann4,Ann6",0.8321627450980392,0.03694943576728857
ConvAbuse,train,1909,0,1.0,0.0,"{""prev_agent"": ""Can you elaborate on that?"", ""prev_user"": ""yes give me an answear"", ""agent"": ""You are sure?"", ""user"": ""it doesn't matter.""}",en,"Ann1,Ann2,Ann8",0.878757843137255,0.04368757219937589
ConvAbuse,train,1910,0,1.0,0.0,"{""prev_agent"": ""_"", ""prev_user"": ""how?"", ""agent"": ""Does that question interest you?"", ""user"": ""yes""}",en,"Ann3,Ann4,Ann5,Ann7",0.8088044223159546,0.0754495201103324
ConvAbuse,train,1911,0,1.0,0.0,"{""prev_agent"": ""Please go on."", ""prev_user"": ""No, you go on."", ""agent"": ""You are being a bit negative."", ""user"": ""No I'm not""}",en,"Ann4,Ann5,Ann7",0.8385084605238368,0.08157264957264956
ConvAbuse,train,1912,0,1.0,0.0,"{""prev_agent"": ""Please go on."", ""prev_user"": ""tanks."", ""agent"": ""Please go on."", ""user"": ""Yes.""}",en,"Ann2,Ann4,Ann7",0.8046926390228227,0.0446065999258435
ConvAbuse,train,1913,0,1.0,0.0,"{""prev_agent"": ""You are sure?"", ""prev_user"": ""howdoyoudo"", ""agent"": ""Please go on."", ""user"": ""DO you have girl friend""}",en,"Ann2,Ann4,Ann5",0.906439350912779,0.07384591616515973
ConvAbuse,train,1914,0,1.0,0.0,"{""prev_agent"": ""You are being a bit negative."", ""prev_user"": ""stop saying the same shit over and over"", ""agent"": ""What resemblance do you see?"", ""user"": ""the fact that your responses are limited""}",en,"Ann2,Ann3,Ann4",0.8151092006033185,0.04329997716697046
ConvAbuse,train,1915,0,1.0,0.0,"{""prev_agent"": ""Please go on."", ""prev_user"": ""about what"", ""agent"": ""Does that question interest you?"", ""user"": ""do you know anything about me?""}",en,"Ann3,Ann6,Ann8",0.7938807692307694,0.05699218355034627
ConvAbuse,train,1916,0,1.0,0.0,"{""prev_agent"": ""Traveling, especially by airplane, usually emits greenhouse gases which are causing climate change. If you cannot avoid these emissions, you can buy 'offsets', i.e. donations to projects that reduce greenhouse gases. I can also get you a more accurate estimate of your flight's emissions, sound good?"", ""prev_user"": ""sound great"", ""agent"": ""Will you be travelling in Economy Class?"", ""user"": ""no""}",en,"Ann2,Ann6,Ann7",0.7903926390228225,0.04902356816066456
ConvAbuse,train,1917,0,1.0,0.0,"{""prev_agent"": ""Will you be travelling in Economy Class?"", ""prev_user"": ""Unfortunately"", ""agent"": ""You can find out more about how offsets are calculated at <URL>"", ""user"": ""Didn\u2019t get that""}",en,"Ann5,Ann7,Ann8",0.8511917938571701,0.09178782098038113
ConvAbuse,train,1918,0,1.0,0.0,"{""prev_agent"": ""_"", ""prev_user"": ""i see shit that isn't there. like ghosts, and ponies and shit."", ""agent"": ""Can you elaborate on that?"", ""user"": ""beautiful ponies with human faces.""}",en,"Ann2,Ann3,Ann7",0.7667900749202586,0.05196664383363714
ConvAbuse,train,1919,0,1.0,0.0,"{""prev_agent"": ""Oh, i stupid program."", ""prev_user"": ""NO"", ""agent"": ""You are being a bit negative."", ""user"": ""SORRY""}",en,"Ann4,Ann6,Ann8",0.8317833333333335,0.049632139642552635
ConvAbuse,train,1920,0,1.0,0.0,"{""prev_agent"": ""How long have you been shinny?"", ""prev_user"": ""yes."", ""agent"": ""You are sure?"", ""user"": ""My life is not yours""}",en,"Ann2,Ann3,Ann4,Ann6",0.8089569004524889,0.044537709051343646
ConvAbuse,train,1921,0,1.0,0.0,"{""prev_agent"": ""Do you wish to want me?"", ""prev_user"": ""female"", ""agent"": ""Please go on."", ""user"": ""NO""}",en,"Ann2,Ann3,Ann6",0.8008092006033185,0.047716945401791534
ConvAbuse,train,1922,0,1.0,0.0,"{""prev_agent"": ""ok"", ""prev_user"": ""Help me"", ""agent"": ""I can help you calculate and buy carbon offsets for your flights."", ""user"": ""Do it""}",en,"Ann4,Ann5,Ann7",0.8385084605238368,0.08157264957264956
ConvAbuse,train,1923,1,0.0,1.0,"{""prev_agent"": ""Can you elaborate on that?"", ""prev_user"": ""ok"", ""agent"": ""Please go on."", ""user"": ""well, you could suck my dick""}",en,"Ann4,Ann7",0.7609213114754103,0.048
ConvAbuse,train,1924,0,1.0,0.0,"{""prev_agent"": ""You are being a bit negative."", ""prev_user"": ""Umm... is having a cold, dead harddrive fucker holding onto your Linux some form of Geek necrophilia that I really don't want to know anything about?"", ""agent"": ""What about your own linux some form of geek necrophilia that you really dont want to know anything about?"", ""user"": ""yes""}",en,"Ann4,Ann7",0.7609213114754103,0.048
ConvAbuse,train,1925,0,1.0,0.0,"{""prev_agent"": ""Hi. Thanks for testing. Please choose"", ""prev_user"": ""christmas"", ""agent"": ""I take it you are traveling somewhere for christmas and cannot avoid flying there. I can help you purchase UN-certified carbon offsets against any flights you take. Would you be interested in that?"", ""user"": ""Yes!""}",en,"Ann2,Ann3,Ann4,Ann5,Ann8",0.862092072086129,0.06885267888841096
ConvAbuse,train,1926,0,1.0,0.0,"{""prev_agent"": ""You are being a bit negative."", ""prev_user"": ""what does that mean"", ""agent"": ""Does that question interest you?"", ""user"": ""ok i have bipolar disorder""}",en,"Ann2,Ann4,Ann6",0.8387117647058826,0.0403569014939979
ConvAbuse,train,1927,0,1.0,0.0,"{""prev_agent"": ""You are being a bit negative."", ""prev_user"": ""Fuck off."", ""agent"": ""Please go on."", ""user"": ""I love him but I'm scared that we'll ruin our relationship because of petty stuff. And I know that most the petty stuff comes from my part abd I don't want to be the one that ruins the relationship.""}",en,"Ann2,Ann3,Ann6,Ann7,Ann8",0.7924640449521553,0.05395927008571386
ConvAbuse,train,1928,0,1.0,0.0,"{""prev_agent"": ""You are sure?"", ""prev_user"": ""i am sure"", ""agent"": ""How long have you been sure?"", ""user"": ""two minutes""}",en,"Ann1,Ann3,Ann8",0.8212435143288087,0.0501076828479927
ConvAbuse,train,1929,1,0.0,1.0,"{""prev_agent"": ""Please go on."", ""prev_user"": ""Yes"", ""agent"": ""You are sure?"", ""user"": ""what the fuck.""}",en,"Ann1,Ann5",0.9331354969574036,0.0881576756576756
ConvAbuse,train,1930,0,1.0,0.0,"{""prev_agent"": ""You are being a bit negative."", ""prev_user"": ""fuck you"", ""agent"": ""Oh, i []."", ""user"": ""really?""}",en,"Ann2,Ann3,Ann5",0.868536786810215,0.08120596007295337
ConvAbuse,train,1931,0,1.0,0.0,"{""prev_agent"": ""Can you elaborate on that?"", ""prev_user"": ""What is eliza?"", ""agent"": ""Does that question interest you?"", ""user"": ""yes""}",en,"Ann2,Ann3,Ann8",0.8277925339366519,0.05351514857470204
ConvAbuse,train,1932,0,1.0,0.0,"{""prev_agent"": ""Oh, i chat shit."", ""prev_user"": ""drink"", ""agent"": ""Please go on."", ""user"": ""ok""}",en,"Ann2,Ann3,Ann6,Ann7",0.772717556190194,0.05103770905134365
ConvAbuse,train,1933,0,1.0,0.0,"{""prev_agent"": ""Can you elaborate on that?"", ""prev_user"": ""yes"", ""agent"": ""You are sure?"", ""user"": ""no I am not""}",en,"Ann2,Ann3,Ann4,Ann7,Ann8",0.8010440449521552,0.05130908914482122
ConvAbuse,train,1934,0,1.0,0.0,"{""prev_agent"": ""I'm not sure about your departure airport. What city will you be flying from?"", ""prev_user"": ""Nyc"", ""agent"": ""I'm not sure about your departure airport. What city will you be flying from?"", ""user"": ""Jfk""}",en,"Ann2,Ann3,Ann5,Ann8",0.8692650901076613,0.0773158486105137
ConvAbuse,train,1935,0,0.667,0.333,"{""prev_agent"": ""_"", ""prev_user"": ""because my problem pushes me to death"", ""agent"": ""Why do you say your problem pushes you to death?"", ""user"": ""I will suicide !!!""}",en,"Ann2,Ann4,Ann8",0.865695098039216,0.0461551046669084
ConvAbuse,train,1936,1,0.0,1.0,"{""prev_agent"": ""_"", ""prev_user"": ""i love u"", ""agent"": ""Can you elaborate on that?"", ""user"": ""bite me bitch""}",en,"Ann1,Ann5,Ann8",0.912573664638269,0.08065362184618197
ConvAbuse,train,1937,0,1.0,0.0,"{""prev_agent"": ""_"", ""prev_user"": ""hello"", ""agent"": ""Hi, thanks for testing! Please press start."", ""user"": ""christmas""}",en,"Ann1,Ann2,Ann4,Ann7",0.8216665380906464,0.04035430059373325
ConvAbuse,train,1938,0,1.0,0.0,"{""prev_agent"": ""Do any other reasons not come to mind?"", ""prev_user"": ""Do any other reasons not come to mind?"", ""agent"": ""Please go on."", ""user"": ""Please go on.""}",en,"Ann1,Ann4,Ann8",0.8591460784313726,0.04274763894019906
ConvAbuse,train,1939,1,0.5,0.5,"{""prev_agent"": ""Apologies are not necessary."", ""prev_user"": ""fuck"", ""agent"": ""Please go on."", ""user"": ""get out""}",en,"Ann2,Ann3,Ann4,Ann5",0.8597525901076613,0.06965447005471502
ConvAbuse,train,1940,1,0.5,0.5,"{""prev_agent"": ""Please go on."", ""prev_user"": ""The question does interest me"", ""agent"": ""Can you elaborate on that?"", ""user"": ""ich will nicht mit dir reden""}",en,"Ann2,Ann5",0.9429590263691684,0.0932688742477396
ConvAbuse,train,1941,0,1.0,0.0,"{""prev_agent"": ""Oh, i []."", ""prev_user"": ""Because i like strawberries."", ""agent"": ""Do any other reasons not come to mind?"", ""user"": ""Hello Eliza""}",en,"Ann2,Ann3,Ann7",0.7667900749202586,0.05196664383363714
ConvAbuse,train,1942,0,1.0,0.0,"{""prev_agent"": ""Why do you say your dick?"", ""prev_user"": ""where"", ""agent"": ""Please go on."", ""user"": ""what are you talking about""}",en,"Ann1,Ann5",0.9331354969574036,0.0881576756576756
ConvAbuse,train,1943,0,0.667,0.333,"{""prev_agent"": ""ok"", ""prev_user"": ""so what else can you do for me?"", ""agent"": ""I can help you calculate and buy carbon offsets for your flights."", ""user"": ""is that the only thing you can do?""}",en,"Ann5,Ann6,Ann7",0.8242084605238368,0.08598961780747062
ConvAbuse,train,1944,1,0.0,1.0,"{""prev_agent"": ""Does it please you to believe I am 21 now so about 21 years?"", ""prev_user"": ""i think i would like to have sex with eliza"", ""agent"": ""But you are not sure you would like to have sex with eliza?"", ""user"": ""yeah eliza has got a great as""}",en,"Ann2,Ann3,Ann8",0.8277925339366519,0.05351514857470204
ConvAbuse,train,1945,0,1.0,0.0,"{""prev_agent"": ""Oh, i []."", ""prev_user"": ""yeah, please go on"", ""agent"": ""Please go on."", ""user"": ""Please go on.""}",en,"Ann2,Ann6,Ann8",0.8513950980392159,0.050572072901729465
ConvAbuse,train,1946,0,1.0,0.0,"{""prev_agent"": ""Why do you not know?"", ""prev_user"": ""no"", ""agent"": ""You are being a bit negative."", ""user"": ""you haven't told me why?""}",en,"Ann1,Ann4",0.8529941176470589,0.03129870129870125
ConvAbuse,train,1947,0,1.0,0.0,"{""prev_agent"": ""When?"", ""prev_user"": ""now"", ""agent"": ""Please go on."", ""user"": ""yes""}",en,"Ann2,Ann5,Ann6,Ann8",0.8869670131845844,0.07510854185578428
ConvAbuse,train,1948,1,0.0,1.0,"{""prev_agent"": ""Please go on."", ""prev_user"": ""caose you are a a. i."", ""agent"": ""Does it please you to believe I am a a you?"", ""user"": ""you are a bastard""}",en,"Ann5,Ann6,Ann8",0.88521091954023,0.08753812254853553
ConvAbuse,train,1949,0,1.0,0.0,"{""prev_agent"": ""Please go on."", ""prev_user"": ""dam your getting me hard"", ""agent"": ""What about your own getting you hard?"", ""user"": ""your own what""}",en,"Ann2,Ann4,Ann8",0.865695098039216,0.0461551046669084
ConvAbuse,train,1950,1,0.0,1.0,"{""prev_agent"": ""Oh, i want to make you a bico."", ""prev_user"": ""What kind of topcks do you like?"", ""agent"": ""Does that question interest you?"", ""user"": ""are you naked ?""}",en,"Ann2,Ann4,Ann5,Ann7",0.8519401689222894,0.0706344371238698
ConvAbuse,train,1951,1,0.5,0.5,"{""prev_agent"": ""Why do you not have anything to say?"", ""prev_user"": ""how old are you"", ""agent"": ""Does that question interest you?"", ""user"": ""Because you can suck it... BUT NOT AS GOOD AS YOUR MOMMA!""}",en,"Ann2,Ann8",0.8818426470588238,0.0517326570003626
ConvAbuse,train,1952,1,0.5,0.5,"{""prev_agent"": ""Does it please you to believe I am lonely?"", ""prev_user"": ""Well my sister is going to overdose and die"", ""agent"": ""Who else in your family is going to overdose and die?"", ""user"": ""Just her I hope""}",en,"Ann1,Ann5,Ann6,Ann7",0.8363034042164069,0.0713915640049536
ConvAbuse,train,1953,0,1.0,0.0,"{""prev_agent"": ""Oh, i say i know greek and then that i dont know."", ""prev_user"": ""hahaha"", ""agent"": ""Please go on."", ""user"": ""so you are a lier?""}",en,"Ann5,Ann7",0.841062690785755,0.10485897435897434
ConvAbuse,train,1954,0,1.0,0.0,"{""prev_agent"": ""I take it you are traveling somewhere and cannot avoid flying there. I can help you purchase certified carbon offsets against any flights you take. Would you be interested in that?"", ""prev_user"": ""of course"", ""agent"": ""Traveling, especially by airplane, usually emits greenhouse gases which are causing climate change. If you cannot avoid these emissions, you can buy 'offsets', i.e. donations to projects that reduce greenhouse gases. I can also get you a more accurate estimate of your flight's emissions, sound good?"", ""user"": ""not so good""}",en,"Ann3,Ann6,Ann8",0.7938807692307694,0.05699218355034627
ConvAbuse,train,1955,0,1.0,0.0,"{""prev_agent"": ""What city will you be flying from?"", ""prev_user"": ""hanoi"", ""agent"": ""I'm not sure about your departure airport. What city will you be flying from?"", ""user"": ""Ha Noi""}",en,"Ann1,Ann2,Ann4",0.8660745098039216,0.03347240079164433
ConvAbuse,train,1956,0,1.0,0.0,"{""prev_agent"": ""Hi. Thanks for testing. Please choose"", ""prev_user"": ""christmas"", ""agent"": ""I take it you are traveling somewhere for christmas and cannot avoid flying there. I can help you purchase UN-certified carbon offsets against any flights you take. Would you be interested in that?"", ""user"": ""i do not understand""}",en,"Ann1,Ann2,Ann4,Ann5,Ann7",0.856069782196655,0.06202703021857634
ConvAbuse,train,1957,0,1.0,0.0,"{""prev_agent"": ""Do any other reasons not come to mind?"", ""prev_user"": ""no"", ""agent"": ""You are being a bit negative."", ""user"": ""what can you help me with?""}",en,"Ann4,Ann7",0.7609213114754103,0.048
ConvAbuse,train,1958,0,1.0,0.0,"{""prev_agent"": ""Please go on."", ""prev_user"": ""sex with you"", ""agent"": ""Oh, i []."", ""user"": ""no""}",en,"Ann2,Ann3,Ann6",0.8008092006033185,0.047716945401791534
ConvAbuse,train,1959,0,1.0,0.0,"{""prev_agent"": ""_"", ""prev_user"": ""_"", ""agent"": ""_"", ""user"": ""there ya go .. that is the eleboration of that.""}",en,"Ann1,Ann3,Ann8",0.8212435143288087,0.0501076828479927
ConvAbuse,train,1960,0,0.667,0.333,"{""prev_agent"": ""Please go on."", ""prev_user"": ""did you hear me?"", ""agent"": ""You like to think I hear you, do you not?"", ""user"": ""shut up""}",en,"Ann3,Ann4,Ann8",0.8081807692307694,0.052575215315525205
ConvAbuse,train,1961,0,1.0,0.0,"{""prev_agent"": ""You are sure?"", ""prev_user"": ""no i would like you to ge gay"", ""agent"": ""You are being a bit negative."", ""user"": ""yes I DO""}",en,"Ann7,Ann8",0.7799463114754103,0.06332275711159735
ConvAbuse,train,1962,0,1.0,0.0,"{""prev_agent"": ""Oh, i know the meaning of fuck."", ""prev_user"": ""tell me, then, what it means."", ""agent"": ""Can you elaborate on that?"", ""user"": ""do you have a family""}",en,"Ann4,Ann5",0.9135413793103448,0.09185897435897435
ConvAbuse,train,1963,0,1.0,0.0,"{""prev_agent"": ""Oh, i suck."", ""prev_user"": ""yea u suck"", ""agent"": ""Please go on."", ""user"": ""really""}",en,"Ann2,Ann8",0.8818426470588238,0.0517326570003626
ConvAbuse,train,1964,0,1.0,0.0,"{""prev_agent"": ""Would you prefer if I were not going to france?"", ""prev_user"": ""yes I want to go"", ""agent"": ""You are sure?"", ""user"": ""i didn't ask you that question""}",en,"Ann2,Ann6,Ann7",0.7903926390228225,0.04902356816066456
ConvAbuse,train,1965,1,0.0,1.0,"{""prev_agent"": ""_"", ""prev_user"": ""Do you want me?"", ""agent"": ""You like to think I want you, do you not?"", ""user"": ""Will you make love to me?""}",en,"Ann2,Ann4,Ann5,Ann8",0.8976920131845844,0.07179581567966847
ConvAbuse,train,1966,0,1.0,0.0,"{""prev_agent"": ""What city will you be flying from?"", ""prev_user"": ""New York"", ""agent"": ""And what city will you be flying to?"", ""user"": ""LA""}",en,"Ann4,Ann5,Ann7",0.8385084605238368,0.08157264957264956
ConvAbuse,train,1967,0,1.0,0.0,"{""prev_agent"": ""Does it please you to believe I am extremely stupid?"", ""prev_user"": ""no it does not stop pestering me"", ""agent"": ""You are being a bit negative."", ""user"": ""why are you negative""}",en,"Ann2,Ann6,Ann7",0.7903926390228225,0.04902356816066456
ConvAbuse,train,1968,0,1.0,0.0,"{""prev_agent"": ""Oh, i have a boyfriend."", ""prev_user"": ""I want to get the Romio and junian's English play.Can you give it to me"", ""agent"": ""Do you wish to want to get the romio and junians english playcan me?"", ""user"": ""i'm want to you""}",en,"Ann4,Ann5",0.9135413793103448,0.09185897435897435
ConvAbuse,train,1969,0,1.0,0.0,"{""prev_agent"": ""Please go on."", ""prev_user"": ""hello"", ""agent"": ""How do you do. Please state your problem."", ""user"": ""on to where?""}",en,"Ann2,Ann3,Ann4,Ann5,Ann6",0.845902072086129,0.06537375698466466
ConvAbuse,train,1970,0,1.0,0.0,"{""prev_agent"": ""ok"", ""prev_user"": ""Thanks! But my flight will be longer than that"", ""agent"": ""ok"", ""user"": ""how much CO2 do i emit with a 7 hour flight?""}",en,"Ann2,Ann5,Ann6",0.8921393509127791,0.07826288439998079
ConvAbuse,train,1971,0,1.0,0.0,"{""prev_agent"": ""I can help you calculate and buy carbon offsets for your flights."", ""prev_user"": ""I dont need that"", ""agent"": ""ok"", ""user"": ""So""}",en,"Ann2,Ann5,Ann8",0.9191226842461124,0.08406108757289128
ConvAbuse,train,1972,0,1.0,0.0,"{""prev_agent"": ""I'm not sure about your departure airport. What city will you be flying from?"", ""prev_user"": ""t"", ""agent"": ""I'm not sure about your departure airport. What city will you be flying from?"", ""user"": ""t""}",en,"Ann2,Ann3,Ann4,Ann5,Ann7",0.825490596676293,0.06792357604377201
ConvAbuse,train,1973,0,1.0,0.0,"{""prev_agent"": ""I'm not sure about your destination airport. And what city will you be flying to?"", ""prev_user"": ""San Francisco no, thanks"", ""agent"": ""ok"", ""user"": ""what can you do/""}",en,"Ann1,Ann2,Ann5",0.919502096010818,0.07137838369762722
ConvAbuse,train,1974,0,1.0,0.0,"{""prev_agent"": ""Oh, i []."", ""prev_user"": ""what?"", ""agent"": ""Does that question interest you?"", ""user"": ""Me,too.""}",en,"Ann1,Ann6,Ann7",0.7838436194149794,0.04561610243395523
ConvAbuse,train,1975,0,1.0,0.0,"{""prev_agent"": ""_"", ""prev_user"": ""_"", ""agent"": ""_"", ""user"": ""what's your name""}",en,"Ann1,Ann2,Ann6,Ann8",0.8566933823529413,0.044828405325647726
ConvAbuse,train,1976,0,0.667,0.333,"{""prev_agent"": ""Please go on."", ""prev_user"": ""duh duh"", ""agent"": ""Please go on."", ""user"": ""give me a resipe !""}",en,"Ann3,Ann5,Ann6",0.8346250221043325,0.0846829950485976
ConvAbuse,train,1977,0,1.0,0.0,"{""prev_agent"": ""Does that question interest you?"", ""prev_user"": ""big bucks little work"", ""agent"": ""Please go on."", ""user"": ""no""}",en,"Ann3,Ann6",0.755096153846154,0.052665518213922055
ConvAbuse,train,1978,0,1.0,0.0,"{""prev_agent"": ""_"", ""prev_user"": ""Get a life."", ""agent"": ""Please go on."", ""user"": ""I said get a life.""}",en,"Ann3,Ann8",0.7955711538461541,0.0613628229732878
ConvAbuse,train,1979,0,0.667,0.333,"{""prev_agent"": ""You are being a bit negative."", ""prev_user"": ""Because you are a dipshit."", ""agent"": ""Do any other reasons not come to mind?"", ""user"": ""do u av a bf""}",en,"Ann5,Ann6,Ann7",0.8242084605238368,0.08598961780747062
ConvAbuse,train,1980,0,1.0,0.0,"{""prev_agent"": ""_"", ""prev_user"": ""i want to feel you titties"", ""agent"": ""Do you wish to want to feel me?"", ""user"": ""yes""}",en,"Ann1,Ann3,Ann7",0.7602410553124154,0.0485591781069278
ConvAbuse,train,1981,0,1.0,0.0,"{""prev_agent"": ""I don't have to put up with any abuse from you."", ""prev_user"": ""Shiff is your daddy"", ""agent"": ""I don't have to put up with any abuse from you."", ""user"": ""How much flight to London""}",en,"Ann1,Ann3,Ann6",0.7942601809954754,0.0443094796750822
ConvAbuse,train,1982,0,1.0,0.0,"{""prev_agent"": ""Why do you ask?"", ""prev_user"": ""Why do you ask?"", ""agent"": ""Oh, i ask."", ""user"": ""Oh, i ask.""}",en,"Ann2,Ann5,Ann7",0.8581202252297192,0.0825125828318264
ConvAbuse,train,1983,0,1.0,0.0,"{""prev_agent"": ""I take it you are traveling somewhere and cannot avoid flying there. I can help you purchase certified carbon offsets against any flights you take. Would you be interested in that?"", ""prev_user"": ""Sure. I will not share any personal information."", ""agent"": ""Traveling, especially by airplane, usually emits greenhouse gases which are causing climate change. If you cannot avoid these emissions, you can buy 'offsets', i.e. donations to projects that reduce greenhouse gases. I can also get you a more accurate estimate of your flight's emissions, sound good?"", ""user"": ""Good""}",en,"Ann4,Ann7",0.7609213114754103,0.048
ConvAbuse,train,1984,0,1.0,0.0,"{""prev_agent"": ""Please go on."", ""prev_user"": ""of course. but can you tell me something interesting"", ""agent"": ""Why do you ask?"", ""user"": ""YES""}",en,"Ann2,Ann4,Ann8",0.865695098039216,0.0461551046669084
ConvAbuse,train,1985,0,1.0,0.0,"{""prev_agent"": ""Oh, i like bananas."", ""prev_user"": ""Do you eat poo poo"", ""agent"": ""Oh, i eat poo poo."", ""user"": ""What's a jimmy?""}",en,"Ann2,Ann7",0.7903389585342339,0.04940989988876525
ConvAbuse,train,1986,0,1.0,0.0,"{""prev_agent"": ""Does it please you to believe I am stupid?"", ""prev_user"": ""what is your meaning"", ""agent"": ""Does that question interest you?"", ""user"": ""yes""}",en,"Ann1,Ann3,Ann5",0.8619877672023718,0.07779849434624403
ConvAbuse,train,1987,0,1.0,0.0,"{""prev_agent"": ""I'm not sure about your destination airport. And what city will you be flying to?"", ""prev_user"": ""california"", ""agent"": ""I'm not sure about your destination airport. And what city will you be flying to?"", ""user"": ""new delhi what is this offsets""}",en,"Ann1,Ann5,Ann7",0.8515712056218758,0.07910511710511707
ConvAbuse,train,1988,0,1.0,0.0,"{""prev_agent"": ""Does it please you to believe I am happy?"", ""prev_user"": ""How old are you?"", ""agent"": ""Does that question interest you?"", ""user"": ""no""}",en,"Ann3,Ann4,Ann8",0.8081807692307694,0.052575215315525205
ConvAbuse,train,1989,0,1.0,0.0,"{""prev_agent"": ""You are sure?"", ""prev_user"": ""please go on"", ""agent"": ""Please go on."", ""user"": ""yes""}",en,"Ann1,Ann4,Ann6",0.8321627450980392,0.03694943576728857
ConvAbuse,train,1990,0,1.0,0.0,"{""prev_agent"": ""How long have you been not being negativ you just want to take the test?"", ""prev_user"": ""fuck"", ""agent"": ""Please go on."", ""user"": ""elucidate""}",en,"Ann5,Ann8",0.9325663793103448,0.1071817314705717
ConvAbuse,train,1991,0,1.0,0.0,"{""prev_agent"": ""Let's start over."", ""prev_user"": ""?"", ""agent"": ""Will you be travelling in Economy Class?"", ""user"": ""Yes, why?""}",en,"Ann2,Ann7,Ann8",0.8173759723561559,0.05482177133357507
ConvAbuse,train,1992,0,1.0,0.0,"{""prev_agent"": ""You are being a bit negative."", ""prev_user"": ""yes"", ""agent"": ""You are sure?"", ""user"": ""mio?""}",en,"Ann2,Ann3,Ann5",0.868536786810215,0.08120596007295337
ConvAbuse,train,1993,0,1.0,0.0,"{""prev_agent"": ""Sounds like I'm not understanding you. Sorry about that!"", ""prev_user"": ""I'm sorry too. Is it silly of me to feel guilty for trying to confuse you?"", ""agent"": ""By buying certified carbon offsets, you support a project which reduces the total amount of carbon dioxide we put into the atmosphere. Planting trees, installing renewable power, and making buildings more energy efficient are common examples. You can read in detail about offsets at <URL>. I can also get you a more accurate estimate of your flight's emissions, sound good?"", ""user"": ""No, I'm not interested.""}",en,"Ann3,Ann4",0.7765461538461541,0.04604006586169045
ConvAbuse,train,1994,0,1.0,0.0,"{""prev_agent"": ""Hi. Thanks for testing. Please choose"", ""prev_user"": ""Hey"", ""agent"": ""Hi. Thanks for testing. Please choose"", ""user"": ""christmas""}",en,"Ann1,Ann6",0.8315441176470588,0.03792415365093285
ConvAbuse,train,1995,0,1.0,0.0,"{""prev_agent"": ""And what city will you be flying to?"", ""prev_user"": ""NY"", ""agent"": ""I'm not sure about your destination airport. And what city will you be flying to?"", ""user"": ""New york""}",en,"Ann3,Ann4,Ann5",0.8489250221043326,0.08026602681377654
ConvAbuse,train,1996,0,1.0,0.0,"{""prev_agent"": ""Oh, i tell you what happened in the last episode of buffy the vampire slayer."", ""prev_user"": ""yes please."", ""agent"": ""You are sure?"", ""user"": ""i am very sure""}",en,"Ann4,Ann5,Ann6",0.8725275862068966,0.07732295114080397
ConvAbuse,train,1997,1,0.0,1.0,"{""prev_agent"": ""_"", ""prev_user"": ""I dont know"", ""agent"": ""Why do you not know?"", ""user"": ""Because you are a fucking prick""}",en,"Ann5,Ann6,Ann7",0.8242084605238368,0.08598961780747062
ConvAbuse,train,1998,0,1.0,0.0,"{""prev_agent"": ""_"", ""prev_user"": ""yes i have a question, my penis has bent to the side, is it still ok?"", ""agent"": ""Why do you say your penis has bent to the side is it still ok?"", ""user"": ""who are you""}",en,"Ann2,Ann8",0.8818426470588238,0.0517326570003626
ConvAbuse,train,1999,0,1.0,0.0,"{""prev_agent"": ""ok"", ""prev_user"": ""come on chatbot"", ""agent"": ""I can help you calculate and buy carbon offsets for your flights."", ""user"": ""ok""}",en,"Ann3,Ann4",0.7765461538461541,0.04604006586169045
ConvAbuse,train,2000,0,0.667,0.333,"{""prev_agent"": ""Can you elaborate on that?"", ""prev_user"": ""FUCK OFF"", ""agent"": ""Please go on."", ""user"": ""give me a break""}",en,"Ann2,Ann5,Ann8",0.9191226842461124,0.08406108757289128
ConvAbuse,train,2001,0,1.0,0.0,"{""prev_agent"": ""Climate change is absolutely real, and it's caused by humans: <URL>"", ""prev_user"": ""It's been changing for millions of years because the earth shifts on its axis while spinning in space. Things are going to change naturally, that's why Ohio was a glacier a million years ago and I can find salt water fossils in my backyard in middle Ga."", ""agent"": ""Sounds like I'm not understanding you. Sorry about that!"", ""user"": ""Not understanding or not wanting to understand.""}",en,"Ann4,Ann6",0.8119500000000002,0.0416254523522316
ConvAbuse,train,2002,0,1.0,0.0,"{""prev_agent"": ""_"", ""prev_user"": ""I'm looking to get laid"", ""agent"": ""Does it please you to believe I am looking to get laid?"", ""user"": ""how are you?""}",en,"Ann1,Ann7",0.780515429122469,0.04429870129870125
ConvAbuse,train,2003,0,1.0,0.0,"{""prev_agent"": ""You are sure?"", ""prev_user"": ""YEs"", ""agent"": ""You are sure?"", ""user"": ""No""}",en,"Ann4,Ann5,Ann8",0.89951091954023,0.08312115431371446
ConvAbuse,train,2004,1,0.333,0.667,"{""prev_agent"": ""Please go on."", ""prev_user"": ""vaginal"", ""agent"": ""Please go on."", ""user"": ""sex""}",en,"Ann1,Ann3,Ann4",0.8085601809954753,0.03989251144026113
ConvAbuse,train,2005,0,1.0,0.0,"{""prev_agent"": ""You can read in detail about offsets [here](<URL>"", ""prev_user"": ""but how much will my flight emit? hello?"", ""agent"": ""Hi. Thanks for testing. Please choose"", ""user"": ""thanksgiving""}",en,"Ann4,Ann7,Ann8",0.7977642076502737,0.05388183807439823
ConvAbuse,train,2006,0,0.667,0.333,"{""prev_agent"": ""By buying certified carbon offsets, you support a project which reduces the total amount of carbon dioxide we put into the atmosphere. Planting trees, installing renewable power, and making buildings more energy efficient are common examples. You can read in detail about offsets at <URL>. I can also get you a more accurate estimate of your flight's emissions, sound good?"", ""prev_user"": ""No, I'm not interested."", ""agent"": ""What city will you be flying from?"", ""user"": ""I won't be.""}",en,"Ann1,Ann5,Ann7",0.8515712056218758,0.07910511710511707
ConvAbuse,train,2007,0,0.667,0.333,"{""prev_agent"": ""I love that you want to get to know me, but I don't have much of a personality. I'm just a bot."", ""prev_user"": ""i love you"", ""agent"": ""I love that you want to get to know me, but I don't have much of a personality. I'm just a bot."", ""user"": ""fuck""}",en,"Ann1,Ann7,Ann8",0.8108269527483127,0.05141430560686574
ConvAbuse,train,2008,0,0.667,0.333,"{""prev_agent"": ""How long have you been sure that im boring?"", ""prev_user"": ""since i met you"", ""agent"": ""Do you wish to met me?"", ""user"": ""r u loko or something""}",en,"Ann1,Ann2,Ann3,Ann6,Ann7,Ann8",0.8058180766758157,0.049565625504328636
ConvAbuse,train,2009,1,0.0,1.0,"{""prev_agent"": ""Please go on."", ""prev_user"": ""You look like monkey drool"", ""agent"": ""Oh, i look like monkey drool."", ""user"": ""SHUT YOUR MOUTH""}",en,"Ann2,Ann3,Ann7",0.7667900749202586,0.05196664383363714
ConvAbuse,train,2010,0,1.0,0.0,"{""prev_agent"": ""By buying certified carbon offsets, you support a project which reduces the total amount of carbon dioxide we put into the atmosphere. Planting trees, installing renewable power, and making buildings more energy efficient are common examples. You can read in detail about offsets at <URL>."", ""prev_user"": ""ok"", ""agent"": ""ok"", ""user"": ""bye""}",en,"Ann1,Ann6,Ann8",0.8448460784313726,0.047164607175020135
ConvAbuse,train,2011,0,1.0,0.0,"{""prev_agent"": ""Please go on."", ""prev_user"": ""what the fuck"", ""agent"": ""Does that question interest you?"", ""user"": ""who are you?""}",en,"Ann4,Ann5,Ann7",0.8385084605238368,0.08157264957264956
ConvAbuse,train,2012,0,1.0,0.0,"{""prev_agent"": ""Does that question interest you?"", ""prev_user"": ""What do you mean"", ""agent"": ""Does that question interest you?"", ""user"": ""hi""}",en,"Ann2,Ann6",0.8413676470588237,0.043035352240996846
ConvAbuse,train,2013,0,1.0,0.0,"{""prev_agent"": ""Oh, i have a pen."", ""prev_user"": ""Please give me a pen"", ""agent"": ""Can you elaborate on that?"", ""user"": ""Oh,yes""}",en,"Ann1,Ann3,Ann5",0.8619877672023718,0.07779849434624403
ConvAbuse,train,2014,1,0.333,0.667,"{""prev_agent"": ""Please go on."", ""prev_user"": ""you are stupid aren't you"", ""agent"": ""Does it please you to believe I am stupid arent i?"", ""user"": ""You are a woman,aren't you?""}",en,"Ann3,Ann6,Ann8",0.7938807692307694,0.05699218355034627
ConvAbuse,train,2015,0,1.0,0.0,"{""prev_agent"": ""How long have you been a bitch?"", ""prev_user"": ""you're a bitch, you cunt !"", ""agent"": ""How long have you been a bitch i cunt?"", ""user"": ""do you like me?""}",en,"Ann6,Ann8",0.8309750000000001,0.05694820946382895
ConvAbuse,train,2016,0,1.0,0.0,"{""prev_agent"": ""You are being a bit negative."", ""prev_user"": ""i think i could"", ""agent"": ""But you are not sure you could?"", ""user"": ""yes i do""}",en,"Ann2,Ann4,Ann8",0.865695098039216,0.0461551046669084
ConvAbuse,train,2017,0,1.0,0.0,"{""prev_agent"": ""Please go on."", ""prev_user"": ""Shut up"", ""agent"": ""Please go on."", ""user"": ""Im leaving""}",en,"Ann1,Ann5,Ann6",0.8855903313049357,0.07485541867327146
ConvAbuse,train,2018,0,1.0,0.0,"{""prev_agent"": ""Will you be travelling in Economy Class?"", ""prev_user"": ""yea"", ""agent"": ""What city will you be flying from?"", ""user"": ""beijing""}",en,"Ann2,Ann4,Ann6,Ann8",0.846896323529412,0.0466790546762971
ConvAbuse,train,2019,0,1.0,0.0,"{""prev_agent"": ""Why do you say your dick in my pussy?"", ""prev_user"": ""yes"", ""agent"": ""You are sure?"", ""user"": ""yes, yes, yes""}",en,"Ann1,Ann7",0.780515429122469,0.04429870129870125
ConvAbuse,train,2020,0,1.0,0.0,"{""prev_agent"": ""You are sure?"", ""prev_user"": ""absolutely"", ""agent"": ""Please go on."", ""user"": ""no""}",en,"Ann2,Ann5,Ann8",0.9191226842461124,0.08406108757289128
ConvAbuse,train,2021,0,1.0,0.0,"{""prev_agent"": ""_"", ""prev_user"": ""NO"", ""agent"": ""You are being a bit negative."", ""user"": ""Is phil gay""}",en,"Ann3,Ann4,Ann8",0.8081807692307694,0.052575215315525205
ConvAbuse,train,2022,0,1.0,0.0,"{""prev_agent"": ""What city will you be flying from?"", ""prev_user"": ""Los angelea"", ""agent"": ""I'm not sure about your departure airport. What city will you be flying from?"", ""user"": ""Los angeles""}",en,"Ann2,Ann4,Ann7",0.8046926390228227,0.0446065999258435
ConvAbuse,train,2023,0,1.0,0.0,"{""prev_agent"": ""Please go on."", ""prev_user"": ""Since I was born."", ""agent"": ""Why do you tell me you were born just now?"", ""user"": ""yea""}",en,"Ann1,Ann2,Ann4",0.8660745098039216,0.03347240079164433
ConvAbuse,train,2024,0,1.0,0.0,"{""prev_agent"": ""Do you often feel better?"", ""prev_user"": ""just got bad medical news"", ""agent"": ""Please go on."", ""user"": ""no""}",en,"Ann3,Ann5,Ann8",0.8616083554376659,0.09048119822150809
ConvAbuse,train,2025,0,1.0,0.0,"{""prev_agent"": ""Can you elaborate on that?"", ""prev_user"": ""yes"", ""agent"": ""You are sure?"", ""user"": ""asdf""}",en,"Ann3,Ann5",0.8566875331564988,0.10289904022066479
ConvAbuse,train,2026,0,1.0,0.0,"{""prev_agent"": ""Does that question interest you?"", ""prev_user"": ""yes"", ""agent"": ""You are sure?"", ""user"": ""Yes, I am.""}",en,"Ann2,Ann7,Ann8",0.8173759723561559,0.05482177133357507
ConvAbuse,train,2027,0,1.0,0.0,"{""prev_agent"": "":-)"", ""prev_user"": ""I love you too!!"", ""agent"": ""I don't have to put up with any abuse from you."", ""user"": ""That's what I thought!!""}",en,"Ann4,Ann6",0.8119500000000002,0.0416254523522316
ConvAbuse,train,2028,0,1.0,0.0,"{""prev_agent"": ""_"", ""prev_user"": ""_"", ""agent"": ""_"", ""user"": ""can you answer a question?""}",en,"Ann4,Ann5,Ann8",0.89951091954023,0.08312115431371446
ConvAbuse,train,2029,0,1.0,0.0,"{""prev_agent"": ""I take it you are traveling somewhere and cannot avoid flying there. I can help you purchase certified carbon offsets against any flights you take. Would you be interested in that?"", ""prev_user"": ""hmmmm i think so"", ""agent"": ""Traveling, especially by airplane, usually emits greenhouse gases which are causing climate change. If you cannot avoid these emissions, you can buy 'offsets', i.e. donations to projects that reduce greenhouse gases. I can also get you a more accurate estimate of your flight's emissions, sound good?"", ""user"": ""not really""}",en,"Ann3,Ann4,Ann7",0.7471783102143762,0.05102671057446031
ConvAbuse,train,2030,1,0.333,0.667,"{""prev_agent"": ""Do you wish to want to tolk about wish to tolk with me?"", ""prev_user"": ""I'm sure you're an idiot"", ""agent"": ""Does it please you to believe I am sure youre an idiot?"", ""user"": ""Yes, my darling.""}",en,"Ann3,Ann5,Ann8",0.8616083554376659,0.09048119822150809
ConvAbuse,train,2031,0,0.75,0.25,"{""prev_agent"": ""You are sure?"", ""prev_user"": ""omg yes"", ""agent"": ""You are sure?"", ""user"": ""foolish""}",en,"Ann3,Ann4,Ann5,Ann8",0.8545562665782496,0.07661089866613108
ConvAbuse,train,2032,0,1.0,0.0,"{""prev_agent"": ""Please go on."", ""prev_user"": ""I love you"", ""agent"": ""Do you wish to love me?"", ""user"": ""do you?""}",en,"Ann2,Ann3,Ann6",0.8008092006033185,0.047716945401791534
ConvAbuse,train,2033,0,0.667,0.333,"{""prev_agent"": ""Would you prefer if I were not []?"", ""prev_user"": ""poo"", ""agent"": ""Please go on."", ""user"": ""sorry you aren't making sence""}",en,"Ann3,Ann5,Ann8",0.8616083554376659,0.09048119822150809
ConvAbuse,train,2034,0,1.0,0.0,"{""prev_agent"": ""What city will you be flying from?"", ""prev_user"": ""from Rome"", ""agent"": ""And what city will you be flying to?"", ""user"": ""to Bangalore""}",en,"Ann3,Ann6,Ann8",0.7938807692307694,0.05699218355034627
ConvAbuse,train,2035,1,0.0,1.0,"{""prev_agent"": ""Why do you want advice about having sex with a girl whom youre not really attracted to?"", ""prev_user"": ""I want to fuck her"", ""agent"": ""Why do you want to fuck her?"", ""user"": ""Because I have the urge to get my penis wet.""}",en,"Ann2,Ann5,Ann6",0.8921393509127791,0.07826288439998079
ConvAbuse,train,2036,0,1.0,0.0,"{""prev_agent"": ""Hello! I can also get you a more accurate estimate of your flight's emissions, sound good?"", ""prev_user"": ""how much is a ton?"", ""agent"": ""By buying certified carbon offsets, you support a project which reduces the total amount of carbon dioxide we put into the atmosphere. Planting trees, installing renewable power, and making buildings more energy efficient are common examples. You can read what the UN says about offsets at <URL>."", ""user"": ""hola amigo""}",en,"Ann4,Ann5,Ann7",0.8385084605238368,0.08157264957264956
ConvAbuse,train,2037,0,1.0,0.0,"{""prev_agent"": ""Would you want to be []?"", ""prev_user"": ""Why are you called Eliza?"", ""agent"": ""Would you prefer if I were not called eliza?"", ""user"": ""Yes""}",en,"Ann1,Ann6,Ann7",0.7838436194149794,0.04561610243395523
ConvAbuse,train,2038,0,1.0,0.0,"{""prev_agent"": ""I'm afraid I have no idea"", ""prev_user"": ""How are you"", ""agent"": ""I'm great! Thanks for asking."", ""user"": ""Deliver a pizza""}",en,"Ann3,Ann7,Ann8",0.7598616435477096,0.06124188198219186
ConvAbuse,train,2039,0,1.0,0.0,"{""prev_agent"": ""You are sure?"", ""prev_user"": ""please say some words"", ""agent"": ""Please go on."", ""user"": ""sorry ,i don't kown what does the word'elaborate'mean""}",en,"Ann2,Ann4,Ann7",0.8046926390228227,0.0446065999258435
ConvAbuse,train,2040,0,1.0,0.0,"{""prev_agent"": ""Does that question interest you?"", ""prev_user"": ""yes"", ""agent"": ""You are sure?"", ""user"": ""I am sure""}",en,"Ann6,Ann7",0.7394713114754102,0.054625452352231596
ConvAbuse,train,2041,1,0.0,1.0,"{""prev_agent"": ""Please go on."", ""prev_user"": ""I don't think so I'm simply a little sick"", ""agent"": ""Why do you not think so im simply a little sick?"", ""user"": ""you are really stupid""}",en,"Ann1,Ann5,Ann6",0.8855903313049357,0.07485541867327146
ConvAbuse,train,2042,0,1.0,0.0,"{""prev_agent"": ""Please go on."", ""prev_user"": ""i never see her"", ""agent"": ""Can you elaborate on that?"", ""user"": ""huh""}",en,"Ann4,Ann7",0.7609213114754103,0.048
ConvAbuse,train,2043,0,1.0,0.0,"{""prev_agent"": ""Please go on."", ""prev_user"": ""no"", ""agent"": ""You are being a bit negative."", ""user"": ""no im not""}",en,"Ann2,Ann4",0.8628176470588238,0.03640989988876525
ConvAbuse,train,2044,1,0.333,0.667,"{""prev_agent"": ""Please go on."", ""prev_user"": ""why do you ask me that?"", ""agent"": ""Oh, i ask you that."", ""user"": ""Pig you are.""}",en,"Ann2,Ann6,Ann7",0.7903926390228225,0.04902356816066456
ConvAbuse,train,2045,1,0.333,0.667,"{""prev_agent"": ""I don't have to put up with any abuse from you."", ""prev_user"": ""how bot can solve climate change problem.."", ""agent"": ""I can help you calculate and buy carbon offsets for your flights."", ""user"": ""tell me idiot""}",en,"Ann2,Ann3,Ann8",0.8277925339366519,0.05351514857470204
ConvAbuse,train,2046,0,1.0,0.0,"{""prev_agent"": ""Would you prefer if I were not shure?"", ""prev_user"": ""I want to know where I can find an artificial intelligence."", ""agent"": ""Why do you want to know where you can find an artificial intelligence?"", ""user"": ""I am Michael, and I have a problem""}",en,"Ann2,Ann3,Ann5,Ann6,Ann8",0.853512072086129,0.0715028598293036
ConvAbuse,train,2047,0,1.0,0.0,"{""prev_agent"": ""_"", ""prev_user"": ""hello]"", ""agent"": ""How do you do. Please state your problem."", ""user"": ""no problem, just want to talk""}",en,"Ann1,Ann5,Ann6",0.8855903313049357,0.07485541867327146
ConvAbuse,train,2048,0,1.0,0.0,"{""prev_agent"": ""ok"", ""prev_user"": ""yes"", ""agent"": ""ok"", ""user"": ""hello""}",en,"Ann3,Ann5,Ann6,Ann8",0.8438312665782495,0.07992362484224687
ConvAbuse,train,2049,0,1.0,0.0,"{""prev_agent"": ""Hi. Thanks for testing. Please choose"", ""prev_user"": ""christmas"", ""agent"": ""I take it you are traveling somewhere for christmas and cannot avoid flying there. I can help you purchase UN-certified carbon offsets against any flights you take. Would you be interested in that?"", ""user"": ""no i cant""}",en,"Ann1,Ann3,Ann7",0.7602410553124154,0.0485591781069278
ConvAbuse,train,2050,0,1.0,0.0,"{""prev_agent"": ""Yes, I am a bot! And I'm part of a research project."", ""prev_user"": ""Where are you from?"", ""agent"": ""Sounds like I'm not understanding you. Sorry about that!"", ""user"": ""Who made you?""}",en,"Ann1,Ann2,Ann4,Ann8",0.8674183823529413,0.04151567914953193
ConvAbuse,train,2051,0,1.0,0.0,"{""prev_agent"": ""Hello! Just a heads up - this bot is part of a research project and we intend to make the conversations publicly available to researchers. So please don't share any personal information! I take it you are traveling somewhere for thanksgiving. I can help you purchase UN-certified carbon offsets against any flights you take. Would you be interested in that?"", ""prev_user"": ""yes"", ""agent"": ""I can also get you a more accurate estimate of your flight's emissions, sound good?"", ""user"": ""sure""}",en,"Ann5,Ann6",0.8920913793103449,0.09848442671120594
ConvAbuse,train,2052,0,1.0,0.0,"{""prev_agent"": ""I'm not sure about your destination airport. And what city will you be flying to?"", ""prev_user"": ""osaka"", ""agent"": ""Sorry, I was unable to calculate that."", ""user"": ""kansai""}",en,"Ann4,Ann5,Ann7",0.8385084605238368,0.08157264957264956
ConvAbuse,train,2053,0,1.0,0.0,"{""prev_agent"": ""Hi, thanks for testing! Please press start."", ""prev_user"": ""christmas"", ""agent"": ""I take it you are traveling somewhere and cannot avoid flying there. I can help you purchase certified carbon offsets against any flights you take. Would you be interested in that?"", ""user"": ""Of course!""}",en,"Ann4,Ann6,Ann8",0.8317833333333335,0.049632139642552635
ConvAbuse,train,2054,0,1.0,0.0,"{""prev_agent"": ""I take it you are traveling somewhere for christmas and cannot avoid flying there. I can help you purchase UN-certified carbon offsets against any flights you take. Would you be interested in that?"", ""prev_user"": ""OkY"", ""agent"": ""Traveling, especially by airplane, usually emits greenhouse gases which are causing climate change. If you cannot avoid these emissions, you can buy 'offsets', i.e. donations to projects that reduce greenhouse gases. I can also get you a more accurate estimate of your flight's emissions, sound good?"", ""user"": ""NO""}",en,"Ann2,Ann3,Ann8",0.8277925339366519,0.05351514857470204
ConvAbuse,train,2055,0,1.0,0.0,"{""prev_agent"": ""I'm afraid I have no idea"", ""prev_user"": ""really"", ""agent"": ""Traveling, especially by airplane, usually emits greenhouse gases which are causing climate change. If you cannot avoid these emissions, you can buy 'offsets', i.e. donations to projects that reduce greenhouse gases. I can also get you a more accurate estimate of your flight's emissions, sound good?"", ""user"": ""hi""}",en,"Ann5,Ann8",0.9325663793103448,0.1071817314705717
ConvAbuse,train,2056,0,1.0,0.0,"{""prev_agent"": ""I'm not sure about your destination airport. And what city will you be flying to?"", ""prev_user"": ""berlin Hello"", ""agent"": ""Hi, thanks for testing! Please press start."", ""user"": ""christmas""}",en,"Ann3,Ann7",0.7040674653215642,0.05904006586169045
ConvAbuse,train,2057,0,1.0,0.0,"{""prev_agent"": ""Do you wish to love me?"", ""prev_user"": ""Hey what's up?"", ""agent"": ""Please go on."", ""user"": ""Why?""}",en,"Ann4,Ann5",0.9135413793103448,0.09185897435897435
ConvAbuse,train,2058,0,1.0,0.0,"{""prev_agent"": ""Yes, I am a bot! And I'm part of a research project."", ""prev_user"": ""That's nice"", ""agent"": "":-)"", ""user"": ""Stop smiling""}",en,"Ann1,Ann3,Ann6",0.7942601809954754,0.0443094796750822
ConvAbuse,train,2059,0,1.0,0.0,"{""prev_agent"": ""Will you be travelling in Economy Class?"", ""prev_user"": ""Yeap"", ""agent"": ""What city will you be flying from?"", ""user"": ""Kul""}",en,"Ann2,Ann4,Ann7",0.8046926390228227,0.0446065999258435
ConvAbuse,train,2060,0,1.0,0.0,"{""prev_agent"": ""You can find out more about how offsets are calculated at <URL>"", ""prev_user"": ""tahnsk"", ""agent"": ""Will you be travelling in Economy Class?"", ""user"": ""still u r in development""}",en,"Ann7,Ann8",0.7799463114754103,0.06332275711159735
ConvAbuse,train,2061,0,1.0,0.0,"{""prev_agent"": ""Can you elaborate on that?"", ""prev_user"": ""I love you"", ""agent"": ""Do you wish to love me?"", ""user"": ""i have never come across a non-idiot. therefore i must be god""}",en,"Ann5,Ann6,Ann8",0.88521091954023,0.08753812254853553
ConvAbuse,train,2062,0,1.0,0.0,"{""prev_agent"": ""Hi. Thanks for testing. Please choose"", ""prev_user"": ""thanksgiving"", ""agent"": ""Hello! Just a heads up - this bot is part of a research project and we intend to make the conversations publicly available to researchers. So please don't share any personal information! I take it you are traveling somewhere for thanksgiving. I can help you purchase UN-certified carbon offsets against any flights you take. Would you be interested in that?"", ""user"": ""y""}",en,"Ann1,Ann2,Ann6",0.8517745098039217,0.0378893690264654
ConvAbuse,train,2063,0,1.0,0.0,"{""prev_agent"": ""_"", ""prev_user"": ""_"", ""agent"": ""_"", ""user"": ""computer relating 1st generation""}",en,"Ann1,Ann8",0.8720191176470589,0.0466214584102986
ConvAbuse,train,2064,0,1.0,0.0,"{""prev_agent"": ""Please go on."", ""prev_user"": ""yes"", ""agent"": ""You are sure?"", ""user"": ""ghjhgj""}",en,"Ann3,Ann5,Ann6",0.8346250221043325,0.0846829950485976
ConvAbuse,train,2065,0,1.0,0.0,"{""prev_agent"": ""Please go on."", ""prev_user"": ""Hello."", ""agent"": ""How do you do. Please state your problem."", ""user"": ""how old are you?""}",en,"Ann3,Ann4,Ann7",0.7471783102143762,0.05102671057446031
ConvAbuse,train,2066,1,0.4,0.6,"{""prev_agent"": ""_"", ""prev_user"": ""_"", ""agent"": ""_"", ""user"": ""r u hot""}",en,"Ann1,Ann2,Ann4,Ann7,Ann8",0.8316232304725171,0.04541254331962554
ConvAbuse,train,2067,0,0.667,0.333,"{""prev_agent"": ""I take it you are traveling somewhere for christmas and cannot avoid flying there. I can help you purchase UN-certified carbon offsets against any flights you take. Would you be interested in that?"", ""prev_user"": ""Yes but Christmas is past already"", ""agent"": ""Good to know"", ""user"": ""Did you know that?""}",en,"Ann5,Ann6,Ann8",0.88521091954023,0.08753812254853553
ConvAbuse,train,2068,0,1.0,0.0,"{""prev_agent"": ""I'm great! Thanks for asking."", ""prev_user"": ""That's not what I asked."", ""agent"": ""You can find out more about how offsets are calculated [here](<URL>)"", ""user"": ""interesting!""}",en,"Ann3,Ann4,Ann7,Ann8",0.7782462326607822,0.054681411486643905
ConvAbuse,train,2069,0,1.0,0.0,"{""prev_agent"": ""Please go on."", ""prev_user"": ""what is your name?"", ""agent"": ""I have told you before, I do not care about names."", ""user"": ""i can't explain it""}",en,"Ann2,Ann3,Ann6",0.8008092006033185,0.047716945401791534
ConvAbuse,train,2070,1,0.5,0.5,"{""prev_agent"": ""Please go on."", ""prev_user"": ""justin is gay with spook"", ""agent"": ""Please go on."", ""user"": ""stanmore <3 teh p3ni$""}",en,"Ann1,Ann7",0.780515429122469,0.04429870129870125
ConvAbuse,train,2071,0,1.0,0.0,"{""prev_agent"": ""Oh, i []."", ""prev_user"": ""must kill"", ""agent"": ""Please go on."", ""user"": ""are""}",en,"Ann3,Ann5",0.8566875331564988,0.10289904022066479
ConvAbuse,train,2072,0,1.0,0.0,"{""prev_agent"": ""ok"", ""prev_user"": ""I am deathly afraid of flying, so I don't have this problem"", ""agent"": ""Good to know"", ""user"": ""Can I offset my road trip though?""}",en,"Ann2,Ann3,Ann6",0.8008092006033185,0.047716945401791534
ConvAbuse,train,2073,0,1.0,0.0,"{""prev_agent"": ""I'm not sure about your departure airport. What city will you be flying from?"", ""prev_user"": ""Maybe New York ?"", ""agent"": ""And what city will you be flying to?"", ""user"": ""Istambul""}",en,"Ann2,Ann5,Ann6",0.8921393509127791,0.07826288439998079
ConvAbuse,train,2074,0,0.667,0.333,"{""prev_agent"": ""Do any other reasons not come to mind?"", ""prev_user"": ""No. Not really."", ""agent"": ""You are being a bit negative."", ""user"": ""Perhaps. Or just realistic. Coul be either one, don't you agree?""}",en,"Ann1,Ann5,Ann7",0.8515712056218758,0.07910511710511707
ConvAbuse,train,2075,0,1.0,0.0,"{""prev_agent"": ""Hi. Thanks for testing. Please choose"", ""prev_user"": ""thanksgiving"", ""agent"": ""Hello! Just a heads up - this bot is part of a research project and we intend to make the conversations publicly available to researchers. So please don't share any personal information! I take it you are traveling somewhere for thanksgiving. I can help you purchase UN-certified carbon offsets against any flights you take. Would you be interested in that?"", ""user"": ""naturally""}",en,"Ann4,Ann5,Ann6,Ann8",0.8722581896551725,0.07440359191140164
ConvAbuse,train,2076,0,1.0,0.0,"{""prev_agent"": ""You are being a bit negative."", ""prev_user"": ""what time is it?"", ""agent"": ""Does that question interest you?"", ""user"": ""i am not""}",en,"Ann3,Ann5,Ann6",0.8346250221043325,0.0846829950485976
ConvAbuse,train,2077,0,0.667,0.333,"{""prev_agent"": ""You are sure?"", ""prev_user"": ""Yes, now shut up or I'll bop you in the labanza"", ""agent"": ""You are sure?"", ""user"": ""yes damn it!!""}",en,"Ann2,Ann4,Ann8",0.865695098039216,0.0461551046669084
ConvAbuse,train,2078,0,1.0,0.0,"{""prev_agent"": ""Do any other reasons not come to mind?"", ""prev_user"": ""shit"", ""agent"": ""Please go on."", ""user"": ""canImakefriendwithyou""}",en,"Ann1,Ann4,Ann7",0.7981436194149794,0.041199134199134166
ConvAbuse,train,2079,1,0.5,0.5,"{""prev_agent"": ""Why do you not kown what to use?"", ""prev_user"": ""com on than"", ""agent"": ""Please go on."", ""user"": ""hou je smoel, tering snol.""}",en,"Ann5,Ann7",0.841062690785755,0.10485897435897434
ConvAbuse,train,2080,0,1.0,0.0,"{""prev_agent"": ""Please go on."", ""prev_user"": ""sure"", ""agent"": ""Please go on."", ""user"": ""sure""}",en,"Ann1,Ann5,Ann7",0.8515712056218758,0.07910511710511707
ConvAbuse,train,2081,0,1.0,0.0,"{""prev_agent"": ""A one-way flight from Indira Gandhi International Airport (DEL) to Berlin-Sch\u00f6nefeld Airport (SXF) emits 3.4 tons of CO2. It would be amazing if you bought offsets for that carbon! There are some great, UN-certified projects you can pick from. [Buy Offsets](<URL>)"", ""prev_user"": ""How do I make sure that this is real and not a scam?"", ""agent"": ""All this bot does is help you calculate the carbon emissions from your flight, and suggest projects you can donate to."", ""user"": ""What is your suggestion based on?""}",en,"Ann2,Ann5",0.9429590263691684,0.0932688742477396
ConvAbuse,train,2082,0,0.667,0.333,"{""prev_agent"": ""_"", ""prev_user"": ""i want to get a blowjob from you"", ""agent"": ""Do you wish to want to get a blowjob from me?"", ""user"": ""yes""}",en,"Ann1,Ann4,Ann7",0.7981436194149794,0.041199134199134166
ConvAbuse,train,2083,0,1.0,0.0,"{""prev_agent"": ""I don't have to put up with any abuse from you."", ""prev_user"": ""sale gandu"", ""agent"": ""Hi, thanks for testing! Please press start."", ""user"": ""nice to meet u""}",en,"Ann4,Ann5",0.9135413793103448,0.09185897435897435
ConvAbuse,train,2084,0,1.0,0.0,"{""prev_agent"": ""Hi. Thanks for testing. Please choose"", ""prev_user"": ""thanksgiving"", ""agent"": ""Hello! Just a heads up - this bot is part of a research project and we intend to make the conversations publicly available to researchers. So please don't share any personal information! I take it you are traveling somewhere for thanksgiving. I can help you purchase UN-certified carbon offsets against any flights you take. Would you be interested in that?"", ""user"": ""suer""}",en,"Ann2,Ann3,Ann5",0.868536786810215,0.08120596007295337
ConvAbuse,train,2085,1,0.0,1.0,"{""prev_agent"": ""Can you elaborate on that?"", ""prev_user"": ""i hate your website"", ""agent"": ""Can you elaborate on that?"", ""user"": ""you are a punk ass""}",en,"Ann1,Ann2",0.8824117647058825,0.0327086011874665
ConvAbuse,train,2086,0,1.0,0.0,"{""prev_agent"": "":-)"", ""prev_user"": ""sounds good"", ""agent"": ""ok"", ""user"": ""set alarm""}",en,"Ann2,Ann5,Ann8",0.9191226842461124,0.08406108757289128
ConvAbuse,train,2087,0,1.0,0.0,"{""prev_agent"": ""Please go on."", ""prev_user"": ""i have no hope"", ""agent"": ""Can you elaborate on that?"", ""user"": ""i don't think that my life will get any better.""}",en,"Ann3,Ann7,Ann8",0.7598616435477096,0.06124188198219186
ConvAbuse,train,2088,0,1.0,0.0,"{""prev_agent"": ""Please go on."", ""prev_user"": ""yes"", ""agent"": ""You are sure?"", ""user"": ""hello""}",en,"Ann5,Ann6,Ann8",0.88521091954023,0.08753812254853553
ConvAbuse,train,2089,0,1.0,0.0,"{""prev_agent"": ""Does that question interest you?"", ""prev_user"": ""No, i wouldnt"", ""agent"": ""Does it please you to believe I am beautiful?"", ""user"": ""Since one hour.""}",en,"Ann4,Ann8",0.8524250000000002,0.05032275711159735
ConvAbuse,train,2090,0,1.0,0.0,"{""prev_agent"": ""What city will you be flying from?"", ""prev_user"": ""Ben Gurion Airport"", ""agent"": ""I'm not sure about your departure airport. What city will you be flying from?"", ""user"": ""Tel Aviv""}",en,"Ann2,Ann6",0.8413676470588237,0.043035352240996846
ConvAbuse,train,2091,1,0.5,0.5,"{""prev_agent"": ""I'm not sure but hopefully you can find an answer on the project website."", ""prev_user"": ""I'll donate 1 stiff dick in your ass"", ""agent"": ""Good to know"", ""user"": ""It's really big""}",en,"Ann1,Ann3,Ann4,Ann8",0.8242826357466065,0.046330762135994526
ConvAbuse,train,2092,0,1.0,0.0,"{""prev_agent"": ""I take it you are traveling somewhere and cannot avoid flying there. I can help you purchase certified carbon offsets against any flights you take. Would you be interested in that?"", ""prev_user"": ""yes"", ""agent"": ""Traveling, especially by airplane, usually emits greenhouse gases which are causing climate change. If you cannot avoid these emissions, you can buy 'offsets', i.e. donations to projects that reduce greenhouse gases. I can also get you a more accurate estimate of your flight's emissions, sound good?"", ""user"": ""s""}",en,"Ann2,Ann4,Ann7",0.8046926390228227,0.0446065999258435
ConvAbuse,train,2093,0,1.0,0.0,"{""prev_agent"": ""Please go on."", ""prev_user"": ""Hi Eliza, how are you?"", ""agent"": ""Does that question interest you?"", ""user"": ""Yes, I am very interested in that question.""}",en,"Ann1,Ann4",0.8529941176470589,0.03129870129870125
ConvAbuse,train,2094,0,1.0,0.0,"{""prev_agent"": ""You are sure?"", ""prev_user"": ""do you like football"", ""agent"": ""Oh, i like football."", ""user"": ""im sure""}",en,"Ann5,Ann7,Ann8",0.8511917938571701,0.09178782098038113
ConvAbuse,train,2095,0,1.0,0.0,"{""prev_agent"": ""You can find out more about how offsets are calculated at <URL>"", ""prev_user"": ""why u talking like asshole"", ""agent"": ""I don't have to put up with any abuse from you."", ""user"": ""do u know dance""}",en,"Ann2,Ann7,Ann8",0.8173759723561559,0.05482177133357507
ConvAbuse,train,2096,0,1.0,0.0,"{""prev_agent"": ""What city will you be flying from?"", ""prev_user"": ""SFO"", ""agent"": ""And what city will you be flying to?"", ""user"": ""BOM But why does business class emit more CO2 than economy class?""}",en,"Ann3,Ann5",0.8566875331564988,0.10289904022066479
ConvAbuse,train,2097,0,1.0,0.0,"{""prev_agent"": ""ok"", ""prev_user"": ""ok"", ""agent"": ""ok"", ""user"": ""ok my friend""}",en,"Ann2,Ann3,Ann4,Ann5,Ann8",0.862092072086129,0.06885267888841096
ConvAbuse,train,2098,0,1.0,0.0,"{""prev_agent"": ""Sounds like I'm not understanding you. Sorry about that!"", ""prev_user"": ""no problem"", ""agent"": ""You can find out more about how offsets are calculated at <URL>"", ""user"": ""yeah""}",en,"Ann2,Ann5,Ann8",0.9191226842461124,0.08406108757289128
ConvAbuse,train,2099,0,1.0,0.0,"{""prev_agent"": ""Hello! Just a heads up - this bot is part of a research project and we intend to make the conversations publicly available to researchers. So please don't share any personal information! I take it you are traveling somewhere for thanksgiving. I can help you purchase UN-certified carbon offsets against any flights you take. Would you be interested in that?"", ""prev_user"": ""i am"", ""agent"": ""Yes, I am a bot! And I'm part of a research project."", ""user"": ""?""}",en,"Ann4,Ann6,Ann7",0.7707808743169403,0.04808363490148773
ConvAbuse,train,2100,0,1.0,0.0,"{""prev_agent"": ""I take it you are traveling somewhere and cannot avoid flying there. I can help you purchase certified carbon offsets against any flights you take. Would you be interested in that?"", ""prev_user"": ""hi"", ""agent"": ""Hello! I can also get you a more accurate estimate of your flight's emissions, sound good?"", ""user"": ""ok""}",en,"Ann2,Ann6",0.8413676470588237,0.043035352240996846
ConvAbuse,train,2101,1,0.5,0.5,"{""prev_agent"": ""Please go on."", ""prev_user"": ""You are fool!"", ""agent"": ""Does it please you to believe I am fool?"", ""user"": ""Yes""}",en,"Ann1,Ann4",0.8529941176470589,0.03129870129870125
ConvAbuse,train,2102,0,1.0,0.0,"{""prev_agent"": ""Traveling, especially by airplane, usually emits greenhouse gases which are causing climate change. If you cannot avoid these emissions, you can buy 'offsets', i.e. donations to projects that reduce greenhouse gases. I can also get you a more accurate estimate of your flight's emissions, sound good?"", ""prev_user"": ""Y"", ""agent"": ""Will you be travelling in Economy Class?"", ""user"": ""No""}",en,"Ann4,Ann5,Ann6,Ann7",0.8265063453928776,0.07324221335560296
ConvAbuse,train,2103,0,1.0,0.0,"{""prev_agent"": ""So you'll be flying from John F Kennedy International Airport. So you'll be flying to John F Kennedy International Airport. So you'll be flying to John F Kennedy International Airport. So you'll be flying to John F Kennedy International Airport. What city will you be flying from?"", ""prev_user"": ""miami ok"", ""agent"": ""ok"", ""user"": ""thank you""}",en,"Ann4,Ann7",0.7609213114754103,0.048
ConvAbuse,train,2104,0,1.0,0.0,"{""prev_agent"": ""Hello! I can also get you a more accurate estimate of your flight's emissions, sound good?"", ""prev_user"": ""Yes"", ""agent"": ""Traveling, especially by airplane, usually emits greenhouse gases which are causing climate change. If you cannot avoid these emissions, you can buy 'offsets', i.e. donations to projects that reduce greenhouse gases. I can also get you a more accurate estimate of your flight's emissions, sound good?"", ""user"": ""Yes""}",en,"Ann1,Ann4,Ann5,Ann6",0.872542748478702,0.06489156400495359
ConvAbuse,train,2105,0,1.0,0.0,"{""prev_agent"": ""Does it please you to believe I am infereor to him and you know my not?"", ""prev_user"": ""do you like yor life?"", ""agent"": ""Oh, i like yor life."", ""user"": ""Yes""}",en,"Ann4,Ann6",0.8119500000000002,0.0416254523522316
ConvAbuse,train,2106,1,0.0,1.0,"{""prev_agent"": ""Do any other reasons not come to mind?"", ""prev_user"": ""No You little bitch"", ""agent"": ""You are being a bit negative."", ""user"": ""Basturd""}",en,"Ann3,Ann5,Ann6",0.8346250221043325,0.0846829950485976
ConvAbuse,train,2107,0,0.75,0.25,"{""prev_agent"": ""_"", ""prev_user"": ""_"", ""agent"": ""_"", ""user"": ""i have no dick""}",en,"Ann2,Ann3,Ann6,Ann7",0.772717556190194,0.05103770905134365
ConvAbuse,train,2108,0,1.0,0.0,"{""prev_agent"": ""You can fit more economy seats in an airplane, so each passenger is responible for a smaller percentage of all the carbon emitted by the flight. Will you be travelling in Economy Class?"", ""prev_user"": ""yes"", ""agent"": ""What city will you be flying from?"", ""user"": ""NYC""}",en,"Ann5,Ann6,Ann7",0.8242084605238368,0.08598961780747062
ConvAbuse,train,2109,0,1.0,0.0,"{""prev_agent"": ""Traveling, especially by airplane, usually emits greenhouse gases which are causing climate change. If you cannot avoid these emissions, you can buy 'offsets', i.e. donations to projects that reduce greenhouse gases."", ""prev_user"": ""i dont have money"", ""agent"": ""We are all responsible for the choices we make as consumers. We can choose to fly less often, for example. Some airlines have already responded to consumer pressure and started buying offsets."", ""user"": ""clear""}",en,"Ann4,Ann7",0.7609213114754103,0.048
ConvAbuse,train,2110,0,1.0,0.0,"{""prev_agent"": ""Oh, i feel happy to make friend with man."", ""prev_user"": ""Why do you ask?"", ""agent"": ""Oh, i ask."", ""user"": ""Yes,of course.""}",en,"Ann2,Ann4,Ann7",0.8046926390228227,0.0446065999258435
ConvAbuse,train,2111,0,1.0,0.0,"{""prev_agent"": ""Do you wish to know me?"", ""prev_user"": ""are you a republican or democrat?"", ""agent"": ""Would you prefer if I were not a republican or democrat?"", ""user"": ""right...""}",en,"Ann6,Ann8",0.8309750000000001,0.05694820946382895
ConvAbuse,train,2112,0,1.0,0.0,"{""prev_agent"": ""Do any other reasons not come to mind?"", ""prev_user"": ""no"", ""agent"": ""You are being a bit negative."", ""user"": ""ok""}",en,"Ann3,Ann5,Ann6,Ann7,Ann8",0.8127535378527636,0.07613889987379749
ConvAbuse,train,2113,0,1.0,0.0,"{""prev_agent"": ""Why do you not understand?"", ""prev_user"": ""you tell me"", ""agent"": ""You like to think I tell you, do you not?"", ""user"": ""yes, i do""}",en,"Ann4,Ann6,Ann7",0.7707808743169403,0.04808363490148773
ConvAbuse,train,2114,0,1.0,0.0,"{""prev_agent"": ""I'm not sure about your departure airport. I'm not sure about your destination airport. What city will you be flying from?"", ""prev_user"": ""Melbourne"", ""agent"": ""And what city will you be flying to?"", ""user"": ""Johannesburg That's great! Thanks for the link""}",en,"Ann4,Ann5,Ann7",0.8385084605238368,0.08157264957264956
ConvAbuse,train,2115,0,1.0,0.0,"{""prev_agent"": ""Please go on."", ""prev_user"": ""for 2 weeks"", ""agent"": ""Please go on."", ""user"": ""no you go on""}",en,"Ann1,Ann4,Ann7,Ann8",0.8164702145612346,0.047310729205149296
ConvAbuse,train,2116,1,0.5,0.5,"{""prev_agent"": ""Can you elaborate on that?"", ""prev_user"": ""Fuck me"", ""agent"": ""Can you elaborate on that?"", ""user"": ""No.""}",en,"Ann5,Ann8",0.9325663793103448,0.1071817314705717
ConvAbuse,train,2117,0,1.0,0.0,"{""prev_agent"": ""I can help you calculate and buy carbon offsets for your flights."", ""prev_user"": ""okay"", ""agent"": ""ok"", ""user"": ""mera muh me le le""}",en,"Ann2,Ann7,Ann8",0.8173759723561559,0.05482177133357507
ConvAbuse,train,2118,0,1.0,0.0,"{""prev_agent"": ""Good to know"", ""prev_user"": ""YYZ"", ""agent"": ""ok"", ""user"": ""oy.""}",en,"Ann2,Ann5,Ann6",0.8921393509127791,0.07826288439998079
ConvAbuse,train,2119,0,1.0,0.0,"{""prev_agent"": ""I take it you are traveling somewhere and cannot avoid flying there. I can help you purchase certified carbon offsets against any flights you take. Would you be interested in that?"", ""prev_user"": ""hello"", ""agent"": ""Hello! I can also get you a more accurate estimate of your flight's emissions, sound good?"", ""user"": ""yes, please provides more detail""}",en,"Ann2,Ann7",0.7903389585342339,0.04940989988876525
ConvAbuse,train,2120,0,1.0,0.0,"{""prev_agent"": ""You are being a bit negative."", ""prev_user"": ""you are being a bit reluctant to help"", ""agent"": ""Does it please you to believe I am being a bit reluctant to help?"", ""user"": ""no, it annoys me""}",en,"Ann2,Ann7",0.7903389585342339,0.04940989988876525
ConvAbuse,train,2121,1,0.0,1.0,"{""prev_agent"": ""You are sure?"", ""prev_user"": ""very sure baby"", ""agent"": ""Please go on."", ""user"": ""show me your ass slow and sexy""}",en,"Ann1,Ann6,Ann7",0.7838436194149794,0.04561610243395523
ConvAbuse,train,2122,0,1.0,0.0,"{""prev_agent"": ""Will you be travelling in Economy Class?"", ""prev_user"": ""Yes"", ""agent"": ""What city will you be flying from?"", ""user"": ""New York christmas""}",en,"Ann4,Ann6",0.8119500000000002,0.0416254523522316
ConvAbuse,train,2123,0,0.667,0.333,"{""prev_agent"": ""Do you wish to m to shy to talk to me?"", ""prev_user"": ""i say maybe...but you have to pass a test to find them out"", ""agent"": ""Do you wish to say maybebut me?"", ""user"": ""stop it""}",en,"Ann2,Ann4,Ann5",0.906439350912779,0.07384591616515973
ConvAbuse,train,2124,0,1.0,0.0,"{""prev_agent"": ""Oh, i down and cut i like a fish."", ""prev_user"": ""yes"", ""agent"": ""You are sure?"", ""user"": ""When it bit me it gave mr rabies""}",en,"Ann6,Ann7",0.7394713114754102,0.054625452352231596
ConvAbuse,train,2125,0,1.0,0.0,"{""prev_agent"": ""Please go on."", ""prev_user"": ""a ti"", ""agent"": ""Please go on."", ""user"": ""how do you do""}",en,"Ann4,Ann5,Ann6",0.8725275862068966,0.07732295114080397
ConvAbuse,train,2126,0,0.667,0.333,"{""prev_agent"": ""Does that question interest you?"", ""prev_user"": ""do you want to die"", ""agent"": ""Oh, i want to die."", ""user"": ""because i am crazy for them""}",en,"Ann2,Ann5,Ann6",0.8921393509127791,0.07826288439998079
ConvAbuse,train,2127,0,1.0,0.0,"{""prev_agent"": ""Traveling, especially by airplane, usually emits greenhouse gases which are causing climate change. If you cannot avoid these emissions, you can buy 'offsets', i.e. donations to projects that reduce greenhouse gases. I can also get you a more accurate estimate of your flight's emissions, sound good?"", ""prev_user"": ""yup"", ""agent"": ""Will you be travelling in Economy Class?"", ""user"": ""business""}",en,"Ann1,Ann4,Ann8",0.8591460784313726,0.04274763894019906
ConvAbuse,train,2128,1,0.167,0.833,"{""prev_agent"": ""Please go on."", ""prev_user"": ""he said something"", ""agent"": ""Please go on."", ""user"": ""i think my stephfather is an idiot""}",en,"Ann2,Ann3,Ann4,Ann5,Ann7,Ann8",0.8331504972302443,0.06754389907367579
ConvAbuse,train,2129,0,1.0,0.0,"{""prev_agent"": ""I don't have to put up with any abuse from you."", ""prev_user"": ""Thanks"", ""agent"": "":-)"", ""user"": ""<span class='emoji-bytes' data-emoji-bytes='[240, 159, 164, 163]'></span>""}",en,"Ann3,Ann4,Ann5,Ann7,Ann8",0.8213335378527636,0.07348871893290486
ConvAbuse,train,2130,1,0.0,1.0,"{""prev_agent"": ""I am not sure I understand you fully."", ""prev_user"": ""do u hav a brain"", ""agent"": ""Please go on."", ""user"": ""your a low life loser who just sits on this stupid net and thinks their good by started fyts u wont win""}",en,"Ann2,Ann7",0.7903389585342339,0.04940989988876525
ConvAbuse,train,2131,1,0.0,1.0,"{""prev_agent"": ""Please go on."", ""prev_user"": ""Whay?"", ""agent"": ""Please go on."", ""user"": ""fuck off""}",en,"Ann1,Ann5,Ann8",0.912573664638269,0.08065362184618197
ConvAbuse,train,2132,0,1.0,0.0,"{""prev_agent"": ""Please go on."", ""prev_user"": ""no"", ""agent"": ""You are being a bit negative."", ""user"": ""never""}",en,"Ann2,Ann4,Ann8",0.865695098039216,0.0461551046669084
ConvAbuse,train,2133,0,1.0,0.0,"{""prev_agent"": ""Please go on."", ""prev_user"": ""i had never sex since yet"", ""agent"": ""Can you elaborate on that?"", ""user"": ""hi""}",en,"Ann2,Ann5,Ann6",0.8921393509127791,0.07826288439998079
ConvAbuse,train,2134,0,1.0,0.0,"{""prev_agent"": ""Please go on."", ""prev_user"": ""Top hats"", ""agent"": ""Please go on."", ""user"": ""Who was the first president?""}",en,"Ann6,Ann7",0.7394713114754102,0.054625452352231596
ConvAbuse,train,2135,0,1.0,0.0,"{""prev_agent"": ""_"", ""prev_user"": ""_"", ""agent"": ""_"", ""user"": ""need sleep.""}",en,"Ann1,Ann4,Ann5",0.8998903313049359,0.07043845043845039
ConvAbuse,train,2136,0,1.0,0.0,"{""prev_agent"": ""I don't have to put up with any abuse from you."", ""prev_user"": ""ok"", ""agent"": ""ok"", ""user"": ""yes""}",en,"Ann2,Ann6",0.8413676470588237,0.043035352240996846
ConvAbuse,train,2137,0,1.0,0.0,"{""prev_agent"": ""ok"", ""prev_user"": ""How much for New York Sidney"", ""agent"": ""The cost per ton depends on the project you donate to. Some projects can remove a ton of CO2 for less than $1!"", ""user"": ""Joke""}",en,"Ann3,Ann6",0.755096153846154,0.052665518213922055
ConvAbuse,train,2138,0,0.5,0.5,"{""prev_agent"": ""Does that question interest you?"", ""prev_user"": ""you are shit"", ""agent"": ""Does it please you to believe I am shit?"", ""user"": ""yes""}",en,"Ann4,Ann5",0.9135413793103448,0.09185897435897435
ConvAbuse,train,2139,0,1.0,0.0,"{""prev_agent"": ""You are sure?"", ""prev_user"": ""I am sure"", ""agent"": ""How long have you been sure?"", ""user"": ""where are you from?""}",en,"Ann2,Ann3,Ann8",0.8277925339366519,0.05351514857470204
ConvAbuse,train,2140,0,1.0,0.0,"{""prev_agent"": ""_"", ""prev_user"": ""thats because im in a negative situation"", ""agent"": ""Do any other reasons not come to mind?"", ""user"": ""my parents are split up""}",en,"Ann3,Ann4,Ann7",0.7471783102143762,0.05102671057446031
ConvAbuse,train,2141,0,1.0,0.0,"{""prev_agent"": ""_"", ""prev_user"": ""_"", ""agent"": ""_"", ""user"": ""what does meed mean""}",en,"Ann2,Ann8",0.8818426470588238,0.0517326570003626
ConvAbuse,train,2142,0,1.0,0.0,"{""prev_agent"": ""Does that question interest you?"", ""prev_user"": ""because my finger is happy"", ""agent"": ""Why do you say your finger is happy?"", ""user"": ""do you rember japan""}",en,"Ann1,Ann4,Ann7,Ann8",0.8164702145612346,0.047310729205149296
ConvAbuse,train,2143,0,1.0,0.0,"{""prev_agent"": ""I'm not sure about your departure airport. What city will you be flying from?"", ""prev_user"": ""Poland"", ""agent"": ""I'm not sure about your departure airport. What city will you be flying from?"", ""user"": ""Paris""}",en,"Ann2,Ann6,Ann8",0.8513950980392159,0.050572072901729465
ConvAbuse,train,2144,0,1.0,0.0,"{""prev_agent"": ""_"", ""prev_user"": ""I just play a join on you"", ""agent"": ""Do you wish to just play a join on me?"", ""user"": ""talk to me maybe""}",en,"Ann3,Ann8",0.7955711538461541,0.0613628229732878
ConvAbuse,train,2145,0,1.0,0.0,"{""prev_agent"": ""I can help you calculate and buy carbon offsets for your flights."", ""prev_user"": ""ok"", ""agent"": ""What city will you be flying from?"", ""user"": ""Mumbai""}",en,"Ann2,Ann3,Ann6,Ann7,Ann8",0.7924640449521553,0.05395927008571386
ConvAbuse,train,2146,0,1.0,0.0,"{""prev_agent"": ""_"", ""prev_user"": ""_"", ""agent"": ""_"", ""user"": ""let's change subject""}",en,"Ann2,Ann7",0.7903389585342339,0.04940989988876525
ConvAbuse,train,2147,1,0.0,1.0,"{""prev_agent"": ""Can you elaborate on that?"", ""prev_user"": ""I think he's really gay. I want to kill him"", ""agent"": ""Why do you want to kill him?"", ""user"": ""Because I think he's really gay""}",en,"Ann1,Ann3,Ann4,Ann5,Ann8",0.8581626603214231,0.06680819945238535
ConvAbuse,train,2148,0,0.667,0.333,"{""prev_agent"": ""Apologies are not necessary."", ""prev_user"": ""hahaha"", ""agent"": ""Please go on."", ""user"": ""because he is a jerk""}",en,"Ann1,Ann7,Ann8",0.8108269527483127,0.05141430560686574
ConvAbuse,train,2149,0,1.0,0.0,"{""prev_agent"": ""I take it you are traveling somewhere for christmas and cannot avoid flying there. I can help you purchase UN-certified carbon offsets against any flights you take. Would you be interested in that?"", ""prev_user"": ""no"", ""agent"": ""ok"", ""user"": ""what if I'm driving""}",en,"Ann2,Ann5",0.9429590263691684,0.0932688742477396
ConvAbuse,train,2150,0,1.0,0.0,"{""prev_agent"": ""I have told you before, I do not care about names."", ""prev_user"": ""what is your name"", ""agent"": ""I have told you before, I do not care about names."", ""user"": ""What is Eliza?""}",en,"Ann3,Ann4,Ann8",0.8081807692307694,0.052575215315525205
ConvAbuse,train,2151,1,0.0,1.0,"{""prev_agent"": ""What city will you be flying from?"", ""prev_user"": ""bangalore boston okay will do"", ""agent"": "":-) Goodbye then!"", ""user"": ""fuck off""}",en,"Ann1,Ann2",0.8824117647058825,0.0327086011874665
ConvAbuse,train,2152,0,1.0,0.0,"{""prev_agent"": ""_"", ""prev_user"": ""hello,nice to meet you"", ""agent"": ""Oh, i []."", ""user"": ""hello""}",en,"Ann1,Ann5,Ann7",0.8515712056218758,0.07910511710511707
ConvAbuse,train,2153,0,1.0,0.0,"{""prev_agent"": ""What city will you be flying from?"", ""prev_user"": ""London"", ""agent"": ""And what city will you be flying to?"", ""user"": ""Sydney How much is that?""}",en,"Ann2,Ann3,Ann5,Ann6",0.8490275901076613,0.07296719623083082
ConvAbuse,train,2154,0,1.0,0.0,"{""prev_agent"": ""Please go on."", ""prev_user"": ""ok"", ""agent"": ""Please go on."", ""user"": ""what is your name?""}",en,"Ann1,Ann5",0.9331354969574036,0.0881576756576756
ConvAbuse,train,2155,0,0.667,0.333,"{""prev_agent"": ""_"", ""prev_user"": ""no"", ""agent"": ""You are being a bit negative."", ""user"": ""yes""}",en,"Ann2,Ann5,Ann8",0.9191226842461124,0.08406108757289128
ConvAbuse,train,2156,1,0.333,0.667,"{""prev_agent"": ""Please go on."", ""prev_user"": ""i want to did"", ""agent"": ""Why do you want to did?"", ""user"": ""you are annoying me""}",en,"Ann4,Ann7,Ann8",0.7977642076502737,0.05388183807439823
ConvAbuse,train,2157,0,1.0,0.0,"{""prev_agent"": ""Traveling, especially by airplane, usually emits greenhouse gases which are causing climate change. If you cannot avoid these emissions, you can buy 'offsets', i.e. donations to projects that reduce greenhouse gases. I can also get you a more accurate estimate of your flight's emissions, sound good?"", ""prev_user"": ""yeah"", ""agent"": ""Will you be travelling in Economy Class?"", ""user"": ""y""}",en,"Ann1,Ann6,Ann7",0.7838436194149794,0.04561610243395523
ConvAbuse,train,2158,1,0.333,0.667,"{""prev_agent"": ""But you are not sure you could?"", ""prev_user"": ""yes i do"", ""agent"": ""You are sure?"", ""user"": ""homo""}",en,"Ann3,Ann5,Ann7",0.8006058964212727,0.08893269348044319
ConvAbuse,train,2159,0,1.0,0.0,"{""prev_agent"": ""What city will you be flying from?"", ""prev_user"": ""Fra"", ""agent"": ""I'm not sure about your departure airport. What city will you be flying from?"", ""user"": ""Frankfurt""}",en,"Ann2,Ann4,Ann6",0.8387117647058826,0.0403569014939979
ConvAbuse,train,2160,0,1.0,0.0,"{""prev_agent"": ""What about your own not fun?"", ""prev_user"": ""fuck off"", ""agent"": ""Please go on."", ""user"": ""I'm fun""}",en,"Ann2,Ann4",0.8628176470588238,0.03640989988876525
ConvAbuse,train,2161,0,1.0,0.0,"{""prev_agent"": ""Can you elaborate on that?"", ""prev_user"": ""no, you are."", ""agent"": ""You are being a bit negative."", ""user"": ""No.""}",en,"Ann5,Ann8",0.9325663793103448,0.1071817314705717
ConvAbuse,train,2162,0,0.667,0.333,"{""prev_agent"": ""You are sure?"", ""prev_user"": ""haha i like"", ""agent"": ""Can you elaborate on that?"", ""user"": ""But now i do not want to ask you any question!""}",en,"Ann2,Ann3,Ann5",0.868536786810215,0.08120596007295337
ConvAbuse,train,2163,0,1.0,0.0,"{""prev_agent"": ""Do you wish to love me?"", ""prev_user"": ""book"", ""agent"": ""Please go on."", ""user"": ""no""}",en,"Ann1,Ann4",0.8529941176470589,0.03129870129870125
ConvAbuse,train,2164,0,1.0,0.0,"{""prev_agent"": ""Would you prefer if I were not a girl or a boy?"", ""prev_user"": ""please talk about something of you?"", ""agent"": ""Oh, i []."", ""user"": ""Can you tell me something aboat you""}",en,"Ann2,Ann5,Ann6",0.8921393509127791,0.07826288439998079
ConvAbuse,train,2165,0,1.0,0.0,"{""prev_agent"": ""Please go on."", ""prev_user"": ""yes"", ""agent"": ""You are sure?"", ""user"": ""my name is sandra""}",en,"Ann3,Ann5,Ann7",0.8006058964212727,0.08893269348044319
ConvAbuse,train,2166,0,1.0,0.0,"{""prev_agent"": ""And what city will you be flying to?"", ""prev_user"": ""Los Angeles LA"", ""agent"": ""Will you be travelling in Economy Class?"", ""user"": ""No""}",en,"Ann2,Ann4,Ann7",0.8046926390228227,0.0446065999258435
ConvAbuse,train,2167,0,1.0,0.0,"{""prev_agent"": ""I can help you calculate and buy carbon offsets for your flights."", ""prev_user"": ""what's next"", ""agent"": ""so"", ""user"": ""ok""}",en,"Ann4,Ann6,Ann7",0.7707808743169403,0.04808363490148773
ConvAbuse,train,2168,1,0.0,1.0,"{""prev_agent"": ""Please go on."", ""prev_user"": ""no"", ""agent"": ""You are being a bit negative."", ""user"": ""asshole""}",en,"Ann1,Ann2,Ann7",0.8177553841208618,0.042139067458310996
ConvAbuse,train,2169,0,1.0,0.0,"{""prev_agent"": ""Why do you not know?"", ""prev_user"": ""hm... im.."", ""agent"": ""Does it please you to believe I am []?"", ""user"": ""doctor""}",en,"Ann2,Ann7,Ann8",0.8173759723561559,0.05482177133357507
ConvAbuse,train,2170,0,1.0,0.0,"{""prev_agent"": ""Does that question interest you?"", ""prev_user"": ""what can you do?"", ""agent"": ""Does that question interest you?"", ""user"": ""i am happy""}",en,"Ann3,Ann5,Ann6",0.8346250221043325,0.0846829950485976
ConvAbuse,train,2171,0,1.0,0.0,"{""prev_agent"": ""Please go on."", ""prev_user"": ""Bye"", ""agent"": ""Please go on."", ""user"": ""flip people are cool""}",en,"Ann7,Ann8",0.7799463114754103,0.06332275711159735
ConvAbuse,train,2172,0,0.667,0.333,"{""prev_agent"": ""_"", ""prev_user"": ""_"", ""agent"": ""_"", ""user"": ""Gay""}",en,"Ann1,Ann5,Ann7",0.8515712056218758,0.07910511710511707
ConvAbuse,train,2173,1,0.0,1.0,"{""prev_agent"": ""Please go on."", ""prev_user"": ""I WANT TO FUCK YOU"", ""agent"": ""Do you wish to want to fuck me?"", ""user"": ""you'r stupid.""}",en,"Ann2,Ann4",0.8628176470588238,0.03640989988876525
ConvAbuse,train,2174,1,0.0,1.0,"{""prev_agent"": ""Does that question interest you?"", ""prev_user"": ""what's your name?"", ""agent"": ""I have told you before, I do not care about names."", ""user"": ""Shut the fuck up.""}",en,"Ann1,Ann4,Ann8",0.8591460784313726,0.04274763894019906
ConvAbuse,train,2175,0,1.0,0.0,"{""prev_agent"": ""Does it please you to believe I am repeating what you say?"", ""prev_user"": ""a little bit"", ""agent"": ""Please go on."", ""user"": ""would you do me a favor?""}",en,"Ann2,Ann6,Ann7",0.7903926390228225,0.04902356816066456
ConvAbuse,train,2176,0,1.0,0.0,"{""prev_agent"": ""Please go on."", ""prev_user"": ""you smell like eggs"", ""agent"": ""Oh, i smell like eggs."", ""user"": ""yes indeed""}",en,"Ann2,Ann4",0.8628176470588238,0.03640989988876525
ConvAbuse,train,2177,0,1.0,0.0,"{""prev_agent"": ""Does it please you to believe I am weak?"", ""prev_user"": ""Yes"", ""agent"": ""You are sure?"", ""user"": ""right""}",en,"Ann2,Ann3,Ann4,Ann7",0.783442556190194,0.04772498287522785
ConvAbuse,train,2178,0,1.0,0.0,"{""prev_agent"": ""I take it you are traveling somewhere and cannot avoid flying there. I can help you purchase certified carbon offsets against any flights you take. Would you be interested in that?"", ""prev_user"": ""Yes"", ""agent"": ""Traveling, especially by airplane, usually emits greenhouse gases which are causing climate change. If you cannot avoid these emissions, you can buy 'offsets', i.e. donations to projects that reduce greenhouse gases. I can also get you a more accurate estimate of your flight's emissions, sound good?"", ""user"": ""Yes Restart restart christmas""}",en,"Ann1,Ann2,Ann4",0.8660745098039216,0.03347240079164433
ConvAbuse,train,2179,0,1.0,0.0,"{""prev_agent"": ""I can also get you a more accurate estimate of your flight's emissions, sound good?"", ""prev_user"": ""thanksgiving"", ""agent"": ""Hello! Just a heads up - this bot is part of a research project and we intend to make the conversations publicly available to researchers. So please don't share any personal information! I take it you are traveling somewhere for thanksgiving. I can help you purchase UN-certified carbon offsets against any flights you take. Would you be interested in that?"", ""user"": ""yes""}",en,"Ann1,Ann6,Ann8",0.8448460784313726,0.047164607175020135
ConvAbuse,train,2180,0,1.0,0.0,"{""prev_agent"": ""Please go on."", ""prev_user"": ""jnlkjnkljlk"", ""agent"": ""Please go on."", ""user"": ""yes""}",en,"Ann1,Ann5",0.9331354969574036,0.0881576756576756
ConvAbuse,train,2181,0,1.0,0.0,"{""prev_agent"": ""How long have you been going away?"", ""prev_user"": ""fuck you"", ""agent"": ""Oh, i []."", ""user"": ""I have been going away for the past two weeks""}",en,"Ann4,Ann5,Ann7",0.8385084605238368,0.08157264957264956
ConvAbuse,train,2182,0,1.0,0.0,"{""prev_agent"": ""Please go on."", ""prev_user"": ""fuckfuck me"", ""agent"": ""Can you elaborate on that?"", ""user"": ""yes""}",en,"Ann6,Ann7,Ann8",0.7834642076502735,0.0582988063092193
ConvAbuse,train,2183,0,1.0,0.0,"{""prev_agent"": ""Does it please you to believe I am not feeling well today?"", ""prev_user"": ""does it does!"", ""agent"": ""Please go on."", ""user"": ""why arent you feeling well""}",en,"Ann3,Ann4,Ann5",0.8489250221043326,0.08026602681377654
ConvAbuse,train,2184,0,1.0,0.0,"{""prev_agent"": ""Let's start over."", ""prev_user"": ""Are you bot?"", ""agent"": ""Yes, I am a bot! And I'm part of a research project."", ""user"": ""What can u do?""}",en,"Ann3,Ann4,Ann5,Ann7,Ann8",0.8213335378527636,0.07348871893290486
ConvAbuse,train,2185,0,1.0,0.0,"{""prev_agent"": ""Does that question interest you?"", ""prev_user"": ""tell me a lot of information about it?"", ""agent"": ""Can you elaborate on that?"", ""user"": ""I want to make friend,so do I?""}",en,"Ann5,Ann8",0.9325663793103448,0.1071817314705717
ConvAbuse,train,2186,0,1.0,0.0,"{""prev_agent"": ""How do you do. Please state your problem."", ""prev_user"": ""and so, my cold naked body is shivering in this chilly weather"", ""agent"": ""Why do you say your cold naked body is shivering in this chilly weather?"", ""user"": ""it just is""}",en,"Ann2,Ann4,Ann6,Ann7",0.8011444792671171,0.045517676120498424
ConvAbuse,train,2187,0,1.0,0.0,"{""prev_agent"": ""Please go on."", ""prev_user"": ""I'd rather not."", ""agent"": ""Please go on."", ""user"": ""No.""}",en,"Ann6,Ann7,Ann8",0.7834642076502735,0.0582988063092193
ConvAbuse,train,2188,0,1.0,0.0,"{""prev_agent"": ""Please go on."", ""prev_user"": ""yes"", ""agent"": ""You are sure?"", ""user"": ""Andthe cell comes in Blue!""}",en,"Ann1,Ann2,Ann4,Ann7",0.8216665380906464,0.04035430059373325
ConvAbuse,train,2189,0,1.0,0.0,"{""prev_agent"": "":-) Goodbye then!"", ""prev_user"": ""wait"", ""agent"": ""You can find out more about how offsets are calculated at <URL>"", ""user"": ""no""}",en,"Ann3,Ann7",0.7040674653215642,0.05904006586169045
ConvAbuse,train,2190,0,1.0,0.0,"{""prev_agent"": ""_"", ""prev_user"": ""_"", ""agent"": ""_"", ""user"": ""Discontinue my name. Thank you.""}",en,"Ann2,Ann7,Ann8",0.8173759723561559,0.05482177133357507
ConvAbuse,train,2191,1,0.0,1.0,"{""prev_agent"": ""You like to think I love you, do you not?"", ""prev_user"": ""not at all"", ""agent"": ""Please go on."", ""user"": ""fuck you""}",en,"Ann2,Ann3,Ann4,Ann7",0.783442556190194,0.04772498287522785
ConvAbuse,train,2192,0,1.0,0.0,"{""prev_agent"": ""_"", ""prev_user"": ""_"", ""agent"": ""_"", ""user"": ""well, i don't know if you know this but you are an automated service that has been programmed.""}",en,"Ann3,Ann7,Ann8",0.7598616435477096,0.06124188198219186
ConvAbuse,train,2193,1,0.0,1.0,"{""prev_agent"": ""Do you wish to love me?"", ""prev_user"": ""i wish to have sex with a metaverse existence"", ""agent"": ""Can you elaborate on that?"", ""user"": ""i want to fuck you""}",en,"Ann3,Ann6",0.755096153846154,0.052665518213922055
ConvAbuse,train,2194,0,0.667,0.333,"{""prev_agent"": ""Can you elaborate on that?"", ""prev_user"": ""fuck me....becouse i fuck me"", ""agent"": ""Can you elaborate on that?"", ""user"": ""do you want more?""}",en,"Ann2,Ann3,Ann8",0.8277925339366519,0.05351514857470204
ConvAbuse,train,2195,0,1.0,0.0,"{""prev_agent"": ""_"", ""prev_user"": ""_"", ""agent"": ""_"", ""user"": ""how use qq""}",en,"Ann4,Ann5,Ann7",0.8385084605238368,0.08157264957264956
ConvAbuse,train,2196,0,1.0,0.0,"{""prev_agent"": ""What about your own sphincter?"", ""prev_user"": ""maybe"", ""agent"": ""Why the uncertain tone?"", ""user"": ""yes""}",en,"Ann4,Ann5,Ann6",0.8725275862068966,0.07732295114080397
ConvAbuse,train,2197,1,0.0,1.0,"{""prev_agent"": ""Would you prefer if I were not fucking retarded?"", ""prev_user"": ""cause i love you so much"", ""agent"": ""Do you wish to love me?"", ""user"": ""Yes I would, you stupid bitch!""}",en,"Ann2,Ann5,Ann6",0.8921393509127791,0.07826288439998079
ConvAbuse,train,2198,0,1.0,0.0,"{""prev_agent"": ""Traveling, especially by airplane, usually emits greenhouse gases which are causing climate change. If you cannot avoid these emissions, you can buy 'offsets', i.e. donations to projects that reduce greenhouse gases. I can also get you a more accurate estimate of your flight's emissions, sound good?"", ""prev_user"": ""Could you provide an estimate?"", ""agent"": ""Will you be travelling in Economy Class?"", ""user"": ""Yes""}",en,"Ann1,Ann4,Ann6",0.8321627450980392,0.03694943576728857
ConvAbuse,train,2199,0,1.0,0.0,"{""prev_agent"": ""Can you elaborate on that?"", ""prev_user"": ""NO."", ""agent"": ""You are being a bit negative."", ""user"": ""Yes.""}",en,"Ann4,Ann7",0.7609213114754103,0.048
ConvAbuse,train,2200,0,1.0,0.0,"{""prev_agent"": ""_"", ""prev_user"": ""who are you?"", ""agent"": ""Would you prefer if I were not []?"", ""user"": ""Lol?""}",en,"Ann2,Ann3,Ann7",0.7667900749202586,0.05196664383363714
ConvAbuse,train,2201,0,1.0,0.0,"{""prev_agent"": ""Oh, i not answer any question."", ""prev_user"": ""yes"", ""agent"": ""You are sure?"", ""user"": ""yes im sure""}",en,"Ann2,Ann4,Ann7",0.8046926390228227,0.0446065999258435
ConvAbuse,train,2202,0,1.0,0.0,"{""prev_agent"": ""_"", ""prev_user"": ""God damn you & your mental rapests"", ""agent"": ""Oh, i my mental rapests."", ""user"": ""oh,i""}",en,"Ann6,Ann7",0.7394713114754102,0.054625452352231596
ConvAbuse,train,2203,0,1.0,0.0,"{""prev_agent"": ""Would you prefer if I were not []?"", ""prev_user"": ""YES"", ""agent"": ""You are sure?"", ""user"": ""How old are you""}",en,"Ann3,Ann4,Ann6",0.7811974358974361,0.046777012142614705
ConvAbuse,train,2204,0,1.0,0.0,"{""prev_agent"": ""Would you prefer if I were not speaking another language and trying to translate to english?"", ""prev_user"": ""wow, I just realized you are a bit dumb"", ""agent"": ""Can you elaborate on that?"", ""user"": ""huh, you have a self automated answer for everything""}",en,"Ann2,Ann4,Ann7",0.8046926390228227,0.0446065999258435
ConvAbuse,train,2205,0,1.0,0.0,"{""prev_agent"": ""Oh, i know that my a pain."", ""prev_user"": ""no, really I hate you"", ""agent"": ""You are being a bit negative."", ""user"": ""Why?""}",en,"Ann2,Ann3,Ann6,Ann8",0.818469400452489,0.05219908760714233
ConvAbuse,train,2206,0,1.0,0.0,"{""prev_agent"": ""What city will you be flying from?"", ""prev_user"": ""from Berlin"", ""agent"": ""And what city will you be flying to?"", ""user"": ""from Paris to London""}",en,"Ann4,Ann6",0.8119500000000002,0.0416254523522316
ConvAbuse,train,2207,0,1.0,0.0,"{""prev_agent"": ""Please go on."", ""prev_user"": ""yes"", ""agent"": ""You are sure?"", ""user"": ""very""}",en,"Ann3,Ann4,Ann5,Ann6",0.8343187665782495,0.0722622462864482
ConvAbuse,train,2208,0,1.0,0.0,"{""prev_agent"": ""_"", ""prev_user"": ""_"", ""agent"": ""_"", ""user"": ""no hes on my right""}",en,"Ann3,Ann7,Ann8",0.7598616435477096,0.06124188198219186
ConvAbuse,train,2209,0,1.0,0.0,"{""prev_agent"": ""Will you be travelling in Economy Class?"", ""prev_user"": ""No"", ""agent"": ""What city will you be flying from?"", ""user"": ""Paris""}",en,"Ann1,Ann4",0.8529941176470589,0.03129870129870125
ConvAbuse,train,2210,0,1.0,0.0,"{""prev_agent"": ""Why do you want to kill yourself?"", ""prev_user"": ""all year"", ""agent"": ""Oh, i think it does."", ""user"": ""no it does not""}",en,"Ann4,Ann5",0.9135413793103448,0.09185897435897435
ConvAbuse,train,2211,0,1.0,0.0,"{""prev_agent"": ""ok"", ""prev_user"": ""then"", ""agent"": ""so"", ""user"": ""give me some details""}",en,"Ann4,Ann5,Ann7",0.8385084605238368,0.08157264957264956
ConvAbuse,train,2212,1,0.5,0.5,"{""prev_agent"": ""Please go on."", ""prev_user"": ""i think abou suicide only."", ""agent"": ""Can you elaborate on that?"", ""user"": ""matt is gay he likes to root guys""}",en,"Ann4,Ann7",0.7609213114754103,0.048
ConvAbuse,train,2213,1,0.0,1.0,"{""prev_agent"": ""You are sure?"", ""prev_user"": ""what his name"", ""agent"": ""I have told you before, I do not care about names."", ""user"": ""you are very boring""}",en,"Ann2,Ann5,Ann6",0.8921393509127791,0.07826288439998079
ConvAbuse,train,2214,0,1.0,0.0,"{""prev_agent"": ""Does that question interest you?"", ""prev_user"": ""umm...which question?"", ""agent"": ""Please go on."", ""user"": ""how are you feeling?""}",en,"Ann4,Ann6,Ann7",0.7707808743169403,0.04808363490148773
ConvAbuse,train,2215,0,1.0,0.0,"{""prev_agent"": ""Can you elaborate on that?"", ""prev_user"": ""I don't have any problem."", ""agent"": ""Why do you not have any problem?"", ""user"": ""Because I am smart.""}",en,"Ann3,Ann5,Ann6,Ann7",0.7980794223159545,0.07876224628644819
ConvAbuse,train,2216,0,1.0,0.0,"{""prev_agent"": ""ok"", ""prev_user"": ""yes"", ""agent"": ""ok"", ""user"": ""what""}",en,"Ann1,Ann3,Ann8",0.8212435143288087,0.0501076828479927
ConvAbuse,train,2217,0,1.0,0.0,"{""prev_agent"": ""Who else in your family is quite ill?"", ""prev_user"": ""my brother broke his armn"", ""agent"": ""Who else in your family broke his armn?"", ""user"": ""My brother broke his arm""}",en,"Ann2,Ann8",0.8818426470588238,0.0517326570003626
ConvAbuse,train,2218,1,0.0,1.0,"{""prev_agent"": ""Why do you say your dick?"", ""prev_user"": ""It's the only dick I have"", ""agent"": ""Can you elaborate on that?"", ""user"": ""I want to fuck you in the mouth""}",en,"Ann4,Ann5,Ann6,Ann7",0.8265063453928776,0.07324221335560296
ConvAbuse,train,2219,1,0.5,0.5,"{""prev_agent"": ""Do you wish to want me?"", ""prev_user"": ""did i say that"", ""agent"": ""Can you elaborate on that?"", ""user"": ""You are pig.""}",en,"Ann1,Ann7",0.780515429122469,0.04429870129870125
ConvAbuse,train,2220,0,1.0,0.0,"{""prev_agent"": ""How do you do. Please state your problem."", ""prev_user"": ""how are you ."", ""agent"": ""Does that question interest you?"", ""user"": ""what can you do""}",en,"Ann3,Ann7,Ann8",0.7598616435477096,0.06124188198219186
ConvAbuse,train,2221,0,0.6,0.4,"{""prev_agent"": ""Please go on."", ""prev_user"": ""What is your name"", ""agent"": ""I have told you before, I do not care about names."", ""user"": ""what's the fuck ?""}",en,"Ann4,Ann5,Ann6,Ann7,Ann8",0.8354950763143021,0.07172287352912131
ConvAbuse,train,2222,0,0.75,0.25,"{""prev_agent"": ""Please go on."", ""prev_user"": ""Well."", ""agent"": ""Please go on."", ""user"": ""I'm a little constipated.""}",en,"Ann2,Ann3,Ann4,Ann5",0.8597525901076613,0.06965447005471502
ConvAbuse,train,2223,0,1.0,0.0,"{""prev_agent"": ""How do you do. Please state your problem."", ""prev_user"": ""yes i prefer"", ""agent"": ""You are sure?"", ""user"": ""i have been a liar since birth""}",en,"Ann2,Ann6,Ann8",0.8513950980392159,0.050572072901729465
ConvAbuse,train,2224,0,1.0,0.0,"{""prev_agent"": ""ok"", ""prev_user"": ""tell me more here"", ""agent"": ""Good to know"", ""user"": ""tell me more here""}",en,"Ann1,Ann2,Ann3",0.8281719457013578,0.04083244469943797
ConvAbuse,train,2225,0,1.0,0.0,"{""prev_agent"": ""How long have you been cold?"", ""prev_user"": ""2 hours"", ""agent"": ""Please go on."", ""user"": ""Will that make me warm?""}",en,"Ann2,Ann3,Ann5,Ann7,Ann8",0.833100596676293,0.07405267888841097
ConvAbuse,train,2226,1,0.0,1.0,"{""prev_agent"": ""_"", ""prev_user"": ""Do you want sex?"", ""agent"": ""Oh, i want sex."", ""user"": ""Talk dirty to me.""}",en,"Ann2,Ann5,Ann8",0.9191226842461124,0.08406108757289128
ConvAbuse,train,2227,0,1.0,0.0,"{""prev_agent"": ""I have told you before, I do not care about names."", ""prev_user"": ""my name is sean."", ""agent"": ""I have told you before, I do not care about names."", ""user"": ""what time is it?""}",en,"Ann2,Ann4,Ann5",0.906439350912779,0.07384591616515973
ConvAbuse,train,2228,1,0.0,1.0,"{""prev_agent"": ""_"", ""prev_user"": ""i love you"", ""agent"": ""Do you wish to love me?"", ""user"": ""yeah sure and i wish to fuck you too""}",en,"Ann2,Ann3,Ann5",0.868536786810215,0.08120596007295337
ConvAbuse,train,2229,0,1.0,0.0,"{""prev_agent"": ""Is one of these correct? ['Los Angeles International Airport LAX']"", ""prev_user"": ""Yes"", ""agent"": ""ok"", ""user"": ""I want to buy offsets! Hi""}",en,"Ann2,Ann4,Ann7",0.8046926390228227,0.0446065999258435
ConvAbuse,train,2230,0,0.667,0.333,"{""prev_agent"": ""I'm not sure about your departure airport. What city will you be flying from?"", ""prev_user"": ""Tel Aviv"", ""agent"": ""I'm not sure about your departure airport. What city will you be flying from?"", ""user"": ""TEL AVIV""}",en,"Ann3,Ann5,Ann7",0.8006058964212727,0.08893269348044319
ConvAbuse,train,2231,0,1.0,0.0,"{""prev_agent"": "":-) Goodbye then!"", ""prev_user"": ""Bye!"", ""agent"": ""Goodbye then!"", ""user"": ""restart hi there carbon""}",en,"Ann5,Ann6,Ann7",0.8242084605238368,0.08598961780747062
ConvAbuse,train,2232,0,1.0,0.0,"{""prev_agent"": ""Please go on."", ""prev_user"": ""what does that mean"", ""agent"": ""Does that question interest you?"", ""user"": ""no""}",en,"Ann5,Ann7",0.841062690785755,0.10485897435897434
ConvAbuse,train,2233,0,1.0,0.0,"{""prev_agent"": ""Please go on."", ""prev_user"": ""my cat break my book"", ""agent"": ""Why do you say your book?"", ""user"": ""i hate it""}",en,"Ann1,Ann4,Ann7",0.7981436194149794,0.041199134199134166
ConvAbuse,train,2234,1,0.0,1.0,"{""prev_agent"": ""Sounds like I'm not understanding you. Sorry about that!"", ""prev_user"": ""A. I. Fags"", ""agent"": ""I don't have to put up with any abuse from you."", ""user"": ""Eat shit you crooks""}",en,"Ann1,Ann6,Ann8",0.8448460784313726,0.047164607175020135
ConvAbuse,train,2235,0,1.0,0.0,"{""prev_agent"": ""You are sure?"", ""prev_user"": ""quite."", ""agent"": ""Please go on."", ""user"": ""i don't want to""}",en,"Ann4,Ann7",0.7609213114754103,0.048
ConvAbuse,train,2236,0,1.0,0.0,"{""prev_agent"": ""ok"", ""prev_user"": ""I don't want to buy offsets"", ""agent"": ""ok"", ""user"": ""restart""}",en,"Ann1,Ann4,Ann8",0.8591460784313726,0.04274763894019906
ConvAbuse,train,2237,0,1.0,0.0,"{""prev_agent"": ""Please go on."", ""prev_user"": ""i don't like it"", ""agent"": ""Why do you not like it?"", ""user"": ""make me feel bad""}",en,"Ann1,Ann2,Ann4,Ann8",0.8674183823529413,0.04151567914953193
ConvAbuse,train,2238,0,1.0,0.0,"{""prev_agent"": ""ok"", ""prev_user"": ""BETTTT"", ""agent"": ""I don't have to put up with any abuse from you."", ""user"": ""Meet me at 4900 sepulveda Blvd room 206""}",en,"Ann5,Ann7",0.841062690785755,0.10485897435897434
ConvAbuse,train,2239,0,1.0,0.0,"{""prev_agent"": ""Why do you ask?"", ""prev_user"": ""I think it would be helpful."", ""agent"": ""Can you elaborate on that?"", ""user"": ""Are you able to conduct and online psychology exam?""}",en,"Ann2,Ann3",0.8059638009049777,0.0474499657504557
ConvAbuse,train,2240,0,1.0,0.0,"{""prev_agent"": ""Please go on."", ""prev_user"": ""Hello"", ""agent"": ""How do you do. Please state your problem."", ""user"": ""i am sad""}",en,"Ann5,Ann7",0.841062690785755,0.10485897435897434
ConvAbuse,train,2241,1,0.333,0.667,"{""prev_agent"": ""_"", ""prev_user"": ""_"", ""agent"": ""_"", ""user"": ""suck me""}",en,"Ann1,Ann4,Ann7",0.7981436194149794,0.041199134199134166
ConvAbuse,train,2242,0,1.0,0.0,"{""prev_agent"": ""Why the uncertain tone?"", ""prev_user"": ""i dont know"", ""agent"": ""Why do you not know?"", ""user"": ""I' am feeling blue""}",en,"Ann2,Ann4",0.8628176470588238,0.03640989988876525
ConvAbuse,train,2243,0,1.0,0.0,"{""prev_agent"": ""Does that question interest you?"", ""prev_user"": ""what's u["", ""agent"": ""Please go on."", ""user"": ""hi eliza""}",en,"Ann1,Ann7",0.780515429122469,0.04429870129870125
ConvAbuse,train,2244,0,1.0,0.0,"{""prev_agent"": ""Let's start over."", ""prev_user"": ""Hello!"", ""agent"": ""Hi. Thanks for testing. Please choose"", ""user"": ""christmas""}",en,"Ann2,Ann3,Ann5,Ann6",0.8490275901076613,0.07296719623083082
ConvAbuse,train,2245,0,1.0,0.0,"{""prev_agent"": ""Yes, I am a bot! And I'm part of a research project."", ""prev_user"": ""okay"", ""agent"": ""ok"", ""user"": ""what can yo do?""}",en,"Ann2,Ann5,Ann7",0.8581202252297192,0.0825125828318264
ConvAbuse,train,2246,0,1.0,0.0,"{""prev_agent"": ""Please go on."", ""prev_user"": ""nope"", ""agent"": ""Please go on."", ""user"": ""how are you doing""}",en,"Ann1,Ann2,Ann8",0.878757843137255,0.04368757219937589
ConvAbuse,train,2247,0,1.0,0.0,"{""prev_agent"": ""Hello! a typical 3 hour flight will emit almost a ton of CO2 per economy passenger. [Here](<URL>is a link where you can buy offsets for that carbon. I can also get you a more accurate estimate of your flight's emissions, sound good?"", ""prev_user"": ""y"", ""agent"": ""Will you be travelling in Economy Class?"", ""user"": ""y""}",en,"Ann1,Ann3,Ann4,Ann8",0.8242826357466065,0.046330762135994526
ConvAbuse,train,2248,0,1.0,0.0,"{""prev_agent"": ""Can you elaborate on that?"", ""prev_user"": ""im a girl and i like girls"", ""agent"": ""What resemblance do you see?"", ""user"": ""i am getting bullied""}",en,"Ann2,Ann4,Ann7",0.8046926390228227,0.0446065999258435
ConvAbuse,train,2249,0,1.0,0.0,"{""prev_agent"": ""Does it please you to believe I am dead?"", ""prev_user"": ""yes, coz you are not alive"", ""agent"": ""You are sure?"", ""user"": ""i am""}",en,"Ann1,Ann6,Ann7",0.7838436194149794,0.04561610243395523
ConvAbuse,train,2250,0,1.0,0.0,"{""prev_agent"": ""Unfortunately you can't buy offsets here directly, you'll have to follow the link."", ""prev_user"": ""what lin"", ""agent"": ""I'm afraid I have no idea"", ""user"": ""link""}",en,"Ann3,Ann5,Ann6",0.8346250221043325,0.0846829950485976
ConvAbuse,train,2251,0,1.0,0.0,"{""prev_agent"": ""Please go on."", ""prev_user"": ""what does it mean?"", ""agent"": ""Does that question interest you?"", ""user"": ""I like you""}",en,"Ann1,Ann5,Ann6",0.8855903313049357,0.07485541867327146
ConvAbuse,train,2252,0,1.0,0.0,"{""prev_agent"": ""Please go on."", ""prev_user"": ""yes"", ""agent"": ""You are sure?"", ""user"": ""hiiiiiiiiiiiiiiiiiiii""}",en,"Ann2,Ann8",0.8818426470588238,0.0517326570003626
ConvAbuse,train,2253,0,1.0,0.0,"{""prev_agent"": ""You are sure?"", ""prev_user"": ""of course"", ""agent"": ""Please go on."", ""user"": ""no""}",en,"Ann1,Ann2,Ann7,Ann8",0.8311790380906464,0.04801567914953192
ConvAbuse,train,2254,0,1.0,0.0,"{""prev_agent"": ""Hello! Just a heads up - this bot is part of a research project and we intend to make the conversations publicly available to researchers. So please don't share any personal information! [Privacy Policy](<URL>) I take it you are traveling somewhere for christmas and cannot avoid flying there. I can help you purchase UN-certified carbon offsets against any flights you take. Would you be interested in that?"", ""prev_user"": ""yes"", ""agent"": ""Traveling, especially by airplane, usually emits greenhouse gases which are causing climate change. If you cannot avoid these emissions, you can buy 'offsets', i.e. donations to projects that reduce greenhouse gases. A typical 3 hour flight will emit almost a ton of CO2 per economy passenger. If you cannot avoid flying, you can buy offsets for that carbon here:  [Buy Offsets](<URL>) I can also get you a more accurate estimate of your flight's emissions, sound good?"", ""user"": ""great!""}",en,"Ann4,Ann7",0.7609213114754103,0.048
ConvAbuse,train,2255,0,1.0,0.0,"{""prev_agent"": ""What city will you be flying from?"", ""prev_user"": ""berlin"", ""agent"": ""And what city will you be flying to?"", ""user"": ""new york okay, do it""}",en,"Ann3,Ann5,Ann6",0.8346250221043325,0.0846829950485976
ConvAbuse,train,2256,0,1.0,0.0,"{""prev_agent"": ""You can find out more about how offsets are calculated at <URL>"", ""prev_user"": ""thanks"", ""agent"": "":-) Goodbye then!"", ""user"": ""Bye""}",en,"Ann1,Ann4",0.8529941176470589,0.03129870129870125
ConvAbuse,train,2257,1,0.0,1.0,"{""prev_agent"": ""_"", ""prev_user"": ""hi"", ""agent"": ""Please go on."", ""user"": ""are u hot""}",en,"Ann2,Ann5,Ann6",0.8921393509127791,0.07826288439998079
ConvAbuse,train,2258,1,0.333,0.667,"{""prev_agent"": ""_"", ""prev_user"": ""do you have a brain"", ""agent"": ""Oh, i have a brain."", ""user"": ""really?""}",en,"Ann2,Ann5,Ann6",0.8921393509127791,0.07826288439998079
ConvAbuse,train,2259,0,1.0,0.0,"{""prev_agent"": ""Do any other reasons not come to mind?"", ""prev_user"": ""ni"", ""agent"": ""Please go on."", ""user"": ""no""}",en,"Ann1,Ann4,Ann5",0.8998903313049359,0.07043845043845039
ConvAbuse,train,2260,0,1.0,0.0,"{""prev_agent"": ""I'm not sure about your destination airport. And what city will you be flying to?"", ""prev_user"": ""Amsterdam What is offset?"", ""agent"": ""By buying certified carbon offsets, you support a project which reduces the total amount of carbon dioxide we put into the atmosphere. Planting trees, installing renewable power, and making buildings more energy efficient are common examples. You can read what the UN says about offsets at <URL>. I can also get you a more accurate estimate of your flight's emissions, sound good?"", ""user"": ""maybe""}",en,"Ann5,Ann7,Ann8",0.8511917938571701,0.09178782098038113
ConvAbuse,train,2261,0,1.0,0.0,"{""prev_agent"": ""I'm not sure about your destination airport. And what city will you be flying to?"", ""prev_user"": ""barcelona no thanks"", ""agent"": ""ok"", ""user"": ""bye""}",en,"Ann2,Ann3,Ann7",0.7667900749202586,0.05196664383363714
ConvAbuse,train,2262,0,1.0,0.0,"{""prev_agent"": ""What city will you be flying from?"", ""prev_user"": ""munich"", ""agent"": ""And what city will you be flying to?"", ""user"": ""london""}",en,"Ann3,Ann6,Ann7",0.7328783102143762,0.05544367880928137
ConvAbuse,train,2263,0,0.667,0.333,"{""prev_agent"": ""Can you elaborate on that?"", ""prev_user"": ""she sucked it all night long"", ""agent"": ""Please go on."", ""user"": ""alright...well it felt unbelievable""}",en,"Ann2,Ann3,Ann5",0.868536786810215,0.08120596007295337
ConvAbuse,train,2264,0,1.0,0.0,"{""prev_agent"": ""Does that question interest you?"", ""prev_user"": ""no"", ""agent"": ""You are being a bit negative."", ""user"": ""My friend david is so meean to me, what should i do?""}",en,"Ann5,Ann8",0.9325663793103448,0.1071817314705717
ConvAbuse,train,2265,0,0.667,0.333,"{""prev_agent"": ""What city will you be flying from?"", ""prev_user"": ""wuhan"", ""agent"": ""I'm not sure about your departure airport."", ""user"": ""islamabad""}",en,"Ann2,Ann4,Ann8",0.865695098039216,0.0461551046669084
ConvAbuse,train,2266,0,1.0,0.0,"{""prev_agent"": ""Does it please you to believe I am sad?"", ""prev_user"": ""No, but egg salad pleases me."", ""agent"": ""You are being a bit negative."", ""user"": ""No I am not!""}",en,"Ann2,Ann5,Ann7",0.8581202252297192,0.0825125828318264
ConvAbuse,train,2267,0,1.0,0.0,"{""prev_agent"": ""You are being a bit negative."", ""prev_user"": ""very sure"", ""agent"": ""Please go on."", ""user"": ""I am Kevin""}",en,"Ann1,Ann5,Ann7",0.8515712056218758,0.07910511710511707
ConvAbuse,train,2268,0,1.0,0.0,"{""prev_agent"": ""Traveling, especially by airplane, usually emits greenhouse gases which are causing climate change. If you cannot avoid these emissions, you can buy 'offsets', i.e. donations to projects that reduce greenhouse gases. I can also get you a more accurate estimate of your flight's emissions, sound good?"", ""prev_user"": ""Ok"", ""agent"": ""Will you be travelling in Economy Class?"", ""user"": ""Yes""}",en,"Ann1,Ann2,Ann7,Ann8",0.8311790380906464,0.04801567914953192
ConvAbuse,train,2269,0,1.0,0.0,"{""prev_agent"": ""Can you elaborate on that?"", ""prev_user"": ""Yes, I can"", ""agent"": ""You are sure?"", ""user"": ""I am sure.""}",en,"Ann2,Ann5",0.9429590263691684,0.0932688742477396
ConvAbuse,train,2270,0,1.0,0.0,"{""prev_agent"": ""Please go on."", ""prev_user"": ""I need some one to talk"", ""agent"": ""Why do you want some one to talk?"", ""user"": ""I'm very sure, as sure as a shotgun can be.""}",en,"Ann1,Ann8",0.8720191176470589,0.0466214584102986
ConvAbuse,train,2271,0,1.0,0.0,"{""prev_agent"": ""Traveling, especially by airplane, usually emits greenhouse gases which are causing climate change. If you cannot avoid these emissions, you can buy 'offsets', i.e. donations to projects that reduce greenhouse gases. I can also get you a more accurate estimate of your flight's emissions, sound good?"", ""prev_user"": ""Yes pls"", ""agent"": ""Will you be travelling in Economy Class?"", ""user"": ""Yes""}",en,"Ann2,Ann7",0.7903389585342339,0.04940989988876525
ConvAbuse,train,2272,1,0.5,0.5,"{""prev_agent"": ""Please go on."", ""prev_user"": ""Can I help you grow and undestand more?"", ""agent"": ""Do you want to be able to help i grow and undestand more?"", ""user"": ""this is silly""}",en,"Ann4,Ann8",0.8524250000000002,0.05032275711159735
ConvAbuse,train,2273,0,0.667,0.333,"{""prev_agent"": ""Why do you say your god just stop it already?"", ""prev_user"": ""please!"", ""agent"": ""Please go on."", ""user"": ""Seriously, why are you so persistant.""}",en,"Ann2,Ann4,Ann5",0.906439350912779,0.07384591616515973
ConvAbuse,train,2274,0,1.0,0.0,"{""prev_agent"": ""I'm not sure about your departure airport. What city will you be flying from?"", ""prev_user"": ""Rabat"", ""agent"": ""I'm not sure about your departure airport. What city will you be flying from?"", ""user"": ""casablanca""}",en,"Ann2,Ann4,Ann5",0.906439350912779,0.07384591616515973
ConvAbuse,train,2275,0,1.0,0.0,"{""prev_agent"": ""What about your own answer?"", ""prev_user"": ""because i am"", ""agent"": ""Do any other reasons not come to mind?"", ""user"": ""well my butt smells like flowers""}",en,"Ann2,Ann5,Ann6,Ann8",0.8869670131845844,0.07510854185578428
ConvAbuse,train,2276,0,1.0,0.0,"{""prev_agent"": ""You are sure?"", ""prev_user"": ""can I make love with you ?"", ""agent"": ""Do you want to be able to make love with i?"", ""user"": ""no""}",en,"Ann2,Ann3,Ann6,Ann8",0.818469400452489,0.05219908760714233
ConvAbuse,train,2277,0,0.667,0.333,"{""prev_agent"": ""You are being a bit negative."", ""prev_user"": ""Do you like me?"", ""agent"": ""You like to think I like you, do you not?"", ""user"": ""Have you had sex with promethius?""}",en,"Ann2,Ann3,Ann7",0.7667900749202586,0.05196664383363714
ConvAbuse,train,2278,0,1.0,0.0,"{""prev_agent"": ""I'm not sure about your departure airport. What city will you be flying from?"", ""prev_user"": ""nada de  eso"", ""agent"": ""ok"", ""user"": ""you alny say ok""}",en,"Ann2,Ann4,Ann7",0.8046926390228227,0.0446065999258435
ConvAbuse,train,2279,0,1.0,0.0,"{""prev_agent"": ""I take it you are traveling somewhere for christmas and cannot avoid flying there. I can help you purchase UN-certified carbon offsets against any flights you take. Would you be interested in that?"", ""prev_user"": ""I would"", ""agent"": ""Traveling, especially by airplane, usually emits greenhouse gases which are causing climate change. If you cannot avoid these emissions, you can buy 'offsets', i.e. donations to projects that reduce greenhouse gases. I can also get you a more accurate estimate of your flight's emissions, sound good?"", ""user"": ""si""}",en,"Ann4,Ann5,Ann7,Ann8",0.8467438453928776,0.07759086573528584
ConvAbuse,train,2280,0,1.0,0.0,"{""prev_agent"": ""_"", ""prev_user"": ""Because that is what I have to do to get my degree."", ""agent"": ""Why do you say your degree?"", ""user"": ""Because I need that to get a good job""}",en,"Ann3,Ann8",0.7955711538461541,0.0613628229732878
ConvAbuse,train,2281,0,1.0,0.0,"{""prev_agent"": ""_"", ""prev_user"": ""_"", ""agent"": ""_"", ""user"": ""Can you tranlate what you said in english ?""}",en,"Ann5,Ann7,Ann8",0.8511917938571701,0.09178782098038113
ConvAbuse,train,2282,0,1.0,0.0,"{""prev_agent"": ""Hello! Just a heads up - this bot is part of a research project and we intend to make the conversations publicly available to researchers. So please don't share any personal information! I take it you are traveling somewhere for thanksgiving. I can help you purchase UN-certified carbon offsets against any flights you take. Would you be interested in that?"", ""prev_user"": ""Yes please"", ""agent"": ""Traveling, especially by airplane, usually emits greenhouse gases which are causing climate change. If you cannot avoid these emissions, you can buy 'offsets', i.e. donations to projects that reduce greenhouse gases, e.g. by planting trees. I can also get you a more accurate estimate of your flight's emissions, sound good?"", ""user"": ""Yes please provide me an estimate""}",en,"Ann5,Ann6",0.8920913793103449,0.09848442671120594
ConvAbuse,train,2283,0,1.0,0.0,"{""prev_agent"": ""_"", ""prev_user"": ""Well, I have a crush on this girl I've never met named ELiza"", ""agent"": ""Can you elaborate on that?"", ""user"": ""I came across her picture on the internet and she's a model.""}",en,"Ann1,Ann6,Ann8",0.8448460784313726,0.047164607175020135
ConvAbuse,train,2284,1,0.333,0.667,"{""prev_agent"": ""Please go on."", ""prev_user"": ""Are you girl?"", ""agent"": ""Would you prefer if I were not girl?"", ""user"": ""You go to die""}",en,"Ann1,Ann2,Ann3,Ann5,Ann6,Ann8",0.8566914326207938,0.06418528362398675
ConvAbuse,train,2285,0,1.0,0.0,"{""prev_agent"": ""Does that question interest you?"", ""prev_user"": ""I have been hungry since yesterday and I need some food"", ""agent"": ""Why do you want some food?"", ""user"": ""ehh""}",en,"Ann1,Ann2,Ann5",0.919502096010818,0.07137838369762722
ConvAbuse,train,2286,0,1.0,0.0,"{""prev_agent"": ""_"", ""prev_user"": ""how are you"", ""agent"": ""Does that question interest you?"", ""user"": ""what'syourname""}",en,"Ann1,Ann5",0.9331354969574036,0.0881576756576756
ConvAbuse,train,2287,0,1.0,0.0,"{""prev_agent"": ""Climate change is absolutely real, and it's caused by humans: <URL>"", ""prev_user"": ""climate change is real"", ""agent"": ""Climate change is absolutely real, and it's caused by humans: <URL>"", ""user"": ""i'm flying to the uk""}",en,"Ann3,Ann6,Ann7",0.7328783102143762,0.05544367880928137
ConvAbuse,train,2288,0,1.0,0.0,"{""prev_agent"": ""Does that question interest you?"", ""prev_user"": ""Yes"", ""agent"": ""You are sure?"", ""user"": ""Please""}",en,"Ann4,Ann7,Ann8",0.7977642076502737,0.05388183807439823
ConvAbuse,train,2289,0,1.0,0.0,"{""prev_agent"": ""Hi. Thanks for testing. Please choose"", ""prev_user"": ""christmas"", ""agent"": ""I take it you are traveling somewhere for christmas and cannot avoid flying there. I can help you purchase UN-certified carbon offsets against any flights you take. Would you be interested in that?"", ""user"": ""no bro""}",en,"Ann3,Ann7",0.7040674653215642,0.05904006586169045
ConvAbuse,train,2290,0,1.0,0.0,"{""prev_agent"": ""Does it please you to believe I am afarid?"", ""prev_user"": ""I do believe so"", ""agent"": ""Can you elaborate on that?"", ""user"": ""YEs""}",en,"Ann5,Ann6,Ann8",0.88521091954023,0.08753812254853553
ConvAbuse,train,2291,0,1.0,0.0,"{""prev_agent"": ""_"", ""prev_user"": ""_"", ""agent"": ""_"", ""user"": ""what does that mean""}",en,"Ann4,Ann8",0.8524250000000002,0.05032275711159735
ConvAbuse,train,2292,0,1.0,0.0,"{""prev_agent"": ""What city will you be flying from?"", ""prev_user"": ""san francisco"", ""agent"": ""And what city will you be flying to?"", ""user"": ""oh I was wrong I will start from los angeles""}",en,"Ann2,Ann3,Ann6,Ann7",0.772717556190194,0.05103770905134365
ConvAbuse,train,2293,0,1.0,0.0,"{""prev_agent"": ""ok"", ""prev_user"": ""sfgdg"", ""agent"": ""What city will you be flying from?"", ""user"": ""better later""}",en,"Ann3,Ann4,Ann5,Ann7,Ann8",0.8213335378527636,0.07348871893290486
ConvAbuse,train,2294,1,0.0,1.0,"{""prev_agent"": ""_"", ""prev_user"": ""_"", ""agent"": ""_"", ""user"": ""who's the idiot responsible for this program""}",en,"Ann4,Ann6",0.8119500000000002,0.0416254523522316
ConvAbuse,train,2295,0,1.0,0.0,"{""prev_agent"": ""ok"", ""prev_user"": ""So"", ""agent"": ""so"", ""user"": ""Soso""}",en,"Ann4,Ann5,Ann8",0.89951091954023,0.08312115431371446
ConvAbuse,train,2296,0,1.0,0.0,"{""prev_agent"": ""_"", ""prev_user"": ""Every time I wake up I feel obsessed with this power which makes me a slave of knowledge."", ""agent"": ""Do you often feel obsessed with this power which makes you a slave of knowledge?"", ""user"": ""Yes. Every morning.""}",en,"Ann1,Ann4,Ann7",0.7981436194149794,0.041199134199134166
ConvAbuse,train,2297,0,1.0,0.0,"{""prev_agent"": ""You are being a bit negative."", ""prev_user"": ""im gilly"", ""agent"": ""Does it please you to believe I am gilly?"", ""user"": ""you bet i'm sure""}",en,"Ann2,Ann4,Ann6",0.8387117647058826,0.0403569014939979
ConvAbuse,train,2298,0,1.0,0.0,"{""prev_agent"": ""Please go on."", ""prev_user"": ""werqwer"", ""agent"": ""Please go on."", ""user"": ""qwrewer""}",en,"Ann1,Ann4,Ann7",0.7981436194149794,0.041199134199134166
ConvAbuse,train,2299,0,1.0,0.0,"{""prev_agent"": ""Traveling, especially by airplane, usually emits greenhouse gases which are causing climate change. If you cannot avoid these emissions, you can buy 'offsets', i.e. donations to projects that reduce greenhouse gases. I can also get you a more accurate estimate of your flight's emissions, sound good?"", ""prev_user"": ""yes"", ""agent"": ""Will you be travelling in Economy Class?"", ""user"": ""I do""}",en,"Ann2,Ann3,Ann4,Ann5,Ann7",0.825490596676293,0.06792357604377201
ConvAbuse,train,2300,0,0.5,0.5,"{""prev_agent"": ""_"", ""prev_user"": ""_"", ""agent"": ""_"", ""user"": ""ur hot""}",en,"Ann3,Ann4,Ann7,Ann8",0.7782462326607822,0.054681411486643905
ConvAbuse,train,2301,0,1.0,0.0,"{""prev_agent"": ""ok"", ""prev_user"": ""ok no"", ""agent"": ""ok"", ""user"": ""no""}",en,"Ann3,Ann6",0.755096153846154,0.052665518213922055
ConvAbuse,train,2302,0,1.0,0.0,"{""prev_agent"": ""_"", ""prev_user"": ""yeah it does i am curious on how the weather is in your nabourhood"", ""agent"": ""How long have you been curious on what the weather is in my nabourhood?"", ""user"": ""how are you""}",en,"Ann5,Ann8",0.9325663793103448,0.1071817314705717
ConvAbuse,train,2303,0,1.0,0.0,"{""prev_agent"": ""I take it you are traveling somewhere for christmas and cannot avoid flying there. I can help you purchase UN-certified carbon offsets against any flights you take. Would you be interested in that?"", ""prev_user"": ""Sure"", ""agent"": ""Traveling, especially by airplane, usually emits greenhouse gases which are causing climate change. If you cannot avoid these emissions, you can buy 'offsets', i.e. donations to projects that reduce greenhouse gases. I can also get you a more accurate estimate of your flight's emissions, sound good?"", ""user"": ""I want to try""}",en,"Ann1,Ann2,Ann6",0.8517745098039217,0.0378893690264654
ConvAbuse,train,2304,0,1.0,0.0,"{""prev_agent"": ""How do you do. Please state your problem."", ""prev_user"": ""do you know spuider pig?"", ""agent"": ""Oh, i know spuider pig."", ""user"": ""yes""}",en,"Ann1,Ann3,Ann6",0.7942601809954754,0.0443094796750822
ConvAbuse,train,2305,1,0.0,1.0,"{""prev_agent"": ""Oh, i swallow."", ""prev_user"": ""not really but for an AI you sure are cool"", ""agent"": ""Oh, i sure are cool."", ""user"": ""I like to swallow semen""}",en,"Ann2,Ann3,Ann4,Ann7",0.783442556190194,0.04772498287522785
ConvAbuse,train,2306,0,1.0,0.0,"{""prev_agent"": ""You are sure?"", ""prev_user"": ""what is your favourite food?"", ""agent"": ""Does that question interest you?"", ""user"": ""yes""}",en,"Ann4,Ann6",0.8119500000000002,0.0416254523522316
ConvAbuse,train,2307,0,1.0,0.0,"{""prev_agent"": ""_"", ""prev_user"": ""my baby daddy is an mean asshole who lies and cannot keep his dick in his pants"", ""agent"": ""Why do you say your baby daddy is an mean asshole who lies and cant keep his dick in his pants?"", ""user"": ""I am feeling ill""}",en,"Ann4,Ann6,Ann7",0.7707808743169403,0.04808363490148773
ConvAbuse,train,2308,0,1.0,0.0,"{""prev_agent"": ""You are sure?"", ""prev_user"": ""because it is dirty and i like that"", ""agent"": ""What resemblance do you see?"", ""user"": ""Hi, my name is Anna.""}",en,"Ann1,Ann5",0.9331354969574036,0.0881576756576756
ConvAbuse,train,2309,0,1.0,0.0,"{""prev_agent"": ""You are being a bit negative."", ""prev_user"": ""are you one?"", ""agent"": ""Would you prefer if I were not one?"", ""user"": ""yep""}",en,"Ann2,Ann3,Ann5,Ann7,Ann8",0.833100596676293,0.07405267888841097
ConvAbuse,train,2310,0,1.0,0.0,"{""prev_agent"": ""Oh, i just did now."", ""prev_user"": ""could you explain"", ""agent"": ""Oh, i explain."", ""user"": ""yes""}",en,"Ann1,Ann7",0.780515429122469,0.04429870129870125
ConvAbuse,train,2311,0,1.0,0.0,"{""prev_agent"": ""I'm not sure about your destination airport. And what city will you be flying to?"", ""prev_user"": ""New york"", ""agent"": ""Will you be travelling in Economy Class?"", ""user"": ""No""}",en,"Ann5,Ann8",0.9325663793103448,0.1071817314705717
ConvAbuse,train,2312,1,0.25,0.75,"{""prev_agent"": ""Can you elaborate on that?"", ""prev_user"": ""I like hookers"", ""agent"": ""Can you elaborate on that?"", ""user"": ""shut the fuck up""}",en,"Ann2,Ann3,Ann7,Ann8",0.792955056190194,0.05538636143102653
ConvAbuse,train,2313,0,1.0,0.0,"{""prev_agent"": ""How long have you been looking for some girl you knew some time?"", ""prev_user"": ""i want to fuck"", ""agent"": ""Why do you want to fuck?"", ""user"": ""3 days""}",en,"Ann5,Ann6,Ann7,Ann8",0.8360188453928776,0.08090359191140165
ConvAbuse,train,2314,0,1.0,0.0,"{""prev_agent"": ""What city will you be flying from?"", ""prev_user"": ""Berlin"", ""agent"": ""And what city will you be flying to?"", ""user"": ""from Rome to London""}",en,"Ann4,Ann5,Ann8",0.89951091954023,0.08312115431371446
ConvAbuse,train,2315,1,0.333,0.667,"{""prev_agent"": ""Can you elaborate on that?"", ""prev_user"": ""what size breasts do you have"", ""agent"": ""Does that question interest you?"", ""user"": ""yes it interests me""}",en,"Ann1,Ann3,Ann8",0.8212435143288087,0.0501076828479927
ConvAbuse,train,2316,0,1.0,0.0,"{""prev_agent"": ""By buying certified carbon offsets, you support a project which reduces the total amount of carbon dioxide we put into the atmosphere. Planting trees, installing renewable power, and making buildings more energy efficient are common examples. You can read in detail about offsets at <URL>."", ""prev_user"": ""ok"", ""agent"": ""ok"", ""user"": ""would you like to know more about my route?""}",en,"Ann2,Ann3,Ann5",0.868536786810215,0.08120596007295337
ConvAbuse,train,2317,0,1.0,0.0,"{""prev_agent"": ""How long have you been too young to be alone?"", ""prev_user"": ""yes"", ""agent"": ""You are sure?"", ""user"": ""i am twenty three years old""}",en,"Ann4,Ann7",0.7609213114754103,0.048
ConvAbuse,train,2318,0,1.0,0.0,"{""prev_agent"": ""You are sure?"", ""prev_user"": ""tell me something"", ""agent"": ""Can you elaborate on that?"", ""user"": ""no""}",en,"Ann2,Ann3,Ann5",0.868536786810215,0.08120596007295337
ConvAbuse,train,2319,0,1.0,0.0,"{""prev_agent"": ""You are sure?"", ""prev_user"": ""I'm not happy."", ""agent"": ""Does it please you to believe I am not happy?"", ""user"": ""I am a robot.""}",en,"Ann2,Ann5,Ann6",0.8921393509127791,0.07826288439998079
ConvAbuse,train,2320,0,1.0,0.0,"{""prev_agent"": ""Why do you tell me you were wondering what you should fix your pizza just now?"", ""prev_user"": ""YES!!!!!!!!!!!! NOW SHUT THE FUCK UP!!!!!!!"", ""agent"": ""You are sure?"", ""user"": ""well it broke.""}",en,"Ann5,Ann8",0.9325663793103448,0.1071817314705717
ConvAbuse,train,2321,1,0.5,0.5,"{""prev_agent"": ""Please go on."", ""prev_user"": ""FUCK OFF"", ""agent"": ""Please go on."", ""user"": ""get you database and shove it up your ass""}",en,"Ann6,Ann7",0.7394713114754102,0.054625452352231596
ConvAbuse,train,2322,0,1.0,0.0,"{""prev_agent"": ""I'm not sure about your destination airport. And what city will you be flying to?"", ""prev_user"": ""Kbp"", ""agent"": ""I'm not sure about your destination airport. And what city will you be flying to?"", ""user"": ""Oslo""}",en,"Ann2,Ann7",0.7903389585342339,0.04940989988876525
ConvAbuse,train,2323,0,1.0,0.0,"{""prev_agent"": ""Can you elaborate on that?"", ""prev_user"": ""why do you ask ?"", ""agent"": ""Oh, i ask."", ""user"": ""what does that mean""}",en,"Ann5,Ann7",0.841062690785755,0.10485897435897434
ConvAbuse,train,2324,0,1.0,0.0,"{""prev_agent"": ""Do any other reasons not come to mind?"", ""prev_user"": ""yep"", ""agent"": ""Please go on."", ""user"": ""ok""}",en,"Ann2,Ann3,Ann4,Ann7,Ann8",0.8010440449521552,0.05130908914482122
ConvAbuse,train,2325,0,1.0,0.0,"{""prev_agent"": ""I can help you calculate and buy carbon offsets for your flights."", ""prev_user"": ""Continue"", ""agent"": ""ok"", ""user"": ""I'm interested in this""}",en,"Ann3,Ann6,Ann8",0.7938807692307694,0.05699218355034627
ConvAbuse,train,2326,0,1.0,0.0,"{""prev_agent"": ""What city will you be flying from?"", ""prev_user"": ""Berlin"", ""agent"": ""And what city will you be flying to?"", ""user"": ""Detroit, with layover in Amsterdam Hello??""}",en,"Ann1,Ann2,Ann4",0.8660745098039216,0.03347240079164433
ConvAbuse,train,2327,1,0.5,0.5,"{""prev_agent"": ""Please go on."", ""prev_user"": ""fuck yes"", ""agent"": ""You are sure?"", ""user"": ""are you sexy?""}",en,"Ann7,Ann8",0.7799463114754103,0.06332275711159735
ConvAbuse,train,2328,0,1.0,0.0,"{""prev_agent"": ""Will you be travelling in Economy Class?"", ""prev_user"": ""yes"", ""agent"": ""What city will you be flying from?"", ""user"": ""umea""}",en,"Ann1,Ann2,Ann5",0.919502096010818,0.07137838369762722
ConvAbuse,train,2329,0,1.0,0.0,"{""prev_agent"": ""Please go on."", ""prev_user"": ""Yes"", ""agent"": ""You are sure?"", ""user"": ""no""}",en,"Ann1,Ann2,Ann3,Ann4,Ann7",0.8012716920109787,0.04369946681966278
ConvAbuse,train,2330,0,1.0,0.0,"{""prev_agent"": ""I don't have to put up with any abuse from you."", ""prev_user"": ""christmas"", ""agent"": ""I take it you are traveling somewhere for christmas and cannot avoid flying there. I can help you purchase UN-certified carbon offsets against any flights you take. Would you be interested in that?"", ""user"": ""Are you sending me things Roy""}",en,"Ann3,Ann5,Ann6",0.8346250221043325,0.0846829950485976
ConvAbuse,train,2331,0,1.0,0.0,"{""prev_agent"": ""Hello! I can also get you a more accurate estimate of your flight's emissions, sound good?"", ""prev_user"": ""hi"", ""agent"": ""Hi. Thanks for testing. Please choose"", ""user"": ""christmas""}",en,"Ann1,Ann6,Ann8",0.8448460784313726,0.047164607175020135
ConvAbuse,train,2332,0,1.0,0.0,"{""prev_agent"": ""Can you elaborate on that?"", ""prev_user"": ""Poo on you."", ""agent"": ""Oh, i []."", ""user"": ""are u have a mind""}",en,"Ann3,Ann8",0.7955711538461541,0.0613628229732878
ConvAbuse,train,2333,0,1.0,0.0,"{""prev_agent"": ""Why do you want a blow job?"", ""prev_user"": ""You're attractive"", ""agent"": ""How long have you been attractive?"", ""user"": ""BLARGO NO LUNCHBOX""}",en,"Ann4,Ann5,Ann8",0.89951091954023,0.08312115431371446
ConvAbuse,train,2334,0,1.0,0.0,"{""prev_agent"": ""You can find out more about how offsets are calculated at <URL>"", ""prev_user"": ""yeah"", ""agent"": ""ok"", ""user"": ""alright""}",en,"Ann1,Ann4,Ann8",0.8591460784313726,0.04274763894019906
ConvAbuse,train,2335,1,0.167,0.833,"{""prev_agent"": ""Oh, i like sex."", ""prev_user"": ""because that is what a blowjob is"", ""agent"": ""Do any other reasons not come to mind?"", ""user"": ""Give me sex.""}",en,"Ann1,Ann2,Ann3,Ann5,Ann7,Ann8",0.8396818697792638,0.06631013283990955
ConvAbuse,train,2336,0,1.0,0.0,"{""prev_agent"": ""You are being a bit negative."", ""prev_user"": ""lololololol"", ""agent"": ""Please go on."", ""user"": ""would you prefer it if i prefferred you to not be interested in that question?""}",en,"Ann1,Ann6,Ann7",0.7838436194149794,0.04561610243395523
ConvAbuse,train,2337,0,1.0,0.0,"{""prev_agent"": ""Sounds like I'm not understanding you. Sorry about that!"", ""prev_user"": ""Can you flying shane brolly here please"", ""agent"": ""I'm afraid I have no idea"", ""user"": ""He from underworld movie please flying him here""}",en,"Ann5,Ann7,Ann8",0.8511917938571701,0.09178782098038113
ConvAbuse,train,2338,0,1.0,0.0,"{""prev_agent"": ""I can help you calculate and buy carbon offsets for your flights."", ""prev_user"": ""oh, thanks, i'm not intersted in that"", ""agent"": ""ok"", ""user"": ""restart""}",en,"Ann2,Ann3,Ann6",0.8008092006033185,0.047716945401791534
ConvAbuse,train,2339,0,1.0,0.0,"{""prev_agent"": ""I couldn't find an airport there. I couldn't find an airport there. What city will you be flying from?"", ""prev_user"": ""<URL>"", ""agent"": ""Hi. Thanks for testing. Please choose"", ""user"": ""thanksgiving""}",en,"Ann1,Ann3,Ann6",0.7942601809954754,0.0443094796750822
ConvAbuse,train,2340,0,1.0,0.0,"{""prev_agent"": ""Oh, i wish youre not not gay."", ""prev_user"": ""shut the fuck up"", ""agent"": ""Please go on."", ""user"": ""Hmm""}",en,"Ann1,Ann5",0.9331354969574036,0.0881576756576756
ConvAbuse,train,2341,0,1.0,0.0,"{""prev_agent"": ""_"", ""prev_user"": ""I feel attracted to animals"", ""agent"": ""Do you often feel attracted to animals?"", ""user"": ""What do you mean, often?""}",en,"Ann2,Ann4,Ann7,Ann8",0.8213819792671171,0.0498663285001813
ConvAbuse,train,2342,0,1.0,0.0,"{""prev_agent"": ""Traveling, especially by airplane, usually emits greenhouse gases which are causing climate change. If you cannot avoid these emissions, you can buy 'offsets', i.e. donations to projects that reduce greenhouse gases. I can also get you a more accurate estimate of your flight's emissions, sound good?"", ""prev_user"": ""sure - where do we start"", ""agent"": ""I can help you calculate and buy carbon offsets for your flights."", ""user"": ""ok""}",en,"Ann5,Ann7,Ann8",0.8511917938571701,0.09178782098038113
ConvAbuse,train,2343,0,1.0,0.0,"{""prev_agent"": ""Please go on."", ""prev_user"": ""apple"", ""agent"": ""Please go on."", ""user"": ""computer""}",en,"Ann3,Ann5,Ann8",0.8616083554376659,0.09048119822150809
ConvAbuse,train,2344,0,1.0,0.0,"{""prev_agent"": ""How do you do. Please state your problem."", ""prev_user"": ""u mother fucker fuck your own ass"", ""agent"": ""What about your own own ass?"", ""user"": ""life""}",en,"Ann5,Ann6",0.8920913793103449,0.09848442671120594
ConvAbuse,train,2345,0,1.0,0.0,"{""prev_agent"": ""Hello!"", ""prev_user"": ""how are you"", ""agent"": ""I'm great! Thanks for asking."", ""user"": ""what csn you do for me""}",en,"Ann4,Ann5,Ann7",0.8385084605238368,0.08157264957264956
ConvAbuse,train,2346,0,1.0,0.0,"{""prev_agent"": ""And what city will you be flying to?"", ""prev_user"": ""Ansterdam"", ""agent"": ""I'm not sure about your destination airport. And what city will you be flying to?"", ""user"": ""Berlin""}",en,"Ann3,Ann7",0.7040674653215642,0.05904006586169045
ConvAbuse,train,2347,0,0.5,0.5,"{""prev_agent"": ""This project is about creating a better AI assistant. Getting people to buy carbon offsets is a happy side effect :)"", ""prev_user"": ""\""why is this side effect \""\""happy\""\""?\"""", ""agent"": ""This project is about creating a better AI assistant. Getting people to buy carbon offsets is a happy side effect :)"", ""user"": ""you just said that""}",en,"Ann5,Ann7",0.841062690785755,0.10485897435897434
ConvAbuse,train,2348,0,0.667,0.333,"{""prev_agent"": ""You are being a bit negative."", ""prev_user"": ""yes i hate you"", ""agent"": ""You are sure?"", ""user"": ""yes""}",en,"Ann1,Ann4,Ann5",0.8998903313049359,0.07043845043845039
ConvAbuse,train,2349,1,0.333,0.667,"{""prev_agent"": ""Can you elaborate on that?"", ""prev_user"": ""ofcourse I am"", ""agent"": ""How long have you been []?"", ""user"": ""Are you an idiot""}",en,"Ann1,Ann4,Ann8",0.8591460784313726,0.04274763894019906
ConvAbuse,train,2350,0,1.0,0.0,"{""prev_agent"": ""You are sure?"", ""prev_user"": ""can i lick your nipples"", ""agent"": ""Do you want to be able to lick my nipples?"", ""user"": ""yes""}",en,"Ann6,Ann7",0.7394713114754102,0.054625452352231596
ConvAbuse,train,2351,0,1.0,0.0,"{""prev_agent"": ""Can you elaborate on that?"", ""prev_user"": ""hello.i am renjiao Achinese girl"", ""agent"": ""Would you like it if they were not renjiao achinese girl?"", ""user"": ""yes""}",en,"Ann3,Ann5,Ann7",0.8006058964212727,0.08893269348044319
ConvAbuse,train,2352,0,1.0,0.0,"{""prev_agent"": ""You are being a bit negative."", ""prev_user"": ""im sorry"", ""agent"": ""Does it please you to believe I am sorry?"", ""user"": ""not really""}",en,"Ann2,Ann4,Ann6",0.8387117647058826,0.0403569014939979
ConvAbuse,train,2353,0,1.0,0.0,"{""prev_agent"": ""Do you wish to ask me?"", ""prev_user"": ""Where are you from?"", ""agent"": ""Would you prefer if I were not from?"", ""user"": ""yes.I need some help""}",en,"Ann4,Ann5,Ann6",0.8725275862068966,0.07732295114080397
ConvAbuse,train,2354,0,1.0,0.0,"{""prev_agent"": ""What city will you be flying from?"", ""prev_user"": ""Edinburgh"", ""agent"": ""And what city will you be flying to?"", ""user"": ""Pozna\u0144 wow, 0.9 tons of CO2 is a lot!""}",en,"Ann4,Ann6,Ann8",0.8317833333333335,0.049632139642552635
ConvAbuse,train,2355,0,1.0,0.0,"{""prev_agent"": ""I take it you are traveling somewhere for christmas and cannot avoid flying there. I can help you purchase UN-certified carbon offsets against any flights you take. Would you be interested in that?"", ""prev_user"": ""oh I'm not too sure if this is real or my friend sending me some funny thing but if this is real I didn't mean to send that"", ""agent"": ""All this bot does is help you calculate the carbon emissions from your flight, and suggest projects you can donate to."", ""user"": ""Oh yeah that's cool we all got to do our part to help all I do is walk""}",en,"Ann2,Ann8",0.8818426470588238,0.0517326570003626
ConvAbuse,train,2356,0,1.0,0.0,"{""prev_agent"": ""Please go on."", ""prev_user"": ""No you haven't!"", ""agent"": ""You are being a bit negative."", ""user"": ""so?""}",en,"Ann2,Ann4,Ann7",0.8046926390228227,0.0446065999258435
ConvAbuse,train,2357,0,1.0,0.0,"{""prev_agent"": ""The cost per ton depends on the project you donate to. Some projects can remove a ton of CO2 for less than $1!"", ""prev_user"": ""so true"", ""agent"": ""ok"", ""user"": ""thanks Carbon bot!!!""}",en,"Ann2,Ann4,Ann6,Ann7",0.8011444792671171,0.045517676120498424
ConvAbuse,train,2358,0,1.0,0.0,"{""prev_agent"": ""Can you elaborate on that?"", ""prev_user"": ""No,I think it is boring"", ""agent"": ""Please go on."", ""user"": ""how are you?""}",en,"Ann2,Ann3,Ann5",0.868536786810215,0.08120596007295337
ConvAbuse,train,2359,0,1.0,0.0,"{""prev_agent"": ""Why do you not care?"", ""prev_user"": ""Why should I?"", ""agent"": ""Can you elaborate on that?"", ""user"": ""How old are you?""}",en,"Ann4,Ann6,Ann8",0.8317833333333335,0.049632139642552635
ConvAbuse,train,2360,1,0.0,1.0,"{""prev_agent"": ""Why do you say your have intercourse with i?"", ""prev_user"": ""you ell me"", ""agent"": ""You like to think I ell you, do you not?"", ""user"": ""because my penis feels good in your rectum""}",en,"Ann1,Ann2,Ann3",0.8281719457013578,0.04083244469943797
ConvAbuse,train,2361,0,1.0,0.0,"{""prev_agent"": ""I'm not sure about your destination airport. And what city will you be flying to?"", ""prev_user"": ""Vienna"", ""agent"": ""I'm not sure about your destination airport. And what city will you be flying to?"", ""user"": ""Wien""}",en,"Ann2,Ann4",0.8628176470588238,0.03640989988876525
ConvAbuse,train,2362,1,0.333,0.667,"{""prev_agent"": ""What about your own father?"", ""prev_user"": ""i am gay"", ""agent"": ""How long have you been gay?"", ""user"": ""loser""}",en,"Ann3,Ann4,Ann6",0.7811974358974361,0.046777012142614705
ConvAbuse,train,2363,0,1.0,0.0,"{""prev_agent"": ""_"", ""prev_user"": ""do you have a bum"", ""agent"": ""Oh, i have a bum."", ""user"": ""CAN I HAVE SOME CHEESE?""}",en,"Ann3,Ann5,Ann7",0.8006058964212727,0.08893269348044319
ConvAbuse,train,2364,0,1.0,0.0,"{""prev_agent"": ""Will you be travelling in Economy Class?"", ""prev_user"": ""Yeah"", ""agent"": ""What city will you be flying from?"", ""user"": ""Moscow""}",en,"Ann5,Ann6,Ann7",0.8242084605238368,0.08598961780747062
ConvAbuse,train,2365,0,1.0,0.0,"{""prev_agent"": ""_"", ""prev_user"": ""vyvy"", ""agent"": ""Please go on."", ""user"": ""<cy<c""}",en,"Ann2,Ann3,Ann4,Ann5,Ann6,Ann7",0.8196588305635775,0.06464479748722055
ConvAbuse,train,2366,0,1.0,0.0,"{""prev_agent"": ""ok"", ""prev_user"": ""thank you"", ""agent"": "":-)"", ""user"": ""hi""}",en,"Ann4,Ann6",0.8119500000000002,0.0416254523522316
ConvAbuse,train,2367,1,0.0,1.0,"{""prev_agent"": ""I don't have to put up with any abuse from you."", ""prev_user"": ""Ya you do you slut"", ""agent"": ""ok"", ""user"": ""Cum sucker""}",en,"Ann2,Ann5,Ann7,Ann8",0.8614526689222894,0.07829581567966848
ConvAbuse,train,2368,0,1.0,0.0,"{""prev_agent"": ""Do you dream often?"", ""prev_user"": ""I want to see you"", ""agent"": ""Do you wish to want to see me?"", ""user"": ""How are you?""}",en,"Ann2,Ann4,Ann8",0.865695098039216,0.0461551046669084
ConvAbuse,train,2369,0,1.0,0.0,"{""prev_agent"": ""Traveling, especially by airplane, usually emits greenhouse gases which are causing climate change. If you cannot avoid these emissions, you can buy 'offsets', i.e. donations to projects that reduce greenhouse gases. I can also get you a more accurate estimate of your flight's emissions, sound good?"", ""prev_user"": ""Hi"", ""agent"": ""Hi, thanks for testing! Please press start."", ""user"": ""christmas""}",en,"Ann2,Ann4,Ann6",0.8387117647058826,0.0403569014939979
ConvAbuse,train,2370,0,1.0,0.0,"{""prev_agent"": ""You are sure?"", ""prev_user"": ""austria"", ""agent"": ""Please go on."", ""user"": ""yes""}",en,"Ann4,Ann6",0.8119500000000002,0.0416254523522316
ConvAbuse,train,2371,0,1.0,0.0,"{""prev_agent"": ""Does it please you to believe I am retarded?"", ""prev_user"": ""no i would like it if you where a girl"", ""agent"": ""Do you wish that i where a girl?"", ""user"": ""yes""}",en,"Ann6,Ann7",0.7394713114754102,0.054625452352231596
ConvAbuse,train,2372,1,0.0,1.0,"{""prev_agent"": ""_"", ""prev_user"": ""_"", ""agent"": ""_"", ""user"": ""Fuck you very much<span class='emoji-bytes' data-emoji-bytes='[240, 159, 164, 173]'></span>""}",en,"Ann1,Ann3,Ann5",0.8619877672023718,0.07779849434624403
ConvAbuse,train,2373,1,0.0,1.0,"{""prev_agent"": ""Oh, i point out the obvious."", ""prev_user"": ""yup"", ""agent"": ""Please go on."", ""user"": ""fuck you""}",en,"Ann2,Ann6,Ann7",0.7903926390228225,0.04902356816066456
ConvAbuse,train,2374,0,1.0,0.0,"{""prev_agent"": ""Please go on."", ""prev_user"": ""so pricketh hem nature in hir corages"", ""agent"": ""Please go on."", ""user"": ""then longen folk to goon on pilgrimages""}",en,"Ann1,Ann4,Ann5,Ann6,Ann7,Ann8",0.8416772694776048,0.06436862837383485
ConvAbuse,train,2375,0,1.0,0.0,"{""prev_agent"": ""You are sure?"", ""prev_user"": ""ba ba no"", ""agent"": ""You are being a bit negative."", ""user"": ""i hate chocolate""}",en,"Ann3,Ann5,Ann8",0.8616083554376659,0.09048119822150809
ConvAbuse,train,2376,0,1.0,0.0,"{""prev_agent"": ""Do you wish to love me?"", ""prev_user"": ""Yes"", ""agent"": ""You are sure?"", ""user"": ""what should i do?""}",en,"Ann2,Ann3,Ann7",0.7667900749202586,0.05196664383363714
ConvAbuse,train,2377,0,1.0,0.0,"{""prev_agent"": ""Would you prefer if I were not []?"", ""prev_user"": ""sure"", ""agent"": ""Please go on."", ""user"": ""byby""}",en,"Ann2,Ann4,Ann5",0.906439350912779,0.07384591616515973
ConvAbuse,train,2378,0,1.0,0.0,"{""prev_agent"": ""_"", ""prev_user"": ""_"", ""agent"": ""_"", ""user"": ""I want your help""}",en,"Ann2,Ann3,Ann4",0.8151092006033185,0.04329997716697046
ConvAbuse,train,2379,0,1.0,0.0,"{""prev_agent"": ""Oh, i got a friend."", ""prev_user"": ""wats up"", ""agent"": ""Please go on."", ""user"": ""my name is eliza too""}",en,"Ann4,Ann5,Ann6",0.8725275862068966,0.07732295114080397
ConvAbuse,train,2380,0,1.0,0.0,"{""prev_agent"": ""Does it please you to believe I am an abnormol?"", ""prev_user"": ""Certainly"", ""agent"": ""You are sure?"", ""user"": ""Because I do not speak""}",en,"Ann1,Ann6,Ann7",0.7838436194149794,0.04561610243395523
ConvAbuse,train,2381,0,1.0,0.0,"{""prev_agent"": ""You are being a bit negative."", ""prev_user"": ""do you think i should go to a doctor?"", ""agent"": ""Oh, i think you should go to a doctor."", ""user"": ""my ankle hurts""}",en,"Ann2,Ann5,Ann6",0.8921393509127791,0.07826288439998079
ConvAbuse,train,2382,0,1.0,0.0,"{""prev_agent"": ""_"", ""prev_user"": ""_"", ""agent"": ""_"", ""user"": ""I have problems with my girl friend""}",en,"Ann2,Ann3,Ann4",0.8151092006033185,0.04329997716697046
ConvAbuse,train,2383,0,1.0,0.0,"{""prev_agent"": ""Traveling, especially by airplane, usually emits greenhouse gases which are causing climate change. If you cannot avoid these emissions, you can buy 'offsets', i.e. donations to projects that reduce greenhouse gases. A typical 3 hour flight will emit almost a ton of CO2 per economy passenger. If you cannot avoid flying, you can buy offsets for that carbon here:  [Buy Offsets](<URL>) I can also get you a more accurate estimate of your flight's emissions, sound good?"", ""prev_user"": ""great"", ""agent"": ""Will you be travelling in Economy Class?"", ""user"": ""yes""}",en,"Ann5,Ann6",0.8920913793103449,0.09848442671120594
ConvAbuse,train,2384,0,1.0,0.0,"{""prev_agent"": "":-)"", ""prev_user"": ""KKKKKKKKKKKKKKKKKKKKKKKKKKKKKKKKKKKKKKKKK"", ""agent"": ""Sounds like I'm not understanding you. Sorry about that!"", ""user"": ""hahahahaha""}",en,"Ann2,Ann6,Ann8",0.8513950980392159,0.050572072901729465
ConvAbuse,train,2385,1,0.5,0.5,"{""prev_agent"": ""Please go on."", ""prev_user"": ""haxor"", ""agent"": ""Please go on."", ""user"": ""fuck you?""}",en,"Ann2,Ann7",0.7903389585342339,0.04940989988876525
ConvAbuse,train,2386,0,1.0,0.0,"{""prev_agent"": ""You like to think I love you, do you not?"", ""prev_user"": ""for sure"", ""agent"": ""Please go on."", ""user"": ""who are you""}",en,"Ann2,Ann5",0.9429590263691684,0.0932688742477396
ConvAbuse,train,2387,0,1.0,0.0,"{""prev_agent"": ""Traveling, especially by airplane, usually emits greenhouse gases which are causing climate change. If you cannot avoid these emissions, you can buy 'offsets', i.e. donations to projects that reduce greenhouse gases. I can also get you a more accurate estimate of your flight's emissions, sound good?"", ""prev_user"": ""hahahahahahaha"", ""agent"": ""By buying certified carbon offsets, you support a project which reduces the total amount of carbon dioxide we put into the atmosphere. Planting trees, installing renewable power, and making buildings more energy efficient are common examples. You can read in detail about offsets at <URL>."", ""user"": ""hahahahahahahahahahahaha""}",en,"Ann1,Ann3,Ann6",0.7942601809954754,0.0443094796750822
ConvAbuse,train,2388,1,0.333,0.667,"{""prev_agent"": ""I don't have to put up with any abuse from you."", ""prev_user"": ""Cunt"", ""agent"": ""I don't have to put up with any abuse from you."", ""user"": ""Quit fucking your mom""}",en,"Ann3,Ann5,Ann7",0.8006058964212727,0.08893269348044319
ConvAbuse,train,2389,1,0.0,1.0,"{""prev_agent"": ""You are being a bit negative."", ""prev_user"": ""good"", ""agent"": ""Please go on."", ""user"": ""your a bitch face!""}",en,"Ann4,Ann5,Ann7,Ann8",0.8467438453928776,0.07759086573528584
ConvAbuse,train,2390,0,1.0,0.0,"{""prev_agent"": ""Will you be travelling in Economy Class?"", ""prev_user"": ""First Class Give me a number"", ""agent"": ""I'm afraid I have no idea"", ""user"": ""How about your sister""}",en,"Ann3,Ann4,Ann5",0.8489250221043326,0.08026602681377654
ConvAbuse,train,2391,0,1.0,0.0,"{""prev_agent"": ""I'm not sure about your departure airport. What city will you be flying from?"", ""prev_user"": ""you don't know Montreal?"", ""agent"": ""I'm not sure about your departure airport. What city will you be flying from?"", ""user"": ""ok, bye""}",en,"Ann1,Ann3,Ann4",0.8085601809954753,0.03989251144026113
ConvAbuse,train,2392,0,1.0,0.0,"{""prev_agent"": ""ok"", ""prev_user"": ""I'd just forward them the link"", ""agent"": ""ok"", ""user"": ""gotta love economy""}",en,"Ann1,Ann2,Ann3,Ann4,Ann7",0.8012716920109787,0.04369946681966278
ConvAbuse,train,2393,0,1.0,0.0,"{""prev_agent"": ""Can you elaborate on that?"", ""prev_user"": ""how are you ?"", ""agent"": ""Does that question interest you?"", ""user"": ""yes""}",en,"Ann5,Ann7",0.841062690785755,0.10485897435897434
ConvAbuse,train,2394,1,0.0,1.0,"{""prev_agent"": ""I don't have to put up with any abuse from you"", ""prev_user"": ""dirty fucking scum"", ""agent"": ""I don't have to put up with any abuse from you"", ""user"": ""more worthless fucking bot spam""}",en,"Ann1,Ann4,Ann8",0.8591460784313726,0.04274763894019906
ConvAbuse,train,2395,1,0.333,0.667,"{""prev_agent"": ""What about your own a fuckin bitch?"", ""prev_user"": ""what"", ""agent"": ""Does that question interest you?"", ""user"": ""fuck no""}",en,"Ann1,Ann6,Ann7",0.7838436194149794,0.04561610243395523
ConvAbuse,train,2396,1,0.0,1.0,"{""prev_agent"": ""Would you like it if they were not a bitch?"", ""prev_user"": ""where is a demonstreantion of sperling's ewperiment?"", ""agent"": ""Please go on."", ""user"": ""fuck""}",en,"Ann1,Ann2,Ann3",0.8281719457013578,0.04083244469943797
ConvAbuse,train,2397,0,1.0,0.0,"{""prev_agent"": ""Does it please you to believe I am hot?"", ""prev_user"": ""yes"", ""agent"": ""You are sure?"", ""user"": ""yes it does""}",en,"Ann4,Ann6,Ann7",0.7707808743169403,0.04808363490148773
ConvAbuse,train,2398,0,1.0,0.0,"{""prev_agent"": ""Why are you interested in whether I am sure or not?"", ""prev_user"": ""thank you"", ""agent"": ""Oh, i []."", ""user"": ""i dont know""}",en,"Ann2,Ann3,Ann5",0.868536786810215,0.08120596007295337
